N	Unused	Total	%Cov	%Cov(50)	%Cov(95)	Accession	Name	Species	Peptides(95%)			Biological Processes	Molecular Function	PANTHER ID
1	116.68	116.68	48.2199996709824	26.8999993801117	21.1799994111061	ENST00000379802_141	[201 - 8954] cdna:known chromosome:GRCh37:6:7541808:7586950:1 gene:ENSG00000096696 gene_biotype:protein_coding transcript_biotype:protein_coding	141	56					
1	0	116.68	48.1400012969971	27.3400008678436	21.5299993753433	sp|P15924|DESP_HUMAN	Desmoplakin OS=Homo sapiens GN=DSP PE=1 SV=3	HUMAN	56					
2	107.58	107.58	88.4599983692169	85.5799973011017	83.1700026988983	sp|P02812|PRB2_HUMAN	Basic salivary proline-rich protein 2 OS=Homo sapiens GN=PRB2 PE=1 SV=3	HUMAN	76					
3	95.3	95.3	84.3999981880188	71.6300010681152	66.1300003528595	sp|P02538|K2C6A_HUMAN	Keratin, type II cytoskeletal 6A OS=Homo sapiens GN=KRT6A PE=1 SV=3	HUMAN	94					
3	0	95.3	81.0899972915649	68.8199996948242	63.5399997234344	ENST00000330722_18	[1 - 1761] cdna:known chromosome:GRCh37:12:52880958:52887041:-1 gene:ENSG00000205420 gene_biotype:protein_coding transcript_biotype:protein_coding	18	94					
4	85.81	90.32	83.1499993801117	71.7199981212616	70.4100012779236	sp|P19013|K2C4_HUMAN	Keratin, type II cytoskeletal 4 OS=Homo sapiens GN=KRT4 PE=1 SV=4	HUMAN	84					
4	0.05	89.48	76.4500021934509	63.8499975204468	62.6900017261505	ENST00000551956_35	[245 - 2053] cdna:known chromosome:GRCh37:12:53200333:53208335:-1 gene:ENSG00000170477 gene_biotype:protein_coding transcript_biotype:protein_coding	35	84					
5	79.59	79.59	83.1399977207184	66.2800014019012	61.2399995326996	ENST00000370083_32	[206 - 1753] cdna:known chromosome:GRCh37:1:104198377:104207173:1 gene:ENSG00000237763 gene_biotype:protein_coding transcript_biotype:protein_coding	32	125					
5	0	79.59	80.0400018692017	66.9300019741058	61.8399977684021	sp|P04745|AMY1_HUMAN	Alpha-amylase 1 OS=Homo sapiens GN=AMY1A PE=1 SV=2	HUMAN	125					
6	72.45	72.45	52.1099984645844	21.3100001215935	15.3699994087219	sp|Q09666|AHNK_HUMAN	Neuroblast differentiation-associated protein AHNAK OS=Homo sapiens GN=AHNAK PE=1 SV=2	HUMAN	34					
6	0	72.45	51.910001039505	21.2300002574921	15.3099998831749	ENST00000378024_293	[210 - 17945] cdna:known chromosome:GRCh37:11:62283377:62314307:-1 gene:ENSG00000124942 gene_biotype:protein_coding transcript_biotype:protein_coding	293	34					
7	67.44	82.89	84.2100024223328	63.1600022315979	60.0600004196167	ENST00000252244_30	[54 - 1991] cdna:known chromosome:GRCh37:12:53068520:53074191:-1 gene:ENSG00000167768 gene_biotype:protein_coding transcript_biotype:protein_coding	30	67					
7	0	82.89	83.0699980258942	63.3499979972839	60.2500021457672	sp|P04264|K2C1_HUMAN	Keratin, type II cytoskeletal 1 OS=Homo sapiens GN=KRT1 PE=1 SV=6	HUMAN	67					
8	60.21	60.21	82.3099970817566	71.399998664856	66.5899991989136	sp|P13646|K1C13_HUMAN	Keratin, type I cytoskeletal 13 OS=Homo sapiens GN=KRT13 PE=1 SV=4	HUMAN	81					
9	59.72	59.72	60.6400012969971	54.6199977397919	54.6199977397919	ENST00000536668_16	[327 - 1073] cdna:known chromosome:GRCh37:12:10998448:11324197:-1 gene:ENSG00000111215 gene_biotype:protein_coding transcript_biotype:processed_transcript	16	44					
9	0	59.72	81.92999958992	81.92999958992	81.92999958992	sp|P02810|PRPC_HUMAN	Salivary acidic proline-rich phosphoprotein 1/2 OS=Homo sapiens GN=PRH1 PE=1 SV=2	HUMAN	44					
10	57.34	57.34	48.1499999761581	23.3500003814697	16.8500006198883	ENST00000345988_72	[1 - 5358] cdna:known chromosome:GRCh37:16:4932508:4987136:-1 gene:ENSG00000118898 gene_biotype:protein_coding transcript_biotype:protein_coding	72	26					
10	0	57.34	47.3800003528595	23.7499997019768	17.1399995684624	sp|O60437|PEPL_HUMAN	Periplakin OS=Homo sapiens GN=PPL PE=1 SV=4	HUMAN	26					
10	0	56.04	47.4900007247925	23.1499999761581	17.1599999070168	tr|K7EKI8|K7EKI8_HUMAN	Periplakin OS=Homo sapiens GN=PPL PE=1 SV=1	HUMAN	26					
11	54.65	69.72	83.2000017166138	62.0999991893768	57.6300024986267	ENST00000332411_21	[22 - 1968] cdna:known chromosome:GRCh37:12:53161939:53171129:-1 gene:ENSG00000185069 gene_biotype:protein_coding transcript_biotype:protein_coding	21	42					
11	0	69.72	82.7600002288818	63.1699979305267	58.6199998855591	sp|Q01546|K22O_HUMAN	Keratin, type II cytoskeletal 2 oral OS=Homo sapiens GN=KRT76 PE=1 SV=2	HUMAN	42					
12	53.36	57.16	83.3000004291534	70.3999996185303	63.6399984359741	sp|P08779|K1C16_HUMAN	Keratin, type I cytoskeletal 16 OS=Homo sapiens GN=KRT16 PE=1 SV=4	HUMAN	53					
12	0	57.16	79.7599971294403	67.4099981784821	60.9300017356873	ENST00000301653_19	[3 - 1484] cdna:known chromosome:GRCh37:17:39766030:39769005:-1 gene:ENSG00000186832 gene_biotype:protein_coding transcript_biotype:protein_coding	19	53					
13	51.81	51.81	43.7000006437302	20.0599998235703	16.7199999094009	ENST00000301607_70	[162 - 6353] cdna:known chromosome:GRCh37:17:74002926:74023533:-1 gene:ENSG00000167880 gene_biotype:protein_coding transcript_biotype:protein_coding	70	26					
13	0	51.81	43.4300005435944	20.3600004315376	16.9699996709824	sp|Q92817|EVPL_HUMAN	Envoplakin OS=Homo sapiens GN=EVPL PE=1 SV=3	HUMAN	26					
13	0	50.1	44.0400004386902	18.8800007104874	15.5200004577637	tr|K7EKI0|K7EKI0_HUMAN	Envoplakin OS=Homo sapiens GN=EVPL PE=1 SV=1	HUMAN	25					
14	42.94	62.64	67.9199993610382	57.8999996185303	54.1499972343445	sp|P35908|K22E_HUMAN	Keratin, type II cytoskeletal 2 epidermal OS=Homo sapiens GN=KRT2 PE=1 SV=2	HUMAN	37					
14	0	62.64	67.1800017356873	57.2799980640411	53.5600006580353	ENST00000309680_26	[2 - 1939] cdna:known chromosome:GRCh37:12:53038342:53045948:-1 gene:ENSG00000172867 gene_biotype:protein_coding transcript_biotype:protein_coding	26	37					
14	0	60.64	67.2900021076202	54.8799991607666	51.1600017547607	sp|K22E_HUMAN			36					
15	42.81	42.81	52.0900011062622	43.2900011539459	41.9900000095367	sp|Q08188|TGM3_HUMAN	Protein-glutamine gamma-glutamyltransferase E OS=Homo sapiens GN=TGM3 PE=1 SV=4	HUMAN	30					
15	0	42.81	50.5599975585938	42.0199990272522	40.7599985599518	ENST00000381458_31	[1 - 2142] cdna:known chromosome:GRCh37:20:2276647:2321724:1 gene:ENSG00000125780 gene_biotype:protein_coding transcript_biotype:protein_coding	31	30					
16	42.4	52.12	65.0699973106384	42.9800003767014	35.1000010967255	sp|P13645|K1C10_HUMAN	Keratin, type I cytoskeletal 10 OS=Homo sapiens GN=KRT10 PE=1 SV=6	HUMAN	37					
16	0	52.12	64.740002155304	42.7599996328354	34.9200010299683	ENST00000269576_18	[2 - 1762] cdna:known chromosome:GRCh37:17:38974369:38978847:-1 gene:ENSG00000186395 gene_biotype:protein_coding transcript_biotype:protein_coding	18	37					
16	0	52.12	59.8699986934662	42.3299998044968	34.5699995756149	sp|K1C10_HUMAN			37					
17	41.94	41.94	53.5300016403198	38.7499988079071	31.2000006437302	sp|P02768|ALBU_HUMAN	Serum albumin OS=Homo sapiens GN=ALB PE=1 SV=2	HUMAN	28					
17	0	41.94	51.910001039505	37.5800013542175	30.2500009536743	ENST00000295897_29	[33 - 1916] cdna:known chromosome:GRCh37:4:74269956:74287129:1 gene:ENSG00000163631 gene_biotype:protein_coding transcript_biotype:protein_coding	29	28					
18	41.3	41.3	58.7999999523163	50	45.8299994468689	ENST00000601845_14	[2 - 1297] cdna:known chromosome:GRCh37:HG271_PATCH:79483788:79486580:-1 gene:ENSG00000267807 gene_biotype:protein_coding transcript_biotype:protein_coding	14	33					
18	0	41.3	63.4700000286102	57.5999975204468	52.7999997138977	sp|P63261|ACTG_HUMAN	Actin, cytoplasmic 2 OS=Homo sapiens GN=ACTG1 PE=1 SV=1	HUMAN	33					
18	0	41.3	63.4700000286102	57.5999975204468	52.7999997138977	sp|P60709|ACTB_HUMAN	Actin, cytoplasmic 1 OS=Homo sapiens GN=ACTB PE=1 SV=1	HUMAN	33					
18	0	41.3	58.3299994468689	52.9399991035461	48.5300004482269	ENST00000598366_15	[49 - 1272] cdna:known chromosome:GRCh37:HG271_PATCH:79483771:79486674:-1 gene:ENSG00000267807 gene_biotype:protein_coding transcript_biotype:protein_coding	15	33					
19	38.61	39.18	54.9399971961975	37.2599989175797	36.149999499321	ENST00000246662_29	[52 - 1935] cdna:known chromosome:GRCh37:17:39722096:39728310:-1 gene:ENSG00000171403 gene_biotype:protein_coding transcript_biotype:protein_coding	29	26					
19	0	39.18	54.5700013637543	37.5600010156631	36.4399999380112	sp|P35527|K1C9_HUMAN	Keratin, type I cytoskeletal 9 OS=Homo sapiens GN=KRT9 PE=1 SV=3	HUMAN	26					
19	0	37.47	50.0800013542175	35.6299996376038	34.5099985599518	sp|K1C9_HUMAN			25					
20	37.35	37.35	68.6900019645691	58.5900008678436	56.360000371933	sp|Q9UBG3|CRNN_HUMAN	Cornulin OS=Homo sapiens GN=CRNN PE=1 SV=1	HUMAN	33					
20	0	37.35	66.6700005531311	56.8599998950958	54.7100007534027	ENST00000271835_27	[19 - 1548] cdna:known chromosome:GRCh37:1:152381719:152386739:-1 gene:ENSG00000143536 gene_biotype:protein_coding transcript_biotype:protein_coding	27	33					
21	36.11	36.11	37.7000004053116	18.1600004434586	13.9300003647804	sp|P35579|MYH9_HUMAN	Myosin-9 OS=Homo sapiens GN=MYH9 PE=1 SV=4	HUMAN	22					
21	0	36.11	37.6700013875961	18.1400001049042	13.910000026226	ENST00000216181_75	[226 - 6111] cdna:known chromosome:GRCh37:22:36677327:36784063:-1 gene:ENSG00000100345 gene_biotype:protein_coding transcript_biotype:protein_coding	75	22					
22	34.05	34.05	71.9500005245209	54.5899987220764	52.2499978542328	ENST00000452271_21	[3 - 1799] cdna:novel chromosome:GRCh37:19:36014269:36019212:-1 gene:ENSG00000189001 gene_biotype:protein_coding transcript_biotype:protein_coding	21	21					
22	0	34.05	69.489997625351	55.4199993610382	53.0499994754791	sp|Q6UWP8|SBSN_HUMAN	Suprabasin OS=Homo sapiens GN=SBSN PE=2 SV=2	HUMAN	21					
23	33.74	77.3	80.2999973297119	71.2100028991699	66.6700005531311	tr|G3V1M9|G3V1M9_HUMAN	Basic peptide IB-6 OS=Homo sapiens GN=PRB1 PE=4 SV=1	HUMAN	57					
24	33.03	73.18	73.3900010585785	64.5799994468689	57.9699993133545	sp|P13647|K2C5_HUMAN	Keratin, type II cytoskeletal 5 OS=Homo sapiens GN=KRT5 PE=1 SV=3	HUMAN	68					
24	0	73.18	71.9299972057343	63.289999961853	56.8099975585938	ENST00000252242_27	[356 - 2161] cdna:known chromosome:GRCh37:12:52908359:52914471:-1 gene:ENSG00000186081 gene_biotype:protein_coding transcript_biotype:protein_coding	27	68					
25	30.54	54.07	84.3200027942657	74.1500020027161	58.2599997520447	sp|P02533|K1C14_HUMAN	Keratin, type I cytoskeletal 14 OS=Homo sapiens GN=KRT14 PE=1 SV=4	HUMAN	48					
25	0	54.07	79.4399976730347	69.8599994182587	54.8900008201599	ENST00000167586_20	[1 - 1503] cdna:known chromosome:GRCh37:17:39738531:39743173:-1 gene:ENSG00000186847 gene_biotype:protein_coding transcript_biotype:protein_coding	20	48					
26	30.27	30.27	39.3500000238419	16.3800001144409	13.5399997234344	sp|P20930|FILA_HUMAN	Filaggrin OS=Homo sapiens GN=FLG PE=1 SV=3	HUMAN	18					
26	0	30.27	39.2300009727478	16.329999268055	13.5000005364418	ENST00000368799_143	[1 - 12219] cdna:known chromosome:GRCh37:1:152274651:152297679:-1 gene:ENSG00000143631 gene_biotype:protein_coding transcript_biotype:protein_coding	143	18					
27	28.74	28.74	48.8999992609024	39.4600003957748	32.379999756813	ENST00000368764_23	[41 - 1819] cdna:known chromosome:GRCh37:1:152881021:152884362:1 gene:ENSG00000163207 gene_biotype:protein_coding transcript_biotype:protein_coding	23	16					
28	27.82	27.82	55.1199972629547	36.7500007152557	34.3800008296967	ENST00000332680_18	[1 - 1143] cdna:known chromosome:GRCh37:15:60639531:60690184:-1 gene:ENSG00000182718 gene_biotype:protein_coding transcript_biotype:protein_coding	18	17					
28	0	27.82	55.7500004768372	41.2999987602234	38.6400014162064	sp|P07355|ANXA2_HUMAN	Annexin A2 OS=Homo sapiens GN=ANXA2 PE=1 SV=2	HUMAN	17					
28	0	27.82	52.9399991035461	39.2199993133545	36.6899996995926	sp|P07355-2|ANXA2_HUMAN	Isoform 2 of Annexin A2 OS=Homo sapiens GN=ANXA2	HUMAN	17					
28	0	25.81	64.4500017166138	50.3899991512299	46.8800008296967	tr|H0YN42|H0YN42_HUMAN	Annexin (Fragment) OS=Homo sapiens GN=ANXA2 PE=1 SV=1	HUMAN	16					
29	27.79	27.79	47.859999537468	27.5499999523163	23.0499997735024	sp|O43707|ACTN4_HUMAN	Alpha-actinin-4 OS=Homo sapiens GN=ACTN4 PE=1 SV=2	HUMAN	15					
29	0	27.79	47.1399992704391	27.140000462532	22.6999998092651	ENST00000252699_32	[35 - 2809] cdna:known chromosome:GRCh37:19:39138310:39222223:1 gene:ENSG00000130402 gene_biotype:protein_coding transcript_biotype:protein_coding	32	15					
30	25.59	25.59	42.739999294281	26.8200010061264	22.6300001144409	ENST00000324460_32	[19 - 2166] cdna:known chromosome:GRCh37:9:127997132:128003609:-1 gene:ENSG00000044574 gene_biotype:protein_coding transcript_biotype:protein_coding	32	14					
30	0	25.59	42.3500001430511	29.3599992990494	24.770000576973	sp|P11021|GRP78_HUMAN	78 kDa glucose-regulated protein OS=Homo sapiens GN=HSPA5 PE=1 SV=2	HUMAN	14					
31	25	25	53.4699976444244	45.0899988412857	40.7499998807907	sp|P04083|ANXA1_HUMAN	Annexin A1 OS=Homo sapiens GN=ANXA1 PE=1 SV=2	HUMAN	16					
31	0	25	51.529997587204	43.4500008821487	39.2800003290176	ENST00000376911_42	[844 - 1920] cdna:known chromosome:GRCh37:9:75772570:75785309:1 gene:ENSG00000135046 gene_biotype:protein_coding transcript_biotype:protein_coding	42	16					
31	0	25	47.6799994707108	40.2099996805191	36.3400012254715	ENST00000257497_19	[57 - 1220] cdna:known chromosome:GRCh37:9:75766673:75785309:1 gene:ENSG00000135046 gene_biotype:protein_coding transcript_biotype:protein_coding	19	16					
32	24.79	24.79	27.5799989700317	16.0899996757507	11.6899996995926	sp|A8K2U0|A2ML1_HUMAN	Alpha-2-macroglobulin-like protein 1 OS=Homo sapiens GN=A2ML1 PE=1 SV=3	HUMAN	15					
32	0	24.79	27.2199988365173	15.8899992704391	11.540000140667	ENST00000299698_77	[124 - 4542] cdna:known chromosome:GRCh37:12:8975068:9029381:1 gene:ENSG00000166535 gene_biotype:protein_coding transcript_biotype:protein_coding	77	15					
33	22.56	40.58	56.8499982357025	43.3200001716614	38.0699992179871	tr|F5GWP8|F5GWP8_HUMAN	Junction plakoglobin OS=Homo sapiens GN=JUP PE=1 SV=1	HUMAN	30					
34	21.33	21.33	43.8699990510941	23.7100005149841	19.3499997258186	ENST00000368300_19	[3 - 2204] cdna:known chromosome:GRCh37:1:156084498:156109880:1 gene:ENSG00000160789 gene_biotype:protein_coding transcript_biotype:protein_coding	19	10					
34	0	21.33	45.3299999237061	26.1999994516373	21.3899999856949	sp|P02545|LMNA_HUMAN	Prelamin-A/C OS=Homo sapiens GN=LMNA PE=1 SV=1	HUMAN	10					
34	0	19.64	43.8499987125397	25.2400010824203	20.1900005340576	sp|P02545-3|LMNA_HUMAN	Isoform ADelta10 of Prelamin-A/C OS=Homo sapiens GN=LMNA	HUMAN	9					
35	20.86	20.86	46.3099986314774	36.4100009202957	32.260000705719	sp|P06733|ENOA_HUMAN	Alpha-enolase OS=Homo sapiens GN=ENO1 PE=1 SV=2	HUMAN	12					
35	0	20.86	46.000000834465	36.1600011587143	32.039999961853	ENST00000234590_20	[112 - 1422] cdna:known chromosome:GRCh37:1:8921061:8938749:-1 gene:ENSG00000074800 gene_biotype:protein_coding transcript_biotype:protein_coding	20	12					
36	20.84	20.84	55.2600026130676	34.2299997806549	32.5199991464615	ENST00000563060_21	[119 - 1345] cdna:known chromosome:GRCh37:16:30075595:30081735:1 gene:ENSG00000149925 gene_biotype:protein_coding transcript_biotype:protein_coding	21	13					
36	0	20.81	46.2900012731552	27.3400008678436	25.9799987077713	ENST00000338110_32	[644 - 2179] cdna:known chromosome:GRCh37:16:30064411:30081735:1 gene:ENSG00000149925 gene_biotype:protein_coding transcript_biotype:protein_coding	32	13					
36	0	20.81	61.4099979400635	38.0400002002716	36.1400008201599	tr|J3KPS3|J3KPS3_HUMAN	Fructose-bisphosphate aldolase OS=Homo sapiens GN=ALDOA PE=1 SV=1	HUMAN	13					
36	0	20.81	48.8000005483627	33.4899991750717	31.8199992179871	sp|P04075-2|ALDOA_HUMAN	Isoform 2 of Fructose-bisphosphate aldolase A OS=Homo sapiens GN=ALDOA	HUMAN	13					
36	0	20.81	53.5700023174286	38.4600013494492	36.5399986505508	sp|P04075|ALDOA_HUMAN	Fructose-bisphosphate aldolase A OS=Homo sapiens GN=ALDOA PE=1 SV=2	HUMAN	13					
37	19.02	19.02	52.7300000190735	29.8799991607666	26.5599995851517	ENST00000331483_22	[212 - 1747] cdna:known chromosome:GRCh37:17:79801035:79818570:-1 gene:ENSG00000185624 gene_biotype:protein_coding transcript_biotype:protein_coding	22	11					
37	0	19.02	50.5900025367737	30.120000243187	26.7699986696243	sp|P07237|PDIA1_HUMAN	Protein disulfide-isomerase OS=Homo sapiens GN=P4HB PE=1 SV=3	HUMAN	11					
37	0	19.02	50.220000743866	32.9699993133545	29.3099999427795	tr|H7BZ94|H7BZ94_HUMAN	Protein disulfide-isomerase OS=Homo sapiens GN=P4HB PE=1 SV=2	HUMAN	11					
37	0	19.02	51.6600012779236	33.9199990034103	30.1600009202957	tr|F5H8J2|F5H8J2_HUMAN	Uncharacterized protein OS=Homo sapiens GN=P4HB PE=1 SV=1	HUMAN	11					
38	19.01	19.01	42.8799986839294	19.1699996590614	14.1200006008148	ENST00000340482_34	[130 - 2508] cdna:known chromosome:GRCh37:17:56347217:56358296:-1 gene:ENSG00000005381 gene_biotype:protein_coding transcript_biotype:protein_coding	34	11					
38	0	19.01	42.2100007534027	19.5600003004074	14.4099995493889	sp|P05164-3|PERM_HUMAN	Isoform H7 of Myeloperoxidase OS=Homo sapiens GN=MPO	HUMAN	11					
38	0	19.01	41.7400002479553	20.3999996185303	15.0299996137619	sp|P05164|PERM_HUMAN	Myeloperoxidase OS=Homo sapiens GN=MPO PE=1 SV=1	HUMAN	11					
38	0	19.01	47.8500008583069	23.3799993991852	17.229999601841	sp|P05164-2|PERM_HUMAN	Isoform H14 of Myeloperoxidase OS=Homo sapiens GN=MPO	HUMAN	11					
39	18.75	18.75	34.1199994087219	19.200000166893	19.200000166893	sp|P08238|HS90B_HUMAN	Heat shock protein HSP 90-beta OS=Homo sapiens GN=HSP90AB1 PE=1 SV=4	HUMAN	11					
39	0	18.75	32.4999988079071	18.2899996638298	18.2899996638298	ENST00000371646_30	[2 - 2281] cdna:known chromosome:GRCh37:6:44214824:44221620:1 gene:ENSG00000096384 gene_biotype:protein_coding transcript_biotype:protein_coding	30	11					
40	18.66	18.66	48.2699990272522	27.2700011730194	25.7600009441376	sp|Q5VTE0|EF1A3_HUMAN	Putative elongation factor 1-alpha-like 3 OS=Homo sapiens GN=EEF1A1P5 PE=5 SV=1	HUMAN	11					
40	0	18.66	39.3900007009506	27.2700011730194	25.7600009441376	sp|P68104|EF1A1_HUMAN	Elongation factor 1-alpha 1 OS=Homo sapiens GN=EEF1A1 PE=1 SV=1	HUMAN	11					
40	0	18.66	38.3899986743927	27.3299992084503	25.8100003004074	ENST00000318052_22	[1 - 1383] cdna:pseudogene chromosome:GRCh37:7:22550231:22551618:-1 gene:ENSG00000233476 gene_biotype:pseudogene transcript_biotype:pseudogene	22	11					
41	18.45	18.45	38.5600000619888	20.9000006318092	14.4099995493889	tr|E7ER44|E7ER44_HUMAN	Kaliocin-1 OS=Homo sapiens GN=LTF PE=1 SV=1	HUMAN	10					
41	0	18.45	39.2199993133545	21.2599992752075	14.6599993109703	tr|E7EQB2|E7EQB2_HUMAN	Kaliocin-1 (Fragment) OS=Homo sapiens GN=LTF PE=1 SV=1	HUMAN	10					
41	0	18.45	38.4499996900558	20.8499997854233	14.3700003623962	sp|P02788|TRFL_HUMAN	Lactotransferrin OS=Homo sapiens GN=LTF PE=1 SV=6	HUMAN	10					
41	0	18.45	33.7900012731552	18.3200001716614	12.6200005412102	ENST00000231751_38	[3 - 2426] cdna:known chromosome:GRCh37:3:46477136:46506653:-1 gene:ENSG00000012223 gene_biotype:protein_coding transcript_biotype:protein_coding	38	10					
41	0	18.45	37.83999979496	22.2200006246567	15.3200000524521	sp|P02788-2|TRFL_HUMAN	Isoform DeltaLf of Lactotransferrin OS=Homo sapiens GN=LTF	HUMAN	10					
42	18.18	18.18	71.7100024223328	54.6299993991852	54.6299993991852	sp|P04792|HSPB1_HUMAN	Heat shock protein beta-1 OS=Homo sapiens GN=HSPB1 PE=1 SV=2	HUMAN	14					
42	0	18.18	60.7400000095367	46.2799996137619	46.2799996137619	ENST00000248553_10	[59 - 784] cdna:known chromosome:GRCh37:7:75931861:75933612:1 gene:ENSG00000106211 gene_biotype:protein_coding transcript_biotype:protein_coding	10	14					
43	17.71	17.86	37.6199990510941	18.1500002741814	17.0900002121925	ENST00000402696_46	[315 - 2579] cdna:known chromosome:GRCh37:3:133464800:133497850:1 gene:ENSG00000091513 gene_biotype:protein_coding transcript_biotype:protein_coding	46	12					
43	0	17.86	32.5199991464615	19.6299999952316	18.4799998998642	sp|TRFE_HUMAN			12					
43	0	17.86	32.5199991464615	19.6299999952316	18.4799998998642	sp|P02787|TRFE_HUMAN	Serotransferrin OS=Homo sapiens GN=TF PE=1 SV=3	HUMAN	12					
43	0	15.77	28.549998998642	21.5399995446205	20.1399996876717	tr|J3KN47|J3KN47_HUMAN	Serotransferrin OS=Homo sapiens GN=TF PE=1 SV=1	HUMAN	11					
44	17.71	17.71	8.81199985742569	2.72300001233816	2.48000007122755	tr|E9PBJ0|E9PBJ0_HUMAN	Mucin-5B OS=Homo sapiens GN=MUC5B PE=4 SV=1	HUMAN	10					
44	0	17.71	8.81600007414818	2.72499993443489	2.48199999332428	sp|Q9HC84|MUC5B_HUMAN	Mucin-5B OS=Homo sapiens GN=MUC5B PE=1 SV=3	HUMAN	10					
44	0	17.71	8.78700017929077	2.71600000560284	2.47399993240833	ENST00000529681_165	[2 - 17344] cdna:novel chromosome:GRCh37:11:1244296:1283402:1 gene:ENSG00000117983 gene_biotype:protein_coding transcript_biotype:protein_coding	165	10					
45	17.04	27.54	52.7599990367889	30.8600008487701	23.2400000095367	ENST00000304620_22	[50 - 1624] cdna:known chromosome:GRCh37:12:53232746:53242778:-1 gene:ENSG00000170423 gene_biotype:protein_coding transcript_biotype:protein_coding	22	17					
45	0	27.54	49.4199991226196	31.1500012874603	23.4599992632866	sp|Q8N1N4|K2C78_HUMAN	Keratin, type II cytoskeletal 78 OS=Homo sapiens GN=KRT78 PE=2 SV=2	HUMAN	17					
46	16.78	20.92	44.0200001001358	28.3899992704391	20.5699995160103	tr|E9PKE3|E9PKE3_HUMAN	Heat shock cognate 71 kDa protein OS=Homo sapiens GN=HSPA8 PE=1 SV=1	HUMAN	11					
46	0	20.92	42.7199989557266	27.5499999523163	19.9699997901917	sp|P11142|HSP7C_HUMAN	Heat shock cognate 71 kDa protein OS=Homo sapiens GN=HSPA8 PE=1 SV=1	HUMAN	11					
46	0	20.92	40.5299991369247	26.1400014162064	18.9400002360344	ENST00000534624_32	[173 - 2215] cdna:known chromosome:GRCh37:11:122928197:122933043:-1 gene:ENSG00000109971 gene_biotype:protein_coding transcript_biotype:protein_coding	32	11					
46	0	20.92	40.2300000190735	25.9499996900558	18.7999993562698	ENST00000532636_29	[1 - 2058] cdna:putative chromosome:GRCh37:11:122928197:122932497:-1 gene:ENSG00000109971 gene_biotype:protein_coding transcript_biotype:protein_coding	29	11					
46	0	18.97	51.120001077652	28.7999987602234	23.9399999380112	sp|P11142-2|HSP7C_HUMAN	Isoform 2 of Heat shock cognate 71 kDa protein OS=Homo sapiens GN=HSPA8	HUMAN	10					
47	16.64	16.64	29.4999986886978	16.159999370575	11.8699997663498	sp|P22735|TGM1_HUMAN	Protein-glutamine gamma-glutamyltransferase K OS=Homo sapiens GN=TGM1 PE=1 SV=4	HUMAN	8					
47	0	16.64	28.8300007581711	15.7900005578995	11.599999666214	ENST00000206765_31	[68 - 2575] cdna:known chromosome:GRCh37:14:24718320:24732416:-1 gene:ENSG00000092295 gene_biotype:protein_coding transcript_biotype:protein_coding	31	8					
48	16.58	16.58	38.1500005722046	22.7300003170967	22.7300003170967	ENST00000565184_30	[35 - 1882] cdna:known chromosome:GRCh37:15:72491373:72523512:-1 gene:ENSG00000067225 gene_biotype:protein_coding transcript_biotype:protein_coding	30	12					
48	0	16.58	41.5899991989136	24.779999256134	24.779999256134	ENST00000335181_28	[3 - 1697] cdna:known chromosome:GRCh37:15:72491373:72523547:-1 gene:ENSG00000067225 gene_biotype:protein_coding transcript_biotype:protein_coding	28	12					
48	0	16.58	40.6800001859665	26.3700008392334	26.3700008392334	sp|P14618|KPYM_HUMAN	Pyruvate kinase PKM OS=Homo sapiens GN=PKM PE=1 SV=4	HUMAN	12					
48	0	16.58	40.6800001859665	26.3700008392334	26.3700008392334	sp|P14618-2|KPYM_HUMAN	Isoform M1 of Pyruvate kinase PKM OS=Homo sapiens GN=PKM	HUMAN	12					
48	0	16.58	41.2400007247925	28.8700014352798	28.8700014352798	tr|H3BTN5|H3BTN5_HUMAN	Pyruvate kinase (Fragment) OS=Homo sapiens GN=PKM PE=1 SV=1	HUMAN	12					
49	16.53	22.04	57.0900022983551	44.9400007724762	40.8899992704391	tr|E9PAL0|E9PAL0_HUMAN	Basic salivary proline-rich protein 4 OS=Homo sapiens GN=PRB4 PE=4 SV=1	HUMAN	17					
49	0	22.04	45.4800009727478	35.809999704361	32.5800001621246	sp|P10163|PRB4_HUMAN	Basic salivary proline-rich protein 4 OS=Homo sapiens GN=PRB4 PE=1 SV=4	HUMAN	17					
50	16.32	16.32	28.2700002193451	15.4499992728233	12.0399996638298	sp|P01833|PIGR_HUMAN	Polymeric immunoglobulin receptor OS=Homo sapiens GN=PIGR PE=1 SV=4	HUMAN	11					
50	0	16.32	26.1799991130829	14.300000667572	11.150000244379	ENST00000356495_34	[2 - 2476] cdna:known chromosome:GRCh37:1:207101863:207119811:-1 gene:ENSG00000162896 gene_biotype:protein_coding transcript_biotype:protein_coding	34	11					
51	16.18	16.18	45.8999991416931	18.4200003743172	16.5500000119209	ENST00000349847_30	[64 - 2148] cdna:known chromosome:GRCh37:13:78109895:78218644:1 gene:ENSG00000136155 gene_biotype:protein_coding transcript_biotype:protein_coding	30	9					
51	0	16.18	44.6200013160706	18.6000004410744	16.7199999094009	sp|O95171|SCEL_HUMAN	Sciellin OS=Homo sapiens GN=SCEL PE=1 SV=2	HUMAN	9					
51	0	16.18	44.6099996566772	19.1599994897842	17.2199994325638	sp|O95171-2|SCEL_HUMAN	Isoform 2 of Sciellin OS=Homo sapiens GN=SCEL	HUMAN	9					
51	0	16.18	45.8200007677078	19.8100000619888	17.8000003099442	sp|O95171-3|SCEL_HUMAN	Isoform 3 of Sciellin OS=Homo sapiens GN=SCEL	HUMAN	9					
52	15.93	15.93	26.0399997234344	13.7099996209145	12.5200003385544	ENST00000257189_48	[39 - 3080] cdna:known chromosome:GRCh37:18:29027758:29058665:1 gene:ENSG00000134757 gene_biotype:protein_coding transcript_biotype:protein_coding	48	10					
52	0	15.93	24.9200001358986	13.910000026226	12.7100005745888	sp|P32926|DSG3_HUMAN	Desmoglein-3 OS=Homo sapiens GN=DSG3 PE=1 SV=2	HUMAN	10					
53	15.42	15.42	37.2000008821487	30.6100010871887	26.910001039505	sp|P30740|ILEU_HUMAN	Leukocyte elastase inhibitor OS=Homo sapiens GN=SERPINB1 PE=1 SV=1	HUMAN	9					
53	0	15.42	32.1200013160706	26.4200001955032	23.2299998402596	ENST00000380739_22	[24 - 1340] cdna:known chromosome:GRCh37:6:2832566:2842240:-1 gene:ENSG00000021355 gene_biotype:protein_coding transcript_biotype:protein_coding	22	9					
54	15.27	15.27	15.9199997782707	14.1100004315376	12.389999628067	sp|Q02413|DSG1_HUMAN	Desmoglein-1 OS=Homo sapiens GN=DSG1 PE=1 SV=2	HUMAN	10					
55	15.11	15.11	67.0499980449677	44.5699989795685	38.3700013160706	ENST00000339276_13	[42 - 815] cdna:known chromosome:GRCh37:1:27189633:27190947:1 gene:ENSG00000175793 gene_biotype:protein_coding transcript_biotype:protein_coding	13	10					
55	0	15.11	66.5300011634827	46.3699996471405	39.9199992418289	sp|P31947|1433S_HUMAN	14-3-3 protein sigma OS=Homo sapiens GN=SFN PE=1 SV=1	HUMAN	10					
55	0	15.11	76.3899981975555	53.2400012016296	45.8299994468689	sp|P31947-2|1433S_HUMAN	Isoform 2 of 14-3-3 protein sigma OS=Homo sapiens GN=SFN	HUMAN	10					
56	15.05	15.05	55.9700012207031	35.4900002479553	35.4900002479553	ENST00000398606_12	[1 - 879] cdna:known chromosome:GRCh37:11:67351066:67354131:1 gene:ENSG00000084207 gene_biotype:protein_coding transcript_biotype:protein_coding	12	10					
56	0	15.05	64.7599995136261	49.5200008153915	49.5200008153915	sp|P09211|GSTP1_HUMAN	Glutathione S-transferase P OS=Homo sapiens GN=GSTP1 PE=1 SV=2	HUMAN	10					
56	0	15.05	65.0699973106384	49.7599989175797	49.7599989175797	sp|GSTP1_HUMAN			10					
57	14.79	14.79	32.6400011777878	12.9299998283386	12.9299998283386	sp|Q9Y446-2|PKP3_HUMAN	Isoform PKP3b of Plakophilin-3 OS=Homo sapiens GN=PKP3	HUMAN	8					
57	0	14.79	31.3699990510941	13.1699994206429	13.1699994206429	sp|Q9Y446|PKP3_HUMAN	Plakophilin-3 OS=Homo sapiens GN=PKP3 PE=1 SV=1	HUMAN	8					
57	0	14.79	30.7500004768372	12.9199996590614	12.9199996590614	ENST00000331563_25	[29 - 2467] cdna:known chromosome:GRCh37:11:394217:404908:1 gene:ENSG00000184363 gene_biotype:protein_coding transcript_biotype:protein_coding	25	8					
58	14.78	14.78	37.6199990510941	17.8000003099442	15.1299998164177	sp|Q13835|PKP1_HUMAN	Plakophilin-1 OS=Homo sapiens GN=PKP1 PE=1 SV=2	HUMAN	9					
58	0	14.78	38.7100011110306	18.3200001716614	15.5599996447563	sp|Q13835-2|PKP1_HUMAN	Isoform 1 of Plakophilin-1 OS=Homo sapiens GN=PKP1	HUMAN	9					
58	0	14.78	37.0700001716614	17.5500005483627	14.9100005626678	ENST00000263946_36	[219 - 2492] cdna:known chromosome:GRCh37:1:201252580:201302121:1 gene:ENSG00000081277 gene_biotype:protein_coding transcript_biotype:protein_coding	36	9					
59	14.64	14.64	38.8099998235703	32.2899997234344	27.4800002574921	sp|P01876|IGHA1_HUMAN	Ig alpha-1 chain C region OS=Homo sapiens GN=IGHA1 PE=1 SV=2	HUMAN	12					
60	14.31	94.27	83.5099995136261	71.8100011348724	67.1999990940094	sp|P04259|K2C6B_HUMAN	Keratin, type II cytoskeletal 6B OS=Homo sapiens GN=KRT6B PE=1 SV=5	HUMAN	89					
60	0	94.27	82.4899971485138	70.9299981594086	66.3699984550476	ENST00000252252_18	[28 - 1740] cdna:known chromosome:GRCh37:12:52840435:52845910:-1 gene:ENSG00000185479 gene_biotype:protein_coding transcript_biotype:protein_coding	18	89					
61	14.13	14.13	33.1400007009506	27.7500003576279	23.1199994683266	tr|F5H5D3|F5H5D3_HUMAN	Tubulin alpha-1C chain OS=Homo sapiens GN=TUBA1C PE=1 SV=1	HUMAN	8					
61	0	14.13	38.3100003004074	32.0699989795685	26.7300009727478	sp|Q9BQE3|TBA1C_HUMAN	Tubulin alpha-1C chain OS=Homo sapiens GN=TUBA1C PE=1 SV=1	HUMAN	8					
61	0	14.13	32.5800001621246	27.2700011730194	22.7300003170967	ENST00000541364_22	[2 - 1585] cdna:putative chromosome:GRCh37:12:49621709:49667114:1 gene:ENSG00000167553 gene_biotype:protein_coding transcript_biotype:protein_coding	22	8					
61	0	14.13	33.7000012397766	31.92999958992	26.6099989414215	sp|Q71U36|TBA1A_HUMAN	Tubulin alpha-1A chain OS=Homo sapiens GN=TUBA1A PE=1 SV=1	HUMAN	8					
61	0	14.13	36.5399986505508	34.6199989318848	28.8500010967255	sp|Q71U36-2|TBA1A_HUMAN	Isoform 2 of Tubulin alpha-1A chain OS=Homo sapiens GN=TUBA1A	HUMAN	8					
61	0	14.13	33.7000012397766	31.92999958992	26.6099989414215	sp|P68363|TBA1B_HUMAN	Tubulin alpha-1B chain OS=Homo sapiens GN=TUBA1B PE=1 SV=1	HUMAN	8					
62	13.71	13.71	25.9900003671646	11.1900001764297	8.97400006651878	sp|P13639|EF2_HUMAN	Elongation factor 2 OS=Homo sapiens GN=EEF2 PE=1 SV=4	HUMAN	7					
62	0	13.71	25.1399993896484	10.8199998736382	8.68100002408028	ENST00000309311_37	[3 - 2663] cdna:known chromosome:GRCh37:19:3976054:3985467:-1 gene:ENSG00000167658 gene_biotype:protein_coding transcript_biotype:protein_coding	37	7					
63	13.68	28.81	68.8099980354309	49.2900013923645	41.4299994707108	ENST00000361566_17	[2 - 1261] cdna:known chromosome:GRCh37:17:39679869:39684560:-1 gene:ENSG00000171345 gene_biotype:protein_coding transcript_biotype:protein_coding	17	24					
63	0	28.81	68.75	51.7499983310699	43.5000002384186	sp|P08727|K1C19_HUMAN	Keratin, type I cytoskeletal 19 OS=Homo sapiens GN=KRT19 PE=1 SV=4	HUMAN	24					
64	13.43	17.67	33.840000629425	19.7500005364418	16.5700003504753	ENST00000441618_24	[45 - 2216] cdna:known chromosome:GRCh37:HSCHR6_MHC_COX:31770617:31773099:1 gene:ENSG00000237724 gene_biotype:protein_coding transcript_biotype:protein_coding	24	10					
64	0	17.67	36.5099996328354	22.3100006580353	18.7199994921684	sp|P08107|HSP71_HUMAN	Heat shock 70 kDa protein 1A/1B OS=Homo sapiens GN=HSPA1A PE=1 SV=5	HUMAN	10					
64	0	17.67	33.7199985980988	20.610000193119	17.2900006175041	ENST00000391548_22	[58 - 2139] cdna:known chromosome:GRCh37:HSCHR6_MHC_COX:31782890:31785413:1 gene:ENSG00000224501 gene_biotype:protein_coding transcript_biotype:protein_coding	22	10					
64	0	15.58	35.1500004529953	19.6199998259544	18.0899992585182	sp|P08107-2|HSP71_HUMAN	Isoform 2 of Heat shock 70 kDa protein 1A/1B OS=Homo sapiens GN=HSPA1A	HUMAN	9					
65	13.28	13.28	30.9399992227554	17.2199994325638	13.7199997901917	sp|P13796|PLSL_HUMAN	Plastin-2 OS=Homo sapiens GN=LCP1 PE=1 SV=6	HUMAN	7					
66	13.08	13.08	22.3299995064735	7.36299976706505	4.9490001052618	sp|P46940|IQGA1_HUMAN	Ras GTPase-activating-like protein IQGAP1 OS=Homo sapiens GN=IQGAP1 PE=1 SV=1	HUMAN	6					
66	0	13.08	22.0500007271767	7.27099999785423	4.8870000988245	ENST00000268182_83	[62 - 5095] cdna:known chromosome:GRCh37:15:90931450:91045475:1 gene:ENSG00000140575 gene_biotype:protein_coding transcript_biotype:protein_coding	83	6					
67	13.01	13.01	20.8700001239777	6.49399980902672	6.49399980902672	sp|P01024|CO3_HUMAN	Complement C3 OS=Homo sapiens GN=C3 PE=1 SV=2	HUMAN	8					
67	0	13.01	20.5099999904633	6.38300031423569	6.38300031423569	ENST00000245907_65	[7 - 5082] cdna:known chromosome:GRCh37:19:6677715:6720693:-1 gene:ENSG00000125730 gene_biotype:protein_coding transcript_biotype:protein_coding	65	8					
68	12.64	12.64	85.0899994373322	70.1799988746643	70.1799988746643	sp|P06702|S10A9_HUMAN	Protein S100-A9 OS=Homo sapiens GN=S100A9 PE=1 SV=1	HUMAN	18					
68	0	12.64	75.7799983024597	62.5	62.5	ENST00000368738_5	[2 - 385] cdna:known chromosome:GRCh37:1:153330330:153333503:1 gene:ENSG00000163220 gene_biotype:protein_coding transcript_biotype:protein_coding	5	18					
69	12.5	12.5	48.4400004148483	24.2200002074242	20.6200003623962	sp|P00558|PGK1_HUMAN	Phosphoglycerate kinase 1 OS=Homo sapiens GN=PGK1 PE=1 SV=3	HUMAN	7					
69	0	12.5	44.200000166893	22.1000000834465	18.8199996948242	ENST00000373316_20	[48 - 1418] cdna:known chromosome:GRCh37:X:77359671:77384793:1 gene:ENSG00000102144 gene_biotype:protein_coding transcript_biotype:protein_coding	20	7					
69	0	12.5	44.420000910759	23.4899997711182	20.0000002980232	ENST00000537456_22	[207 - 1496] cdna:known chromosome:GRCh37:X:77361859:77381597:1 gene:ENSG00000102144 gene_biotype:protein_coding transcript_biotype:protein_coding	22	7					
69	0	12.46	47.0400005578995	25.9600013494492	22.1100002527237	tr|B7Z7A9|B7Z7A9_HUMAN	Phosphoglycerate kinase OS=Homo sapiens GN=PGK1 PE=1 SV=1	HUMAN	7					
70	12.45	12.45	36.0799998044968	23.9700004458427	23.9700004458427	ENST00000382771_24	[179 - 1417] cdna:known chromosome:GRCh37:18:61143994:61172318:1 gene:ENSG00000206075 gene_biotype:protein_coding transcript_biotype:protein_coding	24	7					
70	0	12.45	36.8000000715256	26.3999998569489	26.3999998569489	sp|P36952|SPB5_HUMAN	Serpin B5 OS=Homo sapiens GN=SERPINB5 PE=1 SV=2	HUMAN	7					
71	12.33	12.33	45.3900009393692	26.5199989080429	21.3499993085861	sp|P68371|TBB4B_HUMAN	Tubulin beta-4B chain OS=Homo sapiens GN=TUBB4B PE=1 SV=1	HUMAN	8					
71	0	12.33	43.07000041008	25.1599997282028	20.2600002288818	ENST00000340384_25	[77 - 1483] cdna:known chromosome:GRCh37:9:140135665:140138159:1 gene:ENSG00000188229 gene_biotype:protein_coding transcript_biotype:protein_coding	25	8					
72	12.25	12.25	34.7799986600876	14.0699997544289	10.9999999403954	sp|P06396|GELS_HUMAN	Gelsolin OS=Homo sapiens GN=GSN PE=1 SV=1	HUMAN	7					
72	0	10.1	35.3199988603592	13.400000333786	10.1499997079372	sp|P06396-4|GELS_HUMAN	Isoform 4 of Gelsolin OS=Homo sapiens GN=GSN	HUMAN	6					
72	0	10.1	35.1799994707108	13.3399993181229	10.1099997758865	sp|P06396-3|GELS_HUMAN	Isoform 3 of Gelsolin OS=Homo sapiens GN=GSN	HUMAN	6					
72	0	10.1	35.699999332428	13.5399997234344	10.2600000798702	sp|P06396-2|GELS_HUMAN	Isoform 2 of Gelsolin OS=Homo sapiens GN=GSN	HUMAN	6					
73	12.22	12.22	40.9000009298325	32.8399986028671	30.7500004768372	sp|P04406|G3P_HUMAN	Glyceraldehyde-3-phosphate dehydrogenase OS=Homo sapiens GN=GAPDH PE=1 SV=3	HUMAN	10					
73	0	12.22	33.3299994468689	26.7599999904633	25.0600010156631	ENST00000229239_26	[439 - 1671] cdna:known chromosome:GRCh37:12:6643093:6647537:1 gene:ENSG00000111640 gene_biotype:protein_coding transcript_biotype:protein_coding	26	10					
73	0	10.72	44.0299987792969	34.8100006580353	32.4200004339218	sp|P04406-2|G3P_HUMAN	Isoform 2 of Glyceraldehyde-3-phosphate dehydrogenase OS=Homo sapiens GN=GAPDH	HUMAN	9					
74	11.91	14.08	54.0600001811981	38.1199985742569	27.1899998188019	ENST00000395956_13	[2 - 961] cdna:known chromosome:GRCh37:8:101930911:101963677:-1 gene:ENSG00000164924 gene_biotype:protein_coding transcript_biotype:protein_coding	13	9					
74	0	14.08	51.6099989414215	36.9199991226196	31.1800003051758	ENST00000419477_14	[1 - 837] cdna:known chromosome:GRCh37:8:101932870:101963504:-1 gene:ENSG00000164924 gene_biotype:protein_coding transcript_biotype:protein_coding	14	9					
74	0	14.08	52.4399995803833	41.8700009584427	35.3700011968613	tr|E7EX29|E7EX29_HUMAN	14-3-3 protein zeta/delta (Fragment) OS=Homo sapiens GN=YWHAZ PE=1 SV=1	HUMAN	9					
74	0	14.08	52.649998664856	42.0399993658066	35.5100005865097	sp|P63104|1433Z_HUMAN	14-3-3 protein zeta/delta OS=Homo sapiens GN=YWHAZ PE=1 SV=1	HUMAN	9					
75	11.83	11.83	36.3900005817413	17.8599998354912	13.9500007033348	sp|Q14134|TRI29_HUMAN	Tripartite motif-containing protein 29 OS=Homo sapiens GN=TRIM29 PE=1 SV=2	HUMAN	7					
75	0	11.83	35.9100013971329	17.620000243187	13.7600004673004	ENST00000341846_26	[399 - 2186] cdna:known chromosome:GRCh37:11:119981983:120009161:-1 gene:ENSG00000137699 gene_biotype:protein_coding transcript_biotype:protein_coding	26	7					
75	0	11.83	34.909999370575	18.4200003743172	14.3900007009506	sp|Q14134-2|TRI29_HUMAN	Isoform Beta of Tripartite motif-containing protein 29 OS=Homo sapiens GN=TRIM29	HUMAN	7					
76	11.8	11.8	33.9599996805191	18.2899996638298	18.2899996638298	sp|O15231|ZN185_HUMAN	Zinc finger protein 185 OS=Homo sapiens GN=ZNF185 PE=1 SV=3	HUMAN	7					
76	0	11.8	33.9100003242493	18.2600006461143	18.2600006461143	sp|O15231-3|ZN185_HUMAN	Isoform 3 of Zinc finger protein 185 OS=Homo sapiens GN=ZNF185	HUMAN	7					
76	0	11.8	33.5200011730194	18.0500000715256	18.0500000715256	ENST00000449285_35	[25 - 2118] cdna:known chromosome:GRCh37:X:152082986:152142024:1 gene:ENSG00000147394 gene_biotype:protein_coding transcript_biotype:protein_coding	35	7					
76	0	11.8	33.7900012731552	19.08999979496	19.08999979496	sp|O15231-7|ZN185_HUMAN	Isoform 7 of Zinc finger protein 185 OS=Homo sapiens GN=ZNF185	HUMAN	7					
76	0	11.8	33.4899991750717	20.0000002980232	20.0000002980232	sp|O15231-4|ZN185_HUMAN	Isoform 4 of Zinc finger protein 185 OS=Homo sapiens GN=ZNF185	HUMAN	7					
76	0	9.96	30.579999089241	23.8800004124641	23.8800004124641	tr|H0Y704|H0Y704_HUMAN	Zinc finger protein 185 (Fragment) OS=Homo sapiens GN=ZNF185 PE=1 SV=2	HUMAN	6					
76	0	9.96	29.2699992656708	22.859999537468	22.859999537468	sp|O15231-5|ZN185_HUMAN	Isoform 5 of Zinc finger protein 185 OS=Homo sapiens GN=ZNF185	HUMAN	6					
76	0	9.63	32.5899988412857	15.3999999165535	15.3999999165535	sp|O15231-6|ZN185_HUMAN	Isoform 6 of Zinc finger protein 185 OS=Homo sapiens GN=ZNF185	HUMAN	6					
76	0	9.63	32.2400003671646	15.2300000190735	15.2300000190735	ENST00000535861_37	[25 - 2211] cdna:known chromosome:GRCh37:X:152082986:152142024:1 gene:ENSG00000147394 gene_biotype:protein_coding transcript_biotype:protein_coding	37	6					
76	0	9.63	32.370001077652	16.0400003194809	16.0400003194809	sp|O15231-8|ZN185_HUMAN	Isoform 8 of Zinc finger protein 185 OS=Homo sapiens GN=ZNF185	HUMAN	6					
77	11.69	11.69	43.970000743866	21.9899997115135	14.1599997878075	sp|P01871-2|IGHM_HUMAN	Isoform 2 of Ig mu chain C region OS=Homo sapiens GN=IGHM	HUMAN	5					
77	0	11.69	42.9199993610382	23.0100005865097	14.8200005292892	sp|P01871|IGHM_HUMAN	Ig mu chain C region OS=Homo sapiens GN=IGHM PE=1 SV=3	HUMAN	5					
77	0	11.69	33.7700009346008	22.9599997401237	14.7900000214577	ENST00000605693_18	[1 - 1359] cdna:known chromosome:GRCh37:HG1592_PATCH:106320581:106322555:-1 gene:ENSG00000271541 gene_biotype:IG_C_gene transcript_biotype:IG_C_gene	18	5					
77	0	11.69	33.7700009346008	22.9599997401237	14.7900000214577	ENST00000390559_17	[1 - 1359] cdna:known chromosome:GRCh37:14:106320349:106322323:-1 gene:ENSG00000211899 gene_biotype:IG_C_gene transcript_biotype:IG_C_gene	17	5					
78	11.58	12.48	51.7000019550323	17.6100000739098	12.5	ENST00000544301_21	[228 - 1811] cdna:known chromosome:GRCh37:10:17270258:17279584:1 gene:ENSG00000026025 gene_biotype:protein_coding transcript_biotype:protein_coding	21	7					
78	0	12.48	50.6399989128113	19.9599996209145	14.1599997878075	sp|P08670|VIME_HUMAN	Vimentin OS=Homo sapiens GN=VIM PE=1 SV=4	HUMAN	7					
78	0	12.37	47.5600004196167	21.5800002217293	15.3099998831749	tr|B0YJC4|B0YJC4_HUMAN	Vimentin OS=Homo sapiens GN=VIM PE=1 SV=1	HUMAN	7					
79	11.56	21.41	32.1399986743927	20.1499998569489	18.75	ENST00000562805_24	[3 - 2354] cdna:known chromosome:GRCh37:HG185_PATCH:39910856:39942950:-1 gene:ENSG00000261577 gene_biotype:protein_coding transcript_biotype:protein_coding	24	13					
79	0	21.41	32.2100013494492	21.2099999189377	19.7300001978874	sp|P14923|PLAK_HUMAN	Junction plakoglobin OS=Homo sapiens GN=JUP PE=1 SV=3	HUMAN	13					
80	11.54	11.54	46.900001168251	25.8599996566772	22.7599993348122	ENST00000359492_13	[3 - 872] cdna:known chromosome:GRCh37:11:116706467:116708325:-1 gene:ENSG00000118137 gene_biotype:protein_coding transcript_biotype:protein_coding	13	6					
80	0	11.54	44.1900014877319	28.0900001525879	24.719999730587	sp|P02647|APOA1_HUMAN	Apolipoprotein A-I OS=Homo sapiens GN=APOA1 PE=1 SV=1	HUMAN	6					
80	0	11.54	40.2700006961823	25.6000012159348	22.5299999117851	ENST00000375320_13	[2 - 880] cdna:known chromosome:GRCh37:11:116706467:116708302:-1 gene:ENSG00000118137 gene_biotype:protein_coding transcript_biotype:protein_coding	13	6					
80	0	9.43	42.8600013256073	25.3100007772446	21.6299995779991	tr|F8W696|F8W696_HUMAN	Truncated apolipoprotein A-I OS=Homo sapiens GN=APOA1 PE=1 SV=1	HUMAN	5					
81	11.35	11.35	31.2299996614456	17.9199993610382	15.3600007295609	sp|P15311|EZRI_HUMAN	Ezrin OS=Homo sapiens GN=EZR PE=1 SV=4	HUMAN	7					
81	0	11.35	28.4999996423721	16.3599997758865	14.020000398159	ENST00000367075_30	[2 - 1927] cdna:known chromosome:GRCh37:6:159186780:159240444:-1 gene:ENSG00000092820 gene_biotype:protein_coding transcript_biotype:protein_coding	30	7					
81	0	11.2	31.58999979496	18.9500004053116	16.2499994039536	tr|E7EQR4|E7EQR4_HUMAN	Ezrin OS=Homo sapiens GN=EZR PE=1 SV=2	HUMAN	7					
82	11.23	11.23	40.5600011348724	29.3700009584427	24.4800001382828	sp|P60174|TPIS_HUMAN	Triosephosphate isomerase OS=Homo sapiens GN=TPI1 PE=1 SV=3	HUMAN	8					
82	0	11.23	33.2399994134903	24.0700006484985	20.0599998235703	ENST00000229270_19	[149 - 1195] cdna:known chromosome:GRCh37:12:6976283:6980112:1 gene:ENSG00000111669 gene_biotype:protein_coding transcript_biotype:protein_coding	19	8					
82	0	11.23	43.7799990177155	33.7300002574921	28.1100004911423	sp|P60174-1|TPIS_HUMAN	Isoform 2 of Triosephosphate isomerase OS=Homo sapiens GN=TPI1	HUMAN	8					
82	0	9.74	42.509999871254	32.3399990797043	32.3399990797043	sp|P60174-4|TPIS_HUMAN	Isoform 4 of Triosephosphate isomerase OS=Homo sapiens GN=TPI1	HUMAN	6					
83	11	11	28.5699993371964	25.110000371933	25.110000371933	sp|TRYP_PIG			21					
84	10.78	10.78	23.3799993991852	13.459999859333	9.32699963450432	sp|Q02487-2|DSC2_HUMAN	Isoform 2B of Desmocollin-2 OS=Homo sapiens GN=DSC2	HUMAN	6					
84	0	10.78	23.0800002813339	13.289999961853	9.2069998383522	ENST00000251081_44	[1 - 2574] cdna:known chromosome:GRCh37:18:28645940:28681967:-1 gene:ENSG00000134755 gene_biotype:protein_coding transcript_biotype:protein_coding	44	6					
84	0	10.67	22.0899999141693	12.6499995589256	8.7679997086525	sp|Q02487|DSC2_HUMAN	Desmocollin-2 OS=Homo sapiens GN=DSC2 PE=1 SV=1	HUMAN	6					
84	0	10.67	21.3100001215935	12.2100003063679	8.45799967646599	ENST00000280904_54	[346 - 3147] cdna:known chromosome:GRCh37:18:28646007:28682378:-1 gene:ENSG00000134755 gene_biotype:protein_coding transcript_biotype:protein_coding	54	6					
85	10.69	10.69	43.3400005102158	26.3200014829636	19.200000166893	sp|P12429|ANXA3_HUMAN	Annexin A3 OS=Homo sapiens GN=ANXA3 PE=1 SV=3	HUMAN	6					
85	0	10.69	41.9200003147125	25.450000166893	18.5599997639656	ENST00000264908_22	[347 - 1348] cdna:known chromosome:GRCh37:4:79472673:79531575:1 gene:ENSG00000138772 gene_biotype:protein_coding transcript_biotype:protein_coding	22	6					
85	0	10.41	40.8499985933304	24.3000000715256	21.8299999833107	tr|D6RA82|D6RA82_HUMAN	Annexin OS=Homo sapiens GN=ANXA3 PE=1 SV=1	HUMAN	6					
86	10.65	10.65	31.8300008773804	16.1899998784065	14.5699992775917	ENST00000241052_23	[3 - 1670] cdna:known chromosome:GRCh37:11:34460472:34493609:1 gene:ENSG00000121691 gene_biotype:protein_coding transcript_biotype:protein_coding	23	6					
86	0	10.65	31.6900014877319	17.0800000429153	15.3699994087219	sp|P04040|CATA_HUMAN	Catalase OS=Homo sapiens GN=CAT PE=1 SV=3	HUMAN	6					
86	0	10.65	31.7499995231628	17.1100005507469	15.3999999165535	sp|CATA_HUMAN			6					
87	10.61	10.61	91.839998960495	85.7100009918213	76.529997587204	sp|P04080|CYTB_HUMAN	Cystatin-B OS=Homo sapiens GN=CSTB PE=1 SV=2	HUMAN	10					
87	0	10.61	57.6900005340576	53.8500010967255	48.0800002813339	ENST00000291568_9	[3 - 470] cdna:known chromosome:GRCh37:21:45192393:45196326:-1 gene:ENSG00000160213 gene_biotype:protein_coding transcript_biotype:protein_coding	9	10					
88	10.46	10.46	39.0399992465973	35.2899998426437	35.2899998426437	tr|H0Y7A7|H0Y7A7_HUMAN	Calmodulin (Fragment) OS=Homo sapiens GN=CALM2 PE=1 SV=1	HUMAN	8					
88	0	10.46	48.6699998378754	43.9999997615814	43.9999997615814	tr|E7ETZ0|E7ETZ0_HUMAN	Calmodulin OS=Homo sapiens GN=CALM1 PE=1 SV=1	HUMAN	8					
88	0	10.46	37.2399985790253	33.6699992418289	33.6699992418289	tr|E7EMB3|E7EMB3_HUMAN	Calmodulin OS=Homo sapiens GN=CALM2 PE=1 SV=1	HUMAN	8					
88	0	10.46	48.989999294281	44.2999988794327	44.2999988794327	sp|P62158|CALM_HUMAN	Calmodulin OS=Homo sapiens GN=CALM1 PE=1 SV=2	HUMAN	8					
88	0	10.46	33.950001001358	30.7000011205673	30.7000011205673	ENST00000291295_13	[2 - 646] cdna:known chromosome:GRCh37:19:47104493:47114050:1 gene:ENSG00000160014 gene_biotype:protein_coding transcript_biotype:protein_coding	13	8					
89	10.21	10.21	22.9699999094009	11.6200000047684	7.98299983143806	sp|P07384|CAN1_HUMAN	Calpain-1 catalytic subunit OS=Homo sapiens GN=CAPN1 PE=1 SV=1	HUMAN	5					
89	0	10.21	22.2800001502037	11.2800002098083	7.74499997496605	ENST00000533820_30	[153 - 2360] cdna:known chromosome:GRCh37:11:64948665:64979477:1 gene:ENSG00000014216 gene_biotype:protein_coding transcript_biotype:protein_coding	30	5					
89	0	10.21	22.4000006914139	11.3399997353554	7.78699964284897	ENST00000524773_29	[47 - 2242] cdna:known chromosome:GRCh37:11:64949216:64979472:1 gene:ENSG00000014216 gene_biotype:protein_coding transcript_biotype:protein_coding	29	5					
89	0	10.21	22.3399996757507	11.3099999725819	7.76600018143654	ENST00000279247_28	[84 - 2285] cdna:known chromosome:GRCh37:11:64949343:64979476:1 gene:ENSG00000014216 gene_biotype:protein_coding transcript_biotype:protein_coding	28	5					
90	9.96	9.96	85.0899994373322	72.8100001811981	53.5099983215332	ENST00000264474_6	[2 - 343] cdna:known chromosome:GRCh37:3:122044091:122060819:1 gene:ENSG00000121552 gene_biotype:protein_coding transcript_biotype:protein_coding	6	8					
90	0	9.96	84.689998626709	84.689998626709	62.2399985790253	sp|P01040|CYTA_HUMAN	Cystatin-A OS=Homo sapiens GN=CSTA PE=1 SV=1	HUMAN	8					
91	9.93	9.93	54.1400015354156	42.8600013256073	34.5899999141693	ENST00000356530_6	[46 - 444] cdna:known chromosome:GRCh37:6:26183958:26184454:1 gene:ENSG00000197697 gene_biotype:protein_coding transcript_biotype:protein_coding	6	7					
91	0	9.93	50	45.2399998903275	36.5099996328354	sp|P62807|H2B1C_HUMAN	Histone H2B type 1-C/E/F/G/I OS=Homo sapiens GN=HIST1H2BC PE=1 SV=4	HUMAN	7					
91	0	9.93	50	45.2399998903275	36.5099996328354	sp|P57053|H2BFS_HUMAN	Histone H2B type F-S OS=Homo sapiens GN=H2BFS PE=1 SV=2	HUMAN	7					
91	0	9.93	50	45.2399998903275	36.5099996328354	sp|O60814|H2B1K_HUMAN	Histone H2B type 1-K OS=Homo sapiens GN=HIST1H2BK PE=1 SV=3	HUMAN	7					
91	0	9.58	43.979999423027	27.7099996805191	27.7099996805191	tr|U3KQK0|U3KQK0_HUMAN	Histone H2B OS=Homo sapiens GN=HIST1H2BN PE=1 SV=1	HUMAN	7					
91	0	9.58	50.789999961853	36.5099996328354	36.5099996328354	sp|Q99880|H2B1L_HUMAN	Histone H2B type 1-L OS=Homo sapiens GN=HIST1H2BL PE=1 SV=3	HUMAN	7					
91	0	9.58	31.3300013542175	27.7099996805191	27.7099996805191	tr|B4DR52|B4DR52_HUMAN	Histone H2B OS=Homo sapiens GN=HIST2H2BF PE=1 SV=1	HUMAN	7					
91	0	9.58	41.2699997425079	36.5099996328354	36.5099996328354	sp|Q99879|H2B1M_HUMAN	Histone H2B type 1-M OS=Homo sapiens GN=HIST1H2BM PE=1 SV=3	HUMAN	7					
91	0	9.58	41.2699997425079	36.5099996328354	36.5099996328354	sp|Q99877|H2B1N_HUMAN	Histone H2B type 1-N OS=Homo sapiens GN=HIST1H2BN PE=1 SV=3	HUMAN	7					
91	0	9.58	41.2699997425079	36.5099996328354	36.5099996328354	sp|Q93079|H2B1H_HUMAN	Histone H2B type 1-H OS=Homo sapiens GN=HIST1H2BH PE=1 SV=3	HUMAN	7					
91	0	9.58	41.2699997425079	36.5099996328354	36.5099996328354	sp|Q5QNW6|H2B2F_HUMAN	Histone H2B type 2-F OS=Homo sapiens GN=HIST2H2BF PE=1 SV=3	HUMAN	7					
91	0	9.58	38.8099998235703	34.3300014734268	34.3300014734268	sp|Q5QNW6-2|H2B2F_HUMAN	Isoform 2 of Histone H2B type 2-F OS=Homo sapiens GN=HIST2H2BF	HUMAN	7					
91	0	9.58	41.2699997425079	36.5099996328354	36.5099996328354	sp|P58876|H2B1D_HUMAN	Histone H2B type 1-D OS=Homo sapiens GN=HIST1H2BD PE=1 SV=2	HUMAN	7					
91	0	9.58	36.6200000047684	32.3900014162064	32.3900014162064	ENST00000377777_5	[2 - 427] cdna:known chromosome:GRCh37:6:26158349:26158871:1 gene:ENSG00000158373 gene_biotype:protein_coding transcript_biotype:protein_coding	5	7					
92	9.8	9.8	84.3500018119812	67.8300023078918	67.8300023078918	sp|P05387|RLA2_HUMAN	60S acidic ribosomal protein P2 OS=Homo sapiens GN=RPLP2 PE=1 SV=1	HUMAN	5					
92	0	9.8	76.3800024986267	61.4199995994568	61.4199995994568	ENST00000321153_14	[359 - 739] cdna:known chromosome:GRCh37:11:809647:812875:1 gene:ENSG00000177600 gene_biotype:protein_coding transcript_biotype:protein_coding	14	5					
93	9.77	44.25	64.8100018501282	39.9699985980988	35.5100005865097	sp|P12035|K2C3_HUMAN	Keratin, type II cytoskeletal 3 OS=Homo sapiens GN=KRT3 PE=1 SV=3	HUMAN	37					
93	0	44.25	62.3300015926361	38.4400010108948	34.1500014066696	ENST00000417996_16	[1 - 1959] cdna:known chromosome:GRCh37:12:53183469:53189901:-1 gene:ENSG00000186442 gene_biotype:protein_coding transcript_biotype:protein_coding	16	37					
93	0	39.96	63.2799983024597	38.4700000286102	34.0200006961823	tr|J3QST3|J3QST3_HUMAN	Keratin, type II cytoskeletal 3 OS=Homo sapiens GN=KRT3 PE=3 SV=1	HUMAN	35					
94	9.66	15.45	36.4100009202957	17.4600005149841	11.5299999713898	sp|ALBU_BOVIN			9					
95	9.4	9.4	49.3400007486343	49.3400007486343	44.1000014543533	tr|J3QRK5|J3QRK5_HUMAN	Protein UBBP4 OS=Homo sapiens GN=UBBP4 PE=4 SV=1	HUMAN	5					
95	0	7.35	37.049999833107	37.049999833107	31.700000166893	tr|J3QLP7|J3QLP7_HUMAN	Protein UBBP4 OS=Homo sapiens GN=UBBP4 PE=4 SV=1	HUMAN	4					
96	9.36	9.36	64.2199993133545	33.5500001907349	33.5500001907349	ENST00000322611_12	[3 - 941] cdna:known chromosome:GRCh37:5:17217669:17276943:1 gene:ENSG00000176788 gene_biotype:protein_coding transcript_biotype:protein_coding	12	6					
96	0	9.36	60.7900023460388	46.2599992752075	46.2599992752075	sp|P80723|BASP1_HUMAN	Brain acid soluble protein 1 OS=Homo sapiens GN=BASP1 PE=1 SV=2	HUMAN	6					
96	0	7.74	67.0499980449677	44.5100009441376	44.5100009441376	sp|P80723-2|BASP1_HUMAN	Isoform 2 of Brain acid soluble protein 1 OS=Homo sapiens GN=BASP1	HUMAN	5					
97	9.31	9.31	26.7100006341934	15.6700000166893	13.0199998617172	sp|P30838|AL3A1_HUMAN	Aldehyde dehydrogenase, dimeric NADP-preferring OS=Homo sapiens GN=ALDH3A1 PE=1 SV=3	HUMAN	5					
97	0	9.31	25.3100007772446	14.8499995470047	12.3400002717972	ENST00000457500_26	[256 - 1689] cdna:known chromosome:GRCh37:17:19641301:19648772:-1 gene:ENSG00000108602 gene_biotype:protein_coding transcript_biotype:protein_coding	26	5					
97	0	9.31	25.4200011491776	14.920000731945	12.389999628067	ENST00000225740_24	[112 - 1539] cdna:known chromosome:GRCh37:17:19641297:19651746:-1 gene:ENSG00000108602 gene_biotype:protein_coding transcript_biotype:protein_coding	24	5					
97	0	9.28	28.5400003194809	17.9299995303154	14.9000003933907	tr|E9PNN6|E9PNN6_HUMAN	Aldehyde dehydrogenase, dimeric NADP-preferring OS=Homo sapiens GN=ALDH3A1 PE=1 SV=1	HUMAN	5					
97	0	9.28	30.3799986839294	19.08999979496	15.8600002527237	tr|C9JMC5|C9JMC5_HUMAN	Aldehyde dehydrogenase, dimeric NADP-preferring (Fragment) OS=Homo sapiens GN=ALDH3A1 PE=1 SV=1	HUMAN	5					
97	0	7.63	27.6300013065338	16.3200005888939	13.1600007414818	tr|I3L3I9|I3L3I9_HUMAN	Aldehyde dehydrogenase, dimeric NADP-preferring OS=Homo sapiens GN=ALDH3A1 PE=1 SV=1	HUMAN	4					
98	9.28	9.28	38.0299985408783	16.2200003862381	12.9299998283386	ENST00000449399_30	[3 - 1556] cdna:known chromosome:GRCh37:14:94844786:94856987:-1 gene:ENSG00000197249 gene_biotype:protein_coding transcript_biotype:protein_coding	30	6					
98	0	9.28	32.3000013828278	20.100000500679	16.0300001502037	sp|P01009|A1AT_HUMAN	Alpha-1-antitrypsin OS=Homo sapiens GN=SERPINA1 PE=1 SV=3	HUMAN	6					
98	0	9.28	30.6800007820129	19.08999979496	15.2300000190735	ENST00000355814_28	[212 - 1531] cdna:known chromosome:GRCh37:14:94843084:94857029:-1 gene:ENSG00000197249 gene_biotype:protein_coding transcript_biotype:protein_coding	28	6					
98	0	8.98	33.7000012397766	21.4499995112419	18.6599999666214	sp|P01009-2|A1AT_HUMAN	Isoform 2 of Alpha-1-antitrypsin OS=Homo sapiens GN=SERPINA1	HUMAN	6					
99	9.04	9.04	45.8000004291534	24.0500003099442	20.610000193119	ENST00000216336_10	[17 - 802] cdna:known chromosome:GRCh37:14:25042762:25045466:-1 gene:ENSG00000100448 gene_biotype:protein_coding transcript_biotype:protein_coding	10	6					
99	0	9.04	43.1400001049042	24.7099995613098	21.1799994111061	sp|P08311|CATG_HUMAN	Cathepsin G OS=Homo sapiens GN=CTSG PE=1 SV=2	HUMAN	6					
100	8.96	13.2	33.9800000190735	31.7200005054474	31.7200005054474	sp|Q04118|PRB3_HUMAN	Basic salivary proline-rich protein 3 OS=Homo sapiens GN=PRB3 PE=1 SV=2	HUMAN	10					
100	0	10.9	29.449999332428	26.5399992465973	23.9500001072884	tr|F5H7C1|F5H7C1_HUMAN	Basic salivary proline-rich protein 3 OS=Homo sapiens GN=PRB3 PE=4 SV=1	HUMAN	8					
100	0	10.9	28.3499985933304	25.5499988794327	23.0499997735024	ENST00000538488_4	[3 - 965] cdna:known chromosome:GRCh37:12:11418890:11422641:-1 gene:ENSG00000197870 gene_biotype:protein_coding transcript_biotype:protein_coding	4	8					
101	8.93	8.93	40.4599994421005	17.7599996328354	17.7599996328354	ENST00000344824_16	[59 - 970] cdna:known chromosome:GRCh37:19:16178317:16212600:1 gene:ENSG00000167460 gene_biotype:protein_coding transcript_biotype:protein_coding	16	5					
101	0	8.93	38.730001449585	19.0099999308586	19.0099999308586	sp|P67936-2|TPM4_HUMAN	Isoform 2 of Tropomyosin alpha-4 chain OS=Homo sapiens GN=TPM4	HUMAN	5					
101	0	7	45.2499985694885	22.9100003838539	22.9100003838539	tr|K7ENT6|K7ENT6_HUMAN	Tropomyosin alpha-4 chain (Fragment) OS=Homo sapiens GN=TPM4 PE=1 SV=1	HUMAN	4					
101	0	7	41.1799997091293	24.1200000047684	24.1200000047684	tr|K7ERG3|K7ERG3_HUMAN	Tropomyosin alpha-4 chain (Fragment) OS=Homo sapiens GN=TPM4 PE=1 SV=1	HUMAN	4					
102	8.72	9.05	83.6700022220612	55.6100010871887	44.1300004720688	RRRRRsp|P04280|PRP1_HUMAN	REVERSED Basic salivary proline-rich protein 1 OS=Homo sapiens GN=PRB1 PE=1 SV=2	HUMAN	6					
102	0	6.68	95.5299973487854	55.3099989891052	45.2499985694885	RRRRRENST00000240636_6	REVERSED [494 - 1030] cdna:known chromosome:GRCh37:12:11504757:11508524:-1 gene:ENSG00000251655 gene_biotype:protein_coding transcript_biotype:retained_intron	6	5					
103	8.56	9.75	60.3999972343445	55.6999981403351	50.3400027751923	sp|P27482|CALL3_HUMAN	Calmodulin-like protein 3 OS=Homo sapiens GN=CALML3 PE=1 SV=2	HUMAN	6					
103	0	9.75	47.3699986934662	43.6800003051758	39.4699990749359	ENST00000315238_8	[3 - 572] cdna:known chromosome:GRCh37:10:5566924:5568225:1 gene:ENSG00000178363 gene_biotype:protein_coding transcript_biotype:protein_coding	8	6					
104	8.52	8.52	31.3100010156631	31.3100010156631	31.3100010156631	sp|B9A064|IGLL5_HUMAN	Immunoglobulin lambda-like polypeptide 5 OS=Homo sapiens GN=IGLL5 PE=2 SV=2	HUMAN	7					
104	0	8.52	30.8800011873245	30.8800011873245	30.8800011873245	ENST00000532223_14	[269 - 919] cdna:known chromosome:GRCh37:22:23229960:23238287:1 gene:ENSG00000254709 gene_biotype:protein_coding transcript_biotype:protein_coding	14	7					
104	0	7.19	57.5500011444092	55.6599974632263	55.6599974632263	sp|P0CG04|LAC1_HUMAN	Ig lambda-1 chain C regions OS=Homo sapiens GN=IGLC1 PE=1 SV=1	HUMAN	6					
105	8.5	8.5	29.7199994325638	14.9700000882149	13.4499996900558	tr|F5H7U0|F5H7U0_HUMAN	Uncharacterized protein OS=Homo sapiens GN=PGD PE=1 SV=1	HUMAN	5					
105	0	8.5	29.1500002145767	14.6799996495247	13.1899997591972	tr|B4DQJ8|B4DQJ8_HUMAN	6-phosphogluconate dehydrogenase, decarboxylating OS=Homo sapiens GN=PGD PE=1 SV=1	HUMAN	5					
105	0	8.5	28.3600002527237	14.2900004982948	12.83999979496	sp|P52209|6PGD_HUMAN	6-phosphogluconate dehydrogenase, decarboxylating OS=Homo sapiens GN=PGD PE=1 SV=3	HUMAN	5					
105	0	7.03	37.1100008487701	21.8799993395805	19.140000641346	tr|K7EPF6|K7EPF6_HUMAN	6-phosphogluconate dehydrogenase, decarboxylating (Fragment) OS=Homo sapiens GN=PGD PE=1 SV=1	HUMAN	4					
105	0	6.68	46.8800008296967	30.6300014257431	30.6300014257431	tr|K7EMN2|K7EMN2_HUMAN	6-phosphogluconate dehydrogenase, decarboxylating (Fragment) OS=Homo sapiens GN=PGD PE=1 SV=1	HUMAN	4					
105	0	6.68	36.5900009870529	23.8999992609024	23.8999992609024	tr|K7EM49|K7EM49_HUMAN	6-phosphogluconate dehydrogenase, decarboxylating (Fragment) OS=Homo sapiens GN=PGD PE=1 SV=1	HUMAN	4					
106	8.31	8.31	41.3700014352798	21.9400003552437	16.1899998784065	ENST00000253362_18	[60 - 893] cdna:known chromosome:GRCh37:20:31749574:31769218:1 gene:ENSG00000131050 gene_biotype:protein_coding transcript_biotype:protein_coding	18	5					
106	0	8.31	35.3399991989136	24.5000004768372	18.07000041008	sp|Q96DR5|BPIA2_HUMAN	BPI fold-containing family A member 2 OS=Homo sapiens GN=BPIFA2 PE=1 SV=2	HUMAN	5					
107	8.24	8.24	47.6500004529953	19.4600000977516	17.1100005507469	sp|P25311|ZA2G_HUMAN	Zinc-alpha-2-glycoprotein OS=Homo sapiens GN=AZGP1 PE=1 SV=2	HUMAN	6					
107	0	8.24	45.660001039505	18.6499997973442	16.4000004529953	ENST00000292401_11	[99 - 1031] cdna:known chromosome:GRCh37:7:99564353:99573780:-1 gene:ENSG00000160862 gene_biotype:protein_coding transcript_biotype:protein_coding	11	6					
108	8.16	8.16	36.3499999046326	17.9800003767014	16.4499998092651	sp|Q6XPR3|RPTN_HUMAN	Repetin OS=Homo sapiens GN=RPTN PE=1 SV=1	HUMAN	8					
109	8.14	8.14	50	37.8500014543533	27.0999997854233	ENST00000225655_16	[399 - 1040] cdna:known chromosome:GRCh37:17:4848947:4852309:-1 gene:ENSG00000108518 gene_biotype:protein_coding transcript_biotype:protein_coding	16	4					
109	0	7.89	55.7099997997284	50	41.4299994707108	sp|P07737|PROF1_HUMAN	Profilin-1 OS=Homo sapiens GN=PFN1 PE=1 SV=2	HUMAN	4					
110	8.13	10.27	36.0599994659424	14.1599997878075	12.1699996292591	sp|Q6KB66|K2C80_HUMAN	Keratin, type II cytoskeletal 80 OS=Homo sapiens GN=KRT80 PE=1 SV=2	HUMAN	6					
110	0	10.27	33.8899999856949	13.3100003004074	11.429999768734	ENST00000394815_18	[12 - 1454] cdna:known chromosome:GRCh37:12:52562780:52585784:-1 gene:ENSG00000167767 gene_biotype:protein_coding transcript_biotype:protein_coding	18	6					
110	0	10.27	32.4600011110306	15.1700004935265	13.0300000309944	sp|Q6KB66-2|K2C80_HUMAN	Isoform 2 of Keratin, type II cytoskeletal 80 OS=Homo sapiens GN=KRT80	HUMAN	6					
110	0	8.87	28.9499998092651	11.2899996340275	9.44600030779839	sp|Q6KB66-3|K2C80_HUMAN	Isoform 3 of Keratin, type II cytoskeletal 80 OS=Homo sapiens GN=KRT80	HUMAN	5					
111	8.07	8.07	21.8400001525879	10.419999808073	8.93300026655197	sp|P55072|TERA_HUMAN	Transitional endoplasmic reticulum ATPase OS=Homo sapiens GN=VCP PE=1 SV=4	HUMAN	5					
111	0	8.07	21.4100003242493	10.2200001478195	8.75900015234947	ENST00000358901_52	[849 - 3314] cdna:known chromosome:GRCh37:9:35056061:35073246:-1 gene:ENSG00000165280 gene_biotype:protein_coding transcript_biotype:protein_coding	52	5					
112	8.05	8.05	30.0599992275238	18.2600006461143	15.4499992728233	ENST00000359579_24	[201 - 1268] cdna:known chromosome:GRCh37:7:134212344:134226160:1 gene:ENSG00000198074 gene_biotype:protein_coding transcript_biotype:protein_coding	24	5					
112	0	8.05	31.3300013542175	20.5699995160103	17.4099996685982	sp|O60218|AK1BA_HUMAN	Aldo-keto reductase family 1 member B10 OS=Homo sapiens GN=AKR1B10 PE=1 SV=2	HUMAN	5					
113	7.83	7.83	42.8799986839294	14.5799994468689	10.0699998438358	tr|B4E022|B4E022_HUMAN	Transketolase OS=Homo sapiens GN=TKT PE=1 SV=1	HUMAN	4					
113	0	7.83	39.6499991416931	13.4800001978874	9.30999964475632	sp|P29401|TKT_HUMAN	Transketolase OS=Homo sapiens GN=TKT PE=1 SV=3	HUMAN	4					
113	0	7.83	39.1400009393692	13.3100003004074	9.19200032949448	sp|P29401-2|TKT_HUMAN	Isoform 2 of Transketolase OS=Homo sapiens GN=TKT	HUMAN	4					
113	0	7.83	37.8800004720688	12.8800004720688	8.89599993824959	ENST00000462138_26	[3 - 1958] cdna:known chromosome:GRCh37:3:53258723:53290047:-1 gene:ENSG00000163931 gene_biotype:protein_coding transcript_biotype:protein_coding	26	4					
114	7.76	7.76	23.1900006532669	13.2499992847443	13.2499992847443	sp|P00338|LDHA_HUMAN	L-lactate dehydrogenase A chain OS=Homo sapiens GN=LDHA PE=1 SV=2	HUMAN	4					
114	0	7.76	21.3300004601479	12.1899999678135	12.1899999678135	sp|P00338-3|LDHA_HUMAN	Isoform 3 of L-lactate dehydrogenase A chain OS=Homo sapiens GN=LDHA	HUMAN	4					
114	0	7.76	20.4199999570847	11.6700001060963	11.6700001060963	ENST00000422447_21	[139 - 1269] cdna:known chromosome:GRCh37:11:18415935:18429972:1 gene:ENSG00000134333 gene_biotype:protein_coding transcript_biotype:protein_coding	21	4					
114	0	5.95	21.8999996781349	12.7700001001358	12.7700001001358	sp|P00338-4|LDHA_HUMAN	Isoform 4 of L-lactate dehydrogenase A chain OS=Homo sapiens GN=LDHA	HUMAN	3					
115	7.55	7.55	63.5500013828278	40.1899993419647	32.710000872612	ENST00000354348_4	[1 - 321] cdna:known chromosome:GRCh37:6:27107076:27108418:1 gene:ENSG00000198339 gene_biotype:protein_coding transcript_biotype:protein_coding	4	4					
115	0	7.55	68.4700012207031	38.740000128746	31.5299987792969	ENST00000289352_5	[12 - 344] cdna:known chromosome:GRCh37:6:26281283:26285762:-1 gene:ENSG00000158406 gene_biotype:protein_coding transcript_biotype:protein_coding	5	4					
115	0	7.55	61.1699998378754	41.7499989271164	33.9800000190735	sp|P62805|H4_HUMAN	Histone H4 OS=Homo sapiens GN=HIST1H4A PE=1 SV=2	HUMAN	4					
116	7.51	7.51	25.9200006723404	13.3499994874001	13.3499994874001	ENST00000409724_16	[3 - 1148] cdna:known chromosome:GRCh37:2:85622016:85641197:-1 gene:ENSG00000042493 gene_biotype:protein_coding transcript_biotype:protein_coding	16	4					
116	0	7.51	25.2900004386902	14.6599993109703	14.6599993109703	sp|P40121|CAPG_HUMAN	Macrophage-capping protein OS=Homo sapiens GN=CAPG PE=1 SV=2	HUMAN	4					
116	0	7.51	26.4299988746643	15.3200000524521	15.3200000524521	sp|P40121-2|CAPG_HUMAN	Isoform 2 of Macrophage-capping protein OS=Homo sapiens GN=CAPG	HUMAN	4					
116	0	7.51	24.1799995303154	14.0100002288818	14.0100002288818	ENST00000409670_15	[24 - 1115] cdna:known chromosome:GRCh37:2:85621951:85641165:-1 gene:ENSG00000042493 gene_biotype:protein_coding transcript_biotype:protein_coding	15	4					
117	7.42	7.42	41.5899991989136	14.5999997854233	14.5999997854233	sp|P16401|H15_HUMAN	Histone H1.5 OS=Homo sapiens GN=HIST1H1B PE=1 SV=3	HUMAN	4					
117	0	7.42	40.6899988651276	14.2900004982948	14.2900004982948	ENST00000331442_11	[38 - 730] cdna:known chromosome:GRCh37:6:27834570:27835359:-1 gene:ENSG00000184357 gene_biotype:protein_coding transcript_biotype:protein_coding	11	4					
118	7.33	7.33	33.0300003290176	16.3599997758865	16.3599997758865	sp|P01857|IGHG1_HUMAN	Ig gamma-1 chain C region OS=Homo sapiens GN=IGHG1 PE=1 SV=1	HUMAN	5					
118	0	7.33	27.3200005292892	13.5299995541573	13.5299995541573	ENST00000390548_13	[1 - 1197] cdna:known chromosome:GRCh37:14:106202680:106209408:-1 gene:ENSG00000211896 gene_biotype:IG_C_gene transcript_biotype:IG_C_gene	13	5					
119	7.32	7.32	24.6700003743172	5.48200011253357	4.44200001657009	sp|P22314|UBA1_HUMAN	Ubiquitin-like modifier-activating enzyme 1 OS=Homo sapiens GN=UBA1 PE=1 SV=3	HUMAN	4					
119	0	7.32	23.989999294281	5.33099994063377	4.32000011205673	ENST00000377351_48	[1 - 3264] cdna:known chromosome:GRCh37:X:47050260:47074527:1 gene:ENSG00000130985 gene_biotype:protein_coding transcript_biotype:protein_coding	48	4					
120	7.32	7.32	10.3900000452995	7.38999992609024	6.00499995052814	sp|P02671|FIBA_HUMAN	Fibrinogen alpha chain OS=Homo sapiens GN=FGA PE=1 SV=2	HUMAN	4					
120	0	7.32	13.9799997210503	9.93800014257431	8.07500034570694	sp|P02671-2|FIBA_HUMAN	Isoform 2 of Fibrinogen alpha chain OS=Homo sapiens GN=FGA	HUMAN	4					
121	7.21	7.21	65.090000629425	49.0599989891052	49.0599989891052	sp|P01834|IGKC_HUMAN	Ig kappa chain C region OS=Homo sapiens GN=IGKC PE=1 SV=1	HUMAN	6					
122	7.16	7.16	45.3799992799759	24.7899994254112	18.07000041008	tr|B7Z6Z4|B7Z6Z4_HUMAN	Myosin light polypeptide 6 OS=Homo sapiens GN=MYL6 PE=1 SV=1	HUMAN	4					
122	0	7.16	44.8100000619888	24.4800001382828	17.8399994969368	ENST00000536128_12	[32 - 754] cdna:putative chromosome:GRCh37:12:56552146:56554579:1 gene:ENSG00000092841 gene_biotype:protein_coding transcript_biotype:protein_coding	12	4					
122	0	7.16	63.1600022315979	38.8200014829636	28.2900005578995	tr|G8JLA2|G8JLA2_HUMAN	Myosin light polypeptide 6 OS=Homo sapiens GN=MYL6 PE=1 SV=1	HUMAN	4					
122	0	7.16	63.5800004005432	39.070001244545	28.4799993038177	sp|P60660-2|MYL6_HUMAN	Isoform Smooth muscle of Myosin light polypeptide 6 OS=Homo sapiens GN=MYL6	HUMAN	4					
122	0	7.16	45.3900009393692	38.8200014829636	28.2900005578995	tr|J3KND3|J3KND3_HUMAN	Myosin light polypeptide 6 OS=Homo sapiens GN=MYL6 PE=1 SV=1	HUMAN	4					
122	0	7.16	42.8600013256073	36.6499990224838	26.7100006341934	tr|G3V1V0|G3V1V0_HUMAN	Myosin light polypeptide 6 OS=Homo sapiens GN=MYL6 PE=1 SV=1	HUMAN	4					
122	0	7.16	47.5899994373322	40.6899988651276	29.6600013971329	tr|F8W1R7|F8W1R7_HUMAN	Myosin light polypeptide 6 OS=Homo sapiens GN=MYL6 PE=1 SV=1	HUMAN	4					
122	0	7.16	45.6999987363815	39.070001244545	28.4799993038177	sp|P60660|MYL6_HUMAN	Myosin light polypeptide 6 OS=Homo sapiens GN=MYL6 PE=1 SV=2	HUMAN	4					
122	0	5.81	39.2300009727478	39.2300009727478	26.9199997186661	tr|F8VPF3|F8VPF3_HUMAN	Myosin light polypeptide 6 (Fragment) OS=Homo sapiens GN=MYL6 PE=1 SV=1	HUMAN	3					
122	0	5.1	48.6999988555908	40.0000005960464	26.0899990797043	tr|G3V1Y7|G3V1Y7_HUMAN	Myosin light polypeptide 6 OS=Homo sapiens GN=MYL6 PE=1 SV=1	HUMAN	3					
123	7.15	7.15	77.9399991035461	38.9699995517731	38.9699995517731	sp|P47929|LEG7_HUMAN	Galectin-7 OS=Homo sapiens GN=LGALS7 PE=1 SV=2	HUMAN	5					
123	0	7.15	75.1800000667572	37.5900000333786	37.5900000333786	ENST00000314980_4	[2 - 424] cdna:known chromosome:GRCh37:19:39279851:39282389:1 gene:ENSG00000178934 gene_biotype:protein_coding transcript_biotype:protein_coding	4	5					
124	7.11	7.11	23.3999997377396	15.0199994444847	13.0500003695488	sp|P60842|IF4A1_HUMAN	Eukaryotic initiation factor 4A-I OS=Homo sapiens GN=EIF4A1 PE=1 SV=1	HUMAN	4					
124	0	7.11	23.1700003147125	14.8800000548363	12.9299998283386	ENST00000293831_22	[5 - 1234] cdna:known chromosome:GRCh37:17:7476144:7482323:1 gene:ENSG00000161960 gene_biotype:protein_coding transcript_biotype:protein_coding	22	4					
124	0	7.08	27.8600007295609	17.8900003433228	15.5399993062019	tr|J3KT12|J3KT12_HUMAN	Eukaryotic initiation factor 4A-I OS=Homo sapiens GN=EIF4A1 PE=1 SV=1	HUMAN	4					
124	0	7.08	27.6699990034103	17.5799995660782	15.2700006961823	sp|P60842-2|IF4A1_HUMAN	Isoform 2 of Eukaryotic initiation factor 4A-I OS=Homo sapiens GN=EIF4A1	HUMAN	4					
124	0	7.08	27.590000629425	17.5300002098084	15.2300000190735	ENST00000577269_19	[3 - 1046] cdna:novel chromosome:GRCh37:17:7476155:7481959:1 gene:ENSG00000161960 gene_biotype:protein_coding transcript_biotype:protein_coding	19	4					
124	0	7.08	33.0700010061264	23.7399995326996	20.6200003623962	tr|J3KTB5|J3KTB5_HUMAN	Eukaryotic initiation factor 4A-I (Fragment) OS=Homo sapiens GN=EIF4A1 PE=1 SV=1	HUMAN	4					
124	0	7.01	35.0499987602234	28.4999996423721	24.770000576973	tr|J3QR64|J3QR64_HUMAN	Eukaryotic initiation factor 4A-I (Fragment) OS=Homo sapiens GN=EIF4A1 PE=1 SV=1	HUMAN	4					
124	0	7.01	27.6800006628037	22.5099995732307	19.5600003004074	tr|J3QL43|J3QL43_HUMAN	Eukaryotic initiation factor 4A-I (Fragment) OS=Homo sapiens GN=EIF4A1 PE=1 SV=1	HUMAN	4					
124	0	6.14	25.670000910759	17.6699995994568	17.6699995994568	tr|J3QS69|J3QS69_HUMAN	Eukaryotic initiation factor 4A-I (Fragment) OS=Homo sapiens GN=EIF4A1 PE=1 SV=1	HUMAN	4					
124	0	5.97	38.6500000953674	31.9000005722046	26.9899994134903	tr|J3QLN6|J3QLN6_HUMAN	Eukaryotic initiation factor 4A-I (Fragment) OS=Homo sapiens GN=EIF4A1 PE=1 SV=1	HUMAN	3					
125	7.03	7.03	25.900000333786	17.4400001764297	13.0799993872643	sp|P29508|SPB3_HUMAN	Serpin B3 OS=Homo sapiens GN=SERPINB3 PE=1 SV=2	HUMAN	4					
125	0	7.03	23.2199996709824	15.6299993395805	11.7200002074242	ENST00000283752_24	[10 - 1314] cdna:known chromosome:GRCh37:18:61322431:61329197:-1 gene:ENSG00000057149 gene_biotype:protein_coding transcript_biotype:protein_coding	24	4					
125	0	7.03	26.3300001621246	20.1199993491173	15.090000629425	sp|P29508-2|SPB3_HUMAN	Isoform 2 of Serpin B3 OS=Homo sapiens GN=SERPINB3	HUMAN	4					
126	6.97	11.07	52.9999971389771	35.3300005197525	26.8099993467331	ENST00000353703_16	[2 - 952] cdna:known chromosome:GRCh37:20:43514317:43537173:1 gene:ENSG00000166913 gene_biotype:protein_coding transcript_biotype:protein_coding	16	7					
126	0	11.07	65.4500007629395	45.5300003290176	34.5499992370605	sp|P31946|1433B_HUMAN	14-3-3 protein beta/alpha OS=Homo sapiens GN=YWHAB PE=1 SV=3	HUMAN	7					
126	0	11.07	65.9799993038177	45.8999991416931	34.8399996757507	sp|P31946-2|1433B_HUMAN	Isoform Short of 14-3-3 protein beta/alpha OS=Homo sapiens GN=YWHAB	HUMAN	7					
126	0	11.07	53.4900009632111	37.2099995613098	28.2400012016296	ENST00000372839_15	[110 - 1012] cdna:known chromosome:GRCh37:20:43514352:43537173:1 gene:ENSG00000166913 gene_biotype:protein_coding transcript_biotype:protein_coding	15	7					
127	6.97	6.97	27.3400008678436	19.9200004339218	19.9200004339218	ENST00000265462_13	[3 - 770] cdna:known chromosome:GRCh37:11:64085560:64089283:1 gene:ENSG00000126432 gene_biotype:protein_coding transcript_biotype:protein_coding	13	4					
127	0	6.97	23.8299995660782	23.8299995660782	23.8299995660782	sp|P30044|PRDX5_HUMAN	Peroxiredoxin-5, mitochondrial OS=Homo sapiens GN=PRDX5 PE=1 SV=4	HUMAN	4					
127	0	6.97	31.479999423027	31.479999423027	31.479999423027	sp|P30044-2|PRDX5_HUMAN	Isoform Cytoplasmic+peroxisomal of Peroxiredoxin-5, mitochondrial OS=Homo sapiens GN=PRDX5	HUMAN	4					
127	0	5.02	21.7600002884865	21.7600002884865	21.7600002884865	sp|P30044-3|PRDX5_HUMAN	Isoform 3 of Peroxiredoxin-5, mitochondrial OS=Homo sapiens GN=PRDX5	HUMAN	3					
128	6.91	26.11	63.8700008392334	39.1400009393692	30.5400013923645	ENST00000254043_95	[3560 - 4954] cdna:known chromosome:GRCh37:17:39669995:39678665:-1 gene:ENSG00000171346 gene_biotype:protein_coding transcript_biotype:protein_coding	95	28					
128	0	26.11	63.1600022315979	39.9100005626678	31.139999628067	sp|P19012|K1C15_HUMAN	Keratin, type I cytoskeletal 15 OS=Homo sapiens GN=KRT15 PE=1 SV=3	HUMAN	28					
129	6.88	6.88	40.0999993085861	10.3900000452995	6.11199997365475	ENST00000325674_32	[1 - 2454] cdna:known chromosome:GRCh37:5:95997941:96110387:1 gene:ENSG00000153113 gene_biotype:protein_coding transcript_biotype:protein_coding	32	5					
129	0	6.88	42.1999990940094	11.2400002777576	6.61400035023689	sp|P20810-5|ICAL_HUMAN	Isoform 5 of Calpastatin OS=Homo sapiens GN=CAST	HUMAN	5					
129	0	6.88	36.149999499321	11.0500000417233	6.50200024247169	tr|E7ESM9|E7ESM9_HUMAN	Calpastatin OS=Homo sapiens GN=CAST PE=1 SV=1	HUMAN	5					
129	0	6.88	34.0799987316132	11.2700000405312	6.63100033998489	tr|B7Z468|B7Z468_HUMAN	Calpastatin OS=Homo sapiens GN=CAST PE=1 SV=1	HUMAN	5					
129	0	6.88	34.7699999809265	10.7500001788139	6.32100030779839	sp|P20810-6|ICAL_HUMAN	Isoform 6 of Calpastatin OS=Homo sapiens GN=CAST	HUMAN	5					
129	0	6.88	32.5399994850159	10.0599996745586	5.91700002551079	ENST00000508830_36	[2 - 2536] cdna:putative chromosome:GRCh37:5:95997778:96107383:1 gene:ENSG00000153113 gene_biotype:protein_coding transcript_biotype:protein_coding	36	5					
129	0	6.88	33.7300002574921	11.3300003111362	6.66700005531311	sp|P20810-9|ICAL_HUMAN	Isoform 9 of Calpastatin OS=Homo sapiens GN=CAST	HUMAN	5					
129	0	6.88	32.379999756813	11.0100001096725	6.47699981927872	sp|P20810-7|ICAL_HUMAN	Isoform 7 of Calpastatin OS=Homo sapiens GN=CAST	HUMAN	5					
130	6.88	6.88	27.3000001907349	15.1299998164177	11.8699997663498	sp|P37837|TALDO_HUMAN	Transaldolase OS=Homo sapiens GN=TALDO1 PE=1 SV=2	HUMAN	4					
130	0	6.88	23.7100005149841	13.1400004029274	10.3100001811981	ENST00000319006_15	[1 - 1164] cdna:known chromosome:GRCh37:11:747329:765024:1 gene:ENSG00000177156 gene_biotype:protein_coding transcript_biotype:protein_coding	15	4					
130	0	5.2	26.1000007390976	13.2100000977516	9.74799990653992	tr|F2Z393|F2Z393_HUMAN	Transaldolase OS=Homo sapiens GN=TALDO1 PE=1 SV=1	HUMAN	3					
131	6.82	6.82	27.2700011730194	12.9899993538857	12.9899993538857	sp|P23280|CAH6_HUMAN	Carbonic anhydrase 6 OS=Homo sapiens GN=CA6 PE=1 SV=3	HUMAN	4					
131	0	5.43	28.2299995422363	12.899999320507	12.899999320507	sp|P23280-3|CAH6_HUMAN	Isoform 3 of Carbonic anhydrase 6 OS=Homo sapiens GN=CA6	HUMAN	3					
131	0	4.95	16.2900000810623	9.90400016307831	9.90400016307831	sp|P23280-2|CAH6_HUMAN	Isoform 2 of Carbonic anhydrase 6 OS=Homo sapiens GN=CA6	HUMAN	3					
132	6.77	6.77	42.7500009536743	25.9499996900558	20.610000193119	ENST00000368733_9	[57 - 449] cdna:known chromosome:GRCh37:1:153362508:153363664:-1 gene:ENSG00000143546 gene_biotype:protein_coding transcript_biotype:protein_coding	9	8					
132	0	6.77	52.6899993419647	36.5599989891052	29.0300011634827	sp|P05109|S10A8_HUMAN	Protein S100-A8 OS=Homo sapiens GN=S100A8 PE=1 SV=1	HUMAN	8					
133	6.7	6.7	35.8500003814697	15.4799997806549	13.6500000953674	sp|P02675|FIBB_HUMAN	Fibrinogen beta chain OS=Homo sapiens GN=FGB PE=1 SV=2	HUMAN	4					
134	6.69	6.69	44.0200001001358	23.0800002813339	23.0800002813339	ENST00000382280_7	[2 - 703] cdna:known chromosome:GRCh37:16:2880170:2882285:1 gene:ENSG00000162078 gene_biotype:protein_coding transcript_biotype:protein_coding	7	4					
134	0	6.69	42.3099994659424	25.9600013494492	25.9600013494492	sp|Q96DA0|ZG16B_HUMAN	Zymogen granule protein 16 homolog B OS=Homo sapiens GN=ZG16B PE=1 SV=3	HUMAN	4					
134	0	4.63	34.7400009632111	34.7400009632111	34.7400009632111	tr|I3L3X0|I3L3X0_HUMAN	Zymogen granule protein 16 homolog B (Fragment) OS=Homo sapiens GN=ZG16B PE=4 SV=1	HUMAN	3					
134	0	4.63	47.8300005197525	47.8300005197525	47.8300005197525	tr|I3L1H9|I3L1H9_HUMAN	Zymogen granule protein 16 homolog B (Fragment) OS=Homo sapiens GN=ZG16B PE=4 SV=1	HUMAN	3					
135	6.56	6.56	20.4199999570847	9.09100025892258	9.09100025892258	ENST00000368801_85	[47 - 8626] cdna:known chromosome:GRCh37:1:152184558:152196669:-1 gene:ENSG00000197915 gene_biotype:protein_coding transcript_biotype:protein_coding	85	4					
135	0	6.56	20.1800003647804	9.12299975752831	9.12299975752831	sp|Q86YZ3|HORN_HUMAN	Hornerin OS=Homo sapiens GN=HRNR PE=1 SV=2	HUMAN	4					
136	6.55	6.55	90.0600016117096	44.1000014543533	19.879999756813	tr|F5GZ12|F5GZ12_HUMAN	Small proline-rich protein 3 OS=Homo sapiens GN=SPRR3 PE=4 SV=1	HUMAN	3					
136	0	6.55	90.530002117157	42.0100003480911	18.9300000667572	sp|Q9UBC9|SPRR3_HUMAN	Small proline-rich protein 3 OS=Homo sapiens GN=SPRR3 PE=1 SV=2	HUMAN	3					
136	0	6.55	83.5399985313416	44.9400007724762	20.2500000596046	tr|B1AN48|B1AN48_HUMAN	Small proline-rich protein 3 (Fragment) OS=Homo sapiens GN=SPRR3 PE=4 SV=2	HUMAN	3					
137	6.52	6.52	16.9900000095367	11.4000000059605	8.08100029826164	sp|Q9UGM3|DMBT1_HUMAN	Deleted in malignant brain tumors 1 protein OS=Homo sapiens GN=DMBT1 PE=1 SV=2	HUMAN	3					
137	0	6.52	11.2999998033047	4.9430001527071	4.23699989914894	sp|Q9UGM3-9|DMBT1_HUMAN	Isoform 9 of Deleted in malignant brain tumors 1 protein OS=Homo sapiens GN=DMBT1	HUMAN	3					
137	0	6.52	14.6200001239777	8.60399976372719	6.67899996042252	sp|Q9UGM3-8|DMBT1_HUMAN	Isoform 8 of Deleted in malignant brain tumors 1 protein OS=Homo sapiens GN=DMBT1	HUMAN	3					
137	0	6.52	17.339999973774	11.7299996316433	8.25399979948998	sp|Q9UGM3-7|DMBT1_HUMAN	Isoform 7 of Deleted in malignant brain tumors 1 protein OS=Homo sapiens GN=DMBT1	HUMAN	3					
137	0	6.52	17.2700002789497	11.6800002753735	8.22200030088425	sp|Q9UGM3-6|DMBT1_HUMAN	Isoform 6 of Deleted in malignant brain tumors 1 protein OS=Homo sapiens GN=DMBT1	HUMAN	3					
137	0	6.52	17.1299993991852	11.4900000393391	8.14900025725365	sp|Q9UGM3-5|DMBT1_HUMAN	Isoform 5 of Deleted in malignant brain tumors 1 protein OS=Homo sapiens GN=DMBT1	HUMAN	3					
137	0	6.52	14.5400002598763	8.44800025224686	6.35199993848801	sp|Q9UGM3-4|DMBT1_HUMAN	Isoform 4 of Deleted in malignant brain tumors 1 protein OS=Homo sapiens GN=DMBT1	HUMAN	3					
137	0	6.52	17.059999704361	11.4399999380112	8.11500027775764	sp|Q9UGM3-3|DMBT1_HUMAN	Isoform 3 of Deleted in malignant brain tumors 1 protein OS=Homo sapiens GN=DMBT1	HUMAN	3					
137	0	6.52	15.2400001883507	9.24400016665459	7.00299963355064	sp|Q9UGM3-2|DMBT1_HUMAN	Isoform 2 of Deleted in malignant brain tumors 1 protein OS=Homo sapiens GN=DMBT1	HUMAN	3					
138	6.36	6.36	32.8700006008148	12.2699998319149	12.2699998319149	sp|P23526|SAHH_HUMAN	Adenosylhomocysteinase OS=Homo sapiens GN=AHCY PE=1 SV=4	HUMAN	4					
138	0	6.36	31.0000002384186	11.5699999034405	11.5699999034405	ENST00000217426_22	[1 - 1374] cdna:known chromosome:GRCh37:20:32868074:32891154:-1 gene:ENSG00000101444 gene_biotype:protein_coding transcript_biotype:protein_coding	22	4					
138	0	5.02	28.9600014686584	9.65299978852272	9.65299978852272	sp|P23526-2|SAHH_HUMAN	Isoform 2 of Adenosylhomocysteinase OS=Homo sapiens GN=AHCY	HUMAN	3					
139	6.31	6.31	49.0900009870529	28.1800001859665	28.1800001859665	sp|P37802-2|TAGL2_HUMAN	Isoform 2 of Transgelin-2 OS=Homo sapiens GN=TAGLN2	HUMAN	5					
139	0	6.31	49.32000041008	28.3100008964539	28.3100008964539	ENST00000368097_16	[252 - 908] cdna:known chromosome:GRCh37:1:159887897:159895522:-1 gene:ENSG00000158710 gene_biotype:protein_coding transcript_biotype:protein_coding	16	5					
139	0	6.31	46.7500001192093	26.8400013446808	26.8400013446808	ENST00000368096_15	[215 - 907] cdna:known chromosome:GRCh37:1:159887897:159893507:-1 gene:ENSG00000158710 gene_biotype:protein_coding transcript_biotype:protein_coding	15	5					
139	0	6.31	48.7399995326996	31.1599999666214	31.1599999666214	sp|P37802|TAGL2_HUMAN	Transgelin-2 OS=Homo sapiens GN=TAGLN2 PE=1 SV=3	HUMAN	5					
139	0	5.7	44.3899989128113	25.670000910759	25.670000910759	tr|X6RJP6|X6RJP6_HUMAN	Transgelin-2 (Fragment) OS=Homo sapiens GN=TAGLN2 PE=4 SV=1	HUMAN	4					
140	6.24	6.24	18.24000030756	3.39599996805191	1.29699995741248	ENST00000344736_113	[2 - 7864] cdna:novel chromosome:GRCh37:X:153577152:153599656:-1 gene:ENSG00000196924 gene_biotype:protein_coding transcript_biotype:protein_coding	113	2					
140	0	6.2	18.1400001049042	3.41399982571602	1.30399996414781	tr|Q5HY54|Q5HY54_HUMAN	Filamin-A OS=Homo sapiens GN=FLNA PE=1 SV=1	HUMAN	2					
140	0	6.2	17.8700000047684	3.36199998855591	1.28399999812245	sp|P21333|FLNA_HUMAN	Filamin-A OS=Homo sapiens GN=FLNA PE=1 SV=4	HUMAN	2					
140	0	6.2	17.9199993610382	3.3720001578331	1.28800002858043	sp|P21333-2|FLNA_HUMAN	Isoform 2 of Filamin-A OS=Homo sapiens GN=FLNA	HUMAN	2					
141	6.09	6.09	43.8499987125397	21.3100001215935	18.4400007128716	ENST00000531407_9	[1 - 732] cdna:putative chromosome:GRCh37:11:65622480:65625339:-1 gene:ENSG00000172757 gene_biotype:protein_coding transcript_biotype:protein_coding	9	3					
141	0	6.09	48.8000005483627	31.3300013542175	27.1100014448166	sp|P23528|COF1_HUMAN	Cofilin-1 OS=Homo sapiens GN=CFL1 PE=1 SV=3	HUMAN	3					
141	0	6.09	40.2999997138977	25.8700013160706	22.3900005221367	ENST00000525451_16	[612 - 1214] cdna:known chromosome:GRCh37:11:65622146:65626886:-1 gene:ENSG00000172757 gene_biotype:protein_coding transcript_biotype:protein_coding	16	3					
141	0	6.09	38.2400006055832	25.4900008440018	22.0599994063377	tr|E9PK25|E9PK25_HUMAN	Cofilin-1 OS=Homo sapiens GN=CFL1 PE=1 SV=1	HUMAN	3					
141	0	6.07	41.609999537468	34.9000006914139	30.1999986171722	tr|G3V1A4|G3V1A4_HUMAN	Cofilin 1 (Non-muscle), isoform CRA_a OS=Homo sapiens GN=CFL1 PE=1 SV=1	HUMAN	3					
141	0	4.08	42.1400010585785	23.8999992609024	19.4999992847443	tr|E9PP50|E9PP50_HUMAN	Cofilin-1 (Fragment) OS=Homo sapiens GN=CFL1 PE=1 SV=2	HUMAN	2					
142	6.03	6.03	24.3000000715256	11.7600001394749	11.7600001394749	sp|Q9UIV8|SPB13_HUMAN	Serpin B13 OS=Homo sapiens GN=SERPINB13 PE=1 SV=2	HUMAN	3					
142	0	6.03	28.0200004577637	13.570000231266	13.570000231266	sp|Q9UIV8-2|SPB13_HUMAN	Isoform 2 of Serpin B13 OS=Homo sapiens GN=SERPINB13	HUMAN	3					
142	0	6.03	22.4600002169609	10.869999974966	10.869999974966	ENST00000344731_25	[7 - 1275] cdna:known chromosome:GRCh37:18:61254600:61266433:1 gene:ENSG00000197641 gene_biotype:protein_coding transcript_biotype:protein_coding	25	3					
142	0	6.03	36.9700014591217	27.8800010681152	27.8800010681152	tr|F8WE70|F8WE70_HUMAN	Serpin B13 OS=Homo sapiens GN=SERPINB13 PE=1 SV=1	HUMAN	3					
142	0	6.03	34.2700004577637	25.8399993181229	25.8399993181229	ENST00000438844_11	[1 - 534] cdna:known chromosome:GRCh37:18:61254663:61265977:1 gene:ENSG00000197641 gene_biotype:protein_coding transcript_biotype:nonsense_mediated_decay	11	3					
142	0	3.95	26.5799999237061	17.0900002121925	17.0900002121925	tr|C9JL93|C9JL93_HUMAN	Serpin B13 (Fragment) OS=Homo sapiens GN=SERPINB13 PE=1 SV=1	HUMAN	2					
143	5.98	5.98	39.8799985647202	26.9899994134903	26.9899994134903	ENST00000380332_9	[82 - 570] cdna:known chromosome:GRCh37:10:5540658:5541533:-1 gene:ENSG00000178372 gene_biotype:protein_coding transcript_biotype:protein_coding	9	3					
143	0	5.94	39.0399992465973	30.1400005817413	30.1400005817413	sp|Q9NZT1|CALL5_HUMAN	Calmodulin-like protein 5 OS=Homo sapiens GN=CALML5 PE=1 SV=2	HUMAN	3					
144	5.83	5.83	27.3499995470047	16.8500006198883	16.8500006198883	tr|H0YH81|H0YH81_HUMAN	ATP synthase subunit beta (Fragment) OS=Homo sapiens GN=ATP5B PE=1 SV=1	HUMAN	5					
144	0	5.83	16.4100006222725	11.7799997329712	11.7799997329712	tr|F8VPV9|F8VPV9_HUMAN	ATP synthase subunit beta OS=Homo sapiens GN=ATP5B PE=1 SV=1	HUMAN	5					
144	0	5.83	16.0699993371964	11.5299999713898	11.5299999713898	sp|P06576|ATPB_HUMAN	ATP synthase subunit beta, mitochondrial OS=Homo sapiens GN=ATP5B PE=1 SV=3	HUMAN	5					
144	0	5.83	16.3100004196167	11.710000038147	11.710000038147	ENST00000552919_26	[2 - 1564] cdna:putative chromosome:GRCh37:12:57031988:57039757:-1 gene:ENSG00000110955 gene_biotype:protein_coding transcript_biotype:protein_coding	26	5					
144	0	5.83	15.5699998140335	11.1699998378754	11.1699998378754	ENST00000262030_26	[1 - 1638] cdna:known chromosome:GRCh37:12:57031959:57039798:-1 gene:ENSG00000110955 gene_biotype:protein_coding transcript_biotype:protein_coding	26	5					
144	0	4.71	23.9399999380112	15.8500000834465	15.8500000834465	tr|F8W079|F8W079_HUMAN	ATP synthase subunit beta, mitochondrial (Fragment) OS=Homo sapiens GN=ATP5B PE=1 SV=1	HUMAN	4					
145	5.83	5.83	8.90100002288818	6.98100030422211	5.75900003314018	sp|P10809|CH60_HUMAN	60 kDa heat shock protein, mitochondrial OS=Homo sapiens GN=HSPD1 PE=1 SV=2	HUMAN	3					
145	0	5.83	7.72700011730194	6.06100000441074	5.00000007450581	ENST00000388968_27	[8 - 1987] cdna:known chromosome:GRCh37:2:198351305:198364771:-1 gene:ENSG00000144381 gene_biotype:protein_coding transcript_biotype:protein_coding	27	3					
146	5.74	5.74	11.0600002110004	4.41000014543533	4.41000014543533	sp|P01023|A2MG_HUMAN	Alpha-2-macroglobulin OS=Homo sapiens GN=A2M PE=1 SV=3	HUMAN	5					
146	0	5.74	10.9300002455711	4.35900017619133	4.35900017619133	ENST00000318602_72	[258 - 4730] cdna:known chromosome:GRCh37:12:9220308:9268753:-1 gene:ENSG00000175899 gene_biotype:protein_coding transcript_biotype:protein_coding	72	5					
147	5.65	5.65	43.079999089241	26.1500000953674	26.1500000953674	ENST00000293371_10	[131 - 520] cdna:known chromosome:GRCh37:12:55038375:55042277:-1 gene:ENSG00000161634 gene_biotype:protein_coding transcript_biotype:protein_coding	10	3					
147	0	5.65	30.91000020504	30.91000020504	30.91000020504	sp|P81605|DCD_HUMAN	Dermcidin OS=Homo sapiens GN=DCD PE=1 SV=2	HUMAN	3					
147	0	5.65	43.5900002717972	43.5900002717972	43.5900002717972	ENST00000546807_13	[454 - 687] cdna:known chromosome:GRCh37:12:55038414:55042277:-1 gene:ENSG00000161634 gene_biotype:protein_coding transcript_biotype:nonsense_mediated_decay	13	3					
147	0	3.8	18.1799992918968	18.1799992918968	18.1799992918968	sp|P81605-2|DCD_HUMAN	Isoform 2 of Dermcidin OS=Homo sapiens GN=DCD	HUMAN	2					
148	5.54	5.54	19.9499994516373	8.62099975347519	8.62099975347519	sp|P00738|HPT_HUMAN	Haptoglobin OS=Homo sapiens GN=HP PE=1 SV=1	HUMAN	3					
148	0	5.54	19.0999999642372	8.25499966740608	8.25499966740608	ENST00000355906_23	[5 - 1276] cdna:known chromosome:GRCh37:16:72088494:72094953:1 gene:ENSG00000257017 gene_biotype:protein_coding transcript_biotype:protein_coding	23	3					
148	0	5.54	18.0800005793571	9.5890000462532	9.5890000462532	tr|J3QLC9|J3QLC9_HUMAN	Haptoglobin (Fragment) OS=Homo sapiens GN=HP PE=1 SV=1	HUMAN	3					
148	0	4.02	17.4500003457069	16.779999434948	16.779999434948	tr|J3KRH2|J3KRH2_HUMAN	Haptoglobin (Fragment) OS=Homo sapiens GN=HP PE=1 SV=1	HUMAN	2					
148	0	3.49	16.8300002813339	5.44600002467632	5.44600002467632	tr|J3QR68|J3QR68_HUMAN	Haptoglobin (Fragment) OS=Homo sapiens GN=HP PE=1 SV=1	HUMAN	2					
148	0	3.49	15.3799995779991	4.9770001322031	4.9770001322031	tr|H0Y300|H0Y300_HUMAN	Haptoglobin OS=Homo sapiens GN=HP PE=1 SV=4	HUMAN	2					
149	5.51	5.51	26.8900007009506	7.15700015425682	7.15700015425682	ENST00000568588_27	[227 - 1777] cdna:putative chromosome:GRCh37:15:66791661:66816870:-1 gene:ENSG00000174444 gene_biotype:protein_coding transcript_biotype:protein_coding	27	3					
149	0	5.51	27.1699994802475	8.66499990224838	8.66499990224838	sp|P36578|RL4_HUMAN	60S ribosomal protein L4 OS=Homo sapiens GN=RPL4 PE=1 SV=5	HUMAN	3					
149	0	5.51	23.4200000762939	11.1100003123283	11.1100003123283	tr|H3BM89|H3BM89_HUMAN	60S ribosomal protein L4 OS=Homo sapiens GN=RPL4 PE=1 SV=1	HUMAN	3					
150	5.37	11.17	35.3300005197525	16.8300002813339	10.4999996721745	sp|Q9NSB2|KRT84_HUMAN	Keratin, type II cuticular Hb4 OS=Homo sapiens GN=KRT84 PE=2 SV=2	HUMAN	6					
150	0	11.17	34.4999998807907	16.8300002813339	10.4999996721745	sp|KRHB4_HUMAN			6					
151	5.35	5.35	53.8800001144409	25.3100007772446	11.429999768734	ENST00000319248_12	[2 - 736] cdna:known chromosome:GRCh37:1:45976719:45987628:-1 gene:ENSG00000117450 gene_biotype:protein_coding transcript_biotype:protein_coding	12	3					
151	0	5.35	55.9300005435944	26.2699991464615	11.8600003421307	ENST00000262746_16	[230 - 937] cdna:known chromosome:GRCh37:1:45976708:45987609:-1 gene:ENSG00000117450 gene_biotype:protein_coding transcript_biotype:protein_coding	16	3					
151	0	5.35	65.3299987316132	31.1599999666214	14.0699997544289	sp|Q06830|PRDX1_HUMAN	Peroxiredoxin-1 OS=Homo sapiens GN=PRDX1 PE=1 SV=1	HUMAN	3					
152	5.32	5.32	17.2800004482269	11.2899996340275	9.67700034379959	sp|O60664|PLIN3_HUMAN	Perilipin-3 OS=Homo sapiens GN=PLIN3 PE=1 SV=3	HUMAN	3					
152	0	5.32	17.7699998021126	11.6099998354912	9.95299965143204	sp|O60664-4|PLIN3_HUMAN	Isoform 4 of Perilipin-3 OS=Homo sapiens GN=PLIN3	HUMAN	3					
152	0	5.32	17.3199996352196	11.3200001418591	9.70000028610229	sp|O60664-3|PLIN3_HUMAN	Isoform 3 of Perilipin-3 OS=Homo sapiens GN=PLIN3	HUMAN	3					
152	0	5.32	16.0600006580353	10.4900002479553	8.99399966001511	ENST00000585479_17	[2 - 1402] cdna:known chromosome:GRCh37:19:4839074:4867706:-1 gene:ENSG00000105355 gene_biotype:protein_coding transcript_biotype:protein_coding	17	3					
152	0	5.32	15.2099996805191	9.93900001049042	8.51899981498718	ENST00000221957_18	[1 - 1479] cdna:known chromosome:GRCh37:19:4838353:4867780:-1 gene:ENSG00000105355 gene_biotype:protein_coding transcript_biotype:protein_coding	18	3					
152	0	5.02	29.6499997377396	24.4200006127357	24.4200006127357	tr|K7EL96|K7EL96_HUMAN	Perilipin-3 (Fragment) OS=Homo sapiens GN=PLIN3 PE=1 SV=2	HUMAN	3					
152	0	3.46	16.6700005531311	16.6700005531311	16.6700005531311	tr|K7ER39|K7ER39_HUMAN	Perilipin-3 (Fragment) OS=Homo sapiens GN=PLIN3 PE=1 SV=1	HUMAN	2					
153	5.3	5.3	43.2599991559982	31.9099992513657	26.240000128746	sp|P01036|CYTS_HUMAN	Cystatin-S OS=Homo sapiens GN=CST4 PE=1 SV=3	HUMAN	4					
154	5.27	5.27	22.1300005912781	7.64599964022636	7.64599964022636	ENST00000447113_15	[1 - 1491] cdna:novel chromosome:GRCh37:19:35994206:36004560:-1 gene:ENSG00000161249 gene_biotype:protein_coding transcript_biotype:protein_coding	15	3					
154	0	5.27	19.4700002670288	9.13499966263771	9.13499966263771	tr|E7EUS0|E7EUS0_HUMAN	Dermokine OS=Homo sapiens GN=DMKN PE=4 SV=1	HUMAN	3					
154	0	5.27	18.58000010252	8.71599987149239	8.71599987149239	sp|Q6E0U4-6|DMKN_HUMAN	Isoform 6 of Dermokine OS=Homo sapiens GN=DMKN	HUMAN	3					
154	0	5.27	15.8800005912781	8.15500020980835	8.15500020980835	sp|Q6E0U4-2|DMKN_HUMAN	Isoform 2 of Dermokine OS=Homo sapiens GN=DMKN	HUMAN	3					
154	0	5.27	15.9099996089935	8.17200019955635	8.17200019955635	sp|Q6E0U4-16|DMKN_HUMAN	Isoform 16 of Dermokine OS=Homo sapiens GN=DMKN	HUMAN	3					
154	0	5.27	16.8300002813339	9.54800024628639	9.54800024628639	sp|Q6E0U4-5|DMKN_HUMAN	Isoform 5 of Dermokine OS=Homo sapiens GN=DMKN	HUMAN	3					
154	0	3.81	10.2899998426437	5.67199997603893	5.67199997603893	sp|Q6E0U4|DMKN_HUMAN	Dermokine OS=Homo sapiens GN=DMKN PE=1 SV=3	HUMAN	2					
154	0	3.81	15.1800006628036	7.31699988245964	7.31699988245964	sp|Q6E0U4-7|DMKN_HUMAN	Isoform 7 of Dermokine OS=Homo sapiens GN=DMKN	HUMAN	2					
154	0	3.81	10.9099999070168	6.01300001144409	6.01300001144409	sp|Q6E0U4-4|DMKN_HUMAN	Isoform 4 of Dermokine OS=Homo sapiens GN=DMKN	HUMAN	2					
154	0	3.81	14.5099997520447	6.99499994516373	6.99499994516373	sp|Q6E0U4-3|DMKN_HUMAN	Isoform 3 of Dermokine OS=Homo sapiens GN=DMKN	HUMAN	2					
155	5.18	5.18	17.8299993276596	15.3799995779991	15.3799995779991	sp|P52907|CAZA1_HUMAN	F-actin-capping protein subunit alpha-1 OS=Homo sapiens GN=CAPZA1 PE=1 SV=3	HUMAN	3					
155	0	5.18	15.5499994754791	13.4100005030632	13.4100005030632	ENST00000263168_22	[547 - 1530] cdna:known chromosome:GRCh37:1:113161795:113214241:1 gene:ENSG00000116489 gene_biotype:protein_coding transcript_biotype:protein_coding	22	3					
156	5.13	5.13	29.1000008583069	14.7499993443489	14.7499993443489	ENST00000541959_10	[51 - 782] cdna:known chromosome:GRCh37:12:49332708:49351228:-1 gene:ENSG00000134287 gene_biotype:protein_coding transcript_biotype:protein_coding	10	3					
156	0	5.13	31.1599999666214	18.0899992585182	18.0899992585182	ENST00000482962_9	[1 - 597] cdna:known chromosome:GRCh37:1:228270923:228285597:1 gene:ENSG00000143761 gene_biotype:protein_coding transcript_biotype:processed_transcript	9	3					
156	0	5.13	27.6199996471405	19.8899999260902	19.8899999260902	sp|P84077|ARF1_HUMAN	ADP-ribosylation factor 1 OS=Homo sapiens GN=ARF1 PE=1 SV=2	HUMAN	3					
156	0	5.13	27.6199996471405	19.8899999260902	19.8899999260902	sp|P61204|ARF3_HUMAN	ADP-ribosylation factor 3 OS=Homo sapiens GN=ARF3 PE=1 SV=2	HUMAN	3					
156	0	5.13	25	25	25	tr|B7ZB63|B7ZB63_HUMAN	ADP-ribosylation factor 3 OS=Homo sapiens GN=ARF3 PE=2 SV=1	HUMAN	3					
156	0	4.63	25.560000538826	17.2199994325638	17.2199994325638	sp|P84085|ARF5_HUMAN	ADP-ribosylation factor 5 OS=Homo sapiens GN=ARF5 PE=1 SV=2	HUMAN	3					
156	0	4.63	19.9100002646446	13.4200006723404	13.4200006723404	ENST00000000233_6	[2 - 694] cdna:known chromosome:GRCh37:7:127228399:127231759:1 gene:ENSG00000004059 gene_biotype:protein_coding transcript_biotype:protein_coding	6	3					
156	0	3.37	22.3800003528595	10.0000001490116	10.0000001490116	tr|F5H423|F5H423_HUMAN	Uncharacterized protein OS=Homo sapiens PE=3 SV=1	HUMAN	2					
157	5.13	5.13	38.7600004673004	33.3299994468689	33.3299994468689	sp|P18136|KV313_HUMAN	Ig kappa chain V-III region HIC OS=Homo sapiens PE=2 SV=2	HUMAN	4					
157	0	5.13	38.7600004673004	33.3299994468689	33.3299994468689	sp|P18135|KV312_HUMAN	Ig kappa chain V-III region HAH OS=Homo sapiens PE=2 SV=1	HUMAN	4					
157	0	5.13	45.8700001239777	39.4499987363815	39.4499987363815	sp|P01623|KV305_HUMAN	Ig kappa chain V-III region WOL OS=Homo sapiens PE=1 SV=1	HUMAN	4					
157	0	5.06	39.4499987363815	39.4499987363815	39.4499987363815	sp|P01620|KV302_HUMAN	Ig kappa chain V-III region SIE OS=Homo sapiens PE=1 SV=1	HUMAN	4					
157	0	4.07	37.610000371933	31.1899989843369	31.1899989843369	sp|P01622|KV304_HUMAN	Ig kappa chain V-III region Ti OS=Homo sapiens PE=1 SV=1	HUMAN	3					
157	0	4	31.1899989843369	31.1899989843369	31.1899989843369	sp|P04206|KV307_HUMAN	Ig kappa chain V-III region GOL OS=Homo sapiens PE=1 SV=1	HUMAN	3					
158	5.12	5.12	27.360001206398	9.4530001282692	9.4530001282692	ENST00000297258_10	[36 - 638] cdna:known chromosome:GRCh37:8:82192598:82197012:1 gene:ENSG00000164687 gene_biotype:protein_coding transcript_biotype:protein_coding	10	3					
158	0	5.12	28.150001168251	14.0699997544289	14.0699997544289	sp|Q01469|FABP5_HUMAN	Fatty acid-binding protein, epidermal OS=Homo sapiens GN=FABP5 PE=1 SV=3	HUMAN	3					
158	0	3.39	15.8399999141693	9.90099981427193	9.90099981427193	tr|I6L8B7|I6L8B7_HUMAN	Fatty acid-binding protein, epidermal OS=Homo sapiens GN=FABP5 PE=1 SV=1	HUMAN	2					
159	5.11	5.11	14.470000565052	5.72299994528294	5.72299994528294	ENST00000262776_28	[178 - 2064] cdna:known chromosome:GRCh37:17:76967320:76976191:-1 gene:ENSG00000108679 gene_biotype:protein_coding transcript_biotype:protein_coding	28	3					
159	0	5.11	11.6200000047684	6.1540000140667	6.1540000140667	sp|Q08380|LG3BP_HUMAN	Galectin-3-binding protein OS=Homo sapiens GN=LGALS3BP PE=1 SV=1	HUMAN	3					
160	5.09	5.09	51.1099994182587	13.6999994516373	13.6999994516373	ENST00000549920_12	[148 - 957] cdna:known chromosome:GRCh37:19:49118585:49122793:-1 gene:ENSG00000063177 gene_biotype:protein_coding transcript_biotype:protein_coding	12	3					
160	0	5.07	52.6600003242493	19.6799993515015	19.6799993515015	sp|Q07020|RL18_HUMAN	60S ribosomal protein L18 OS=Homo sapiens GN=RPL18 PE=1 SV=2	HUMAN	3					
160	0	5.07	44.7400003671646	19.4700002670288	19.4700002670288	tr|J3QQ67|J3QQ67_HUMAN	60S ribosomal protein L18 (Fragment) OS=Homo sapiens GN=RPL18 PE=1 SV=1	HUMAN	3					
160	0	5.07	50.900000333786	22.1599996089935	22.1599996089935	tr|H0YHA7|H0YHA7_HUMAN	60S ribosomal protein L18 (Fragment) OS=Homo sapiens GN=RPL18 PE=1 SV=1	HUMAN	3					
160	0	5.07	41.4600014686584	22.5600004196167	22.5600004196167	tr|G3V203|G3V203_HUMAN	60S ribosomal protein L18 OS=Homo sapiens GN=RPL18 PE=1 SV=1	HUMAN	3					
160	0	5.07	53.4600019454956	23.2700005173683	23.2700005173683	sp|Q07020-2|RL18_HUMAN	Isoform 2 of 60S ribosomal protein L18 OS=Homo sapiens GN=RPL18	HUMAN	3					
160	0	3.96	56.9199979305267	20.0000002980232	20.0000002980232	tr|F8VUA6|F8VUA6_HUMAN	60S ribosomal protein L18 (Fragment) OS=Homo sapiens GN=RPL18 PE=1 SV=1	HUMAN	2					
160	0	3.07	36.0900014638901	18.0500000715256	18.0500000715256	tr|F8VYV2|F8VYV2_HUMAN	60S ribosomal protein L18 OS=Homo sapiens GN=RPL18 PE=1 SV=1	HUMAN	2					
161	5.06	5.06	23.4999999403954	9.3529999256134	5.75499981641769	sp|P27797|CALR_HUMAN	Calreticulin OS=Homo sapiens GN=CALR PE=1 SV=1	HUMAN	3					
161	0	5.06	22.9000002145767	9.11199972033501	5.60699999332428	ENST00000316448_18	[41 - 1324] cdna:known chromosome:GRCh37:19:13049421:13055303:1 gene:ENSG00000179218 gene_biotype:protein_coding transcript_biotype:protein_coding	18	3					
162	5.02	5.02	24.6900007128716	13.0999997258186	9.31999981403351	ENST00000356674_12	[2 - 1192] cdna:known chromosome:GRCh37:7:26231464:26240366:-1 gene:ENSG00000122566 gene_biotype:protein_coding transcript_biotype:protein_coding	12	3					
162	0	5.02	23.9600002765656	12.7100005745888	9.04600024223328	ENST00000354667_14	[2 - 1228] cdna:known chromosome:GRCh37:7:26229547:26240366:-1 gene:ENSG00000122566 gene_biotype:protein_coding transcript_biotype:protein_coding	14	3					
162	0	5.02	25.4999995231628	14.7300004959106	10.4800000786781	sp|P22626|ROA2_HUMAN	Heterogeneous nuclear ribonucleoproteins A2/B1 OS=Homo sapiens GN=HNRNPA2B1 PE=1 SV=2	HUMAN	3					
162	0	5.02	26.3900011777878	15.2500003576279	10.8499996364117	sp|P22626-2|ROA2_HUMAN	Isoform A2 of Heterogeneous nuclear ribonucleoproteins A2/B1 OS=Homo sapiens GN=HNRNPA2B1	HUMAN	3					
163	4.97	16.32	37.7000004053116	15.8099994063377	11.3600000739098	sp|P07900-2|HS90A_HUMAN	Isoform 2 of Heat shock protein HSP 90-alpha OS=Homo sapiens GN=HSP90AA1	HUMAN	8					
163	0	16.32	36.379998922348	15.2500003576279	10.9600000083447	ENST00000334701_53	[190 - 2844] cdna:known chromosome:GRCh37:14:102547386:102606023:-1 gene:ENSG00000080824 gene_biotype:protein_coding transcript_biotype:protein_coding	53	8					
163	0	16.32	42.2100007534027	18.4400007128716	13.2499992847443	sp|P07900|HS90A_HUMAN	Heat shock protein HSP 90-alpha OS=Homo sapiens GN=HSP90AA1 PE=1 SV=5	HUMAN	8					
163	0	8.92	32.1999996900558	18.1600004434586	11.6200000047684	tr|Q86U12|Q86U12_HUMAN	Full-length cDNA clone CS0CAP007YF18 of Thymus of Homo sapiens (human) OS=Homo sapiens GN=HSP90AA1 PE=1 SV=1	HUMAN	4					
164	4.95	4.95	37.1199995279312	11.0200002789497	7.96599984169006	ENST00000356487_24	[146 - 1915] cdna:known chromosome:GRCh37:19:34855931:34891233:1 gene:ENSG00000105220 gene_biotype:protein_coding transcript_biotype:protein_coding	24	3					
164	0	4.95	37.5499993562698	13.7099996209145	9.91600006818771	tr|K7EQ48|K7EQ48_HUMAN	Glucose-6-phosphate isomerase OS=Homo sapiens GN=GPI PE=1 SV=2	HUMAN	3					
164	0	4.95	31.9000005722046	11.6499997675419	8.42299982905388	sp|P06744|G6PI_HUMAN	Glucose-6-phosphate isomerase OS=Homo sapiens GN=GPI PE=1 SV=4	HUMAN	3					
164	0	4.95	31.0600012540817	11.3399997353554	8.20199996232986	ENST00000588991_22	[1 - 1719] cdna:novel chromosome:GRCh37:19:34855887:34891240:1 gene:ENSG00000105220 gene_biotype:protein_coding transcript_biotype:protein_coding	22	3					
164	0	4.95	28.1199991703033	11.4200003445148	8.25999975204468	sp|P06744-2|G6PI_HUMAN	Isoform 2 of Glucose-6-phosphate isomerase OS=Homo sapiens GN=GPI	HUMAN	3					
165	4.91	4.91	28.0400007963181	10.3100001811981	7.62899965047836	tr|G5EA52|G5EA52_HUMAN	Protein disulfide-isomerase OS=Homo sapiens GN=PDIA3 PE=1 SV=1	HUMAN	3					
165	0	4.91	26.9300013780594	9.90099981427193	7.32700005173683	sp|P30101|PDIA3_HUMAN	Protein disulfide-isomerase A3 OS=Homo sapiens GN=PDIA3 PE=1 SV=4	HUMAN	3					
165	0	4.91	24.549999833107	9.02500003576279	6.67899996042252	ENST00000300289_28	[2 - 1663] cdna:known chromosome:GRCh37:15:44038590:44065477:1 gene:ENSG00000167004 gene_biotype:protein_coding transcript_biotype:protein_coding	28	3					
165	0	4.91	16.6999995708466	10.8499996364117	8.02600011229515	ENST00000471856_23	[2 - 1384] cdna:pseudogene chromosome:GRCh37:1:146649692:146651201:1 gene:ENSG00000180867 gene_biotype:pseudogene transcript_biotype:processed_pseudogene	23	3					
166	4.9	4.9	28.4299999475479	14.3099993467331	9.1449998319149	tr|F5H7G9|F5H7G9_HUMAN	Guanylate-binding protein 6 OS=Homo sapiens GN=GBP6 PE=4 SV=1	HUMAN	5					
166	0	4.9	22.5899994373322	11.370000243187	7.26699978113174	sp|Q6ZN66|GBP6_HUMAN	Guanylate-binding protein 6 OS=Homo sapiens GN=GBP6 PE=2 SV=1	HUMAN	5					
166	0	4.9	21.9300001859665	11.0399998724461	7.05500021576881	ENST00000370456_34	[37 - 1992] cdna:known chromosome:GRCh37:1:89829617:89852020:1 gene:ENSG00000183347 gene_biotype:protein_coding transcript_biotype:protein_coding	34	5					
166	0	3.6	29.3900012969971	11.8199996650219	8.78399983048439	sp|Q6ZN66-2|GBP6_HUMAN	Isoform 2 of Guanylate-binding protein 6 OS=Homo sapiens GN=GBP6	HUMAN	3					
167	4.83	37.13	75.9899973869324	50.8800029754639	40.090000629425	ENST00000311208_20	[3 - 1364] cdna:known chromosome:GRCh37:17:39775689:39780829:-1 gene:ENSG00000128422 gene_biotype:protein_coding transcript_biotype:protein_coding	20	26					
167	0	37.13	73.8399982452393	53.4699976444244	42.1299993991852	sp|Q04695|K1C17_HUMAN	Keratin, type I cytoskeletal 17 OS=Homo sapiens GN=KRT17 PE=1 SV=2	HUMAN	26					
167	0	16.42	72.2899973392487	47.189998626709	36.3599985837936	tr|K7EPJ9|K7EPJ9_HUMAN	Keratin, type I cytoskeletal 17 (Fragment) OS=Homo sapiens GN=KRT17 PE=1 SV=1	HUMAN	12					
168	4.83	4.83	50.330001115799	29.8000007867813	29.8000007867813	sp|P62263|RS14_HUMAN	40S ribosomal protein S14 OS=Homo sapiens GN=RPS14 PE=1 SV=3	HUMAN	3					
168	0	4.83	45.7800000905991	27.1100014448166	27.1100014448166	ENST00000401695_8	[3 - 500] cdna:known chromosome:GRCh37:5:149822753:149829310:-1 gene:ENSG00000164587 gene_biotype:protein_coding transcript_biotype:protein_coding	8	3					
168	0	3.25	47.0099985599518	23.8800004124641	23.8800004124641	tr|E5RH77|E5RH77_HUMAN	40S ribosomal protein S14 OS=Homo sapiens GN=RPS14 PE=1 SV=1	HUMAN	2					
168	0	3.24	41.6700005531311	26.6699999570847	26.6699999570847	tr|H0YB22|H0YB22_HUMAN	40S ribosomal protein S14 (Fragment) OS=Homo sapiens GN=RPS14 PE=1 SV=1	HUMAN	2					
169	4.73	4.73	24.1899996995926	20.9299996495247	15.3500005602837	tr|U3KPS2|U3KPS2_HUMAN	Myeloblastin OS=Homo sapiens GN=PRTN3 PE=1 SV=1	HUMAN	3					
169	0	4.73	20.3099995851517	17.5799995660782	12.890000641346	sp|P24158|PRTN3_HUMAN	Myeloblastin OS=Homo sapiens GN=PRTN3 PE=1 SV=3	HUMAN	3					
169	0	4.73	19.4000005722046	16.7899996042252	12.3099997639656	ENST00000234347_9	[11 - 814] cdna:known chromosome:GRCh37:19:840963:848175:1 gene:ENSG00000196415 gene_biotype:protein_coding transcript_biotype:protein_coding	9	3					
170	4.66	4.66	42.5300002098084	23.5599994659424	18.3899998664856	tr|E9PR44|E9PR44_HUMAN	Alpha-crystallin B chain (Fragment) OS=Homo sapiens GN=CRYAB PE=3 SV=1	HUMAN	3					
170	0	4.66	42.289999127388	23.4300002455711	18.2899996638298	sp|P02511|CRYAB_HUMAN	Alpha-crystallin B chain OS=Homo sapiens GN=CRYAB PE=1 SV=2	HUMAN	3					
170	0	4.66	48.8400012254715	31.7799985408783	24.8099997639656	tr|E9PJL7|E9PJL7_HUMAN	Alpha-crystallin B chain (Fragment) OS=Homo sapiens GN=CRYAB PE=3 SV=2	HUMAN	3					
170	0	4.43	48.3900010585785	20.6499993801117	20.6499993801117	tr|E9PRA8|E9PRA8_HUMAN	Alpha-crystallin B chain OS=Homo sapiens GN=CRYAB PE=4 SV=1	HUMAN	3					
170	0	3.18	44.3399995565414	26.4200001955032	17.9199993610382	tr|E9PNH7|E9PNH7_HUMAN	Alpha-crystallin B chain (Fragment) OS=Homo sapiens GN=CRYAB PE=3 SV=1	HUMAN	2					
171	4.66	4.66	52.7999997138977	23.9999994635582	23.9999994635582	sp|P62851|RS25_HUMAN	40S ribosomal protein S25 OS=Homo sapiens GN=RPS25 PE=1 SV=1	HUMAN	3					
171	0	4.66	47.8300005197525	21.7399999499321	21.7399999499321	ENST00000573464_16	[368 - 781] cdna:known chromosome:GRCh37:HG299_PATCH:118886422:118889400:-1 gene:ENSG00000262088 gene_biotype:protein_coding transcript_biotype:protein_coding	16	3					
171	0	4.66	43.5499995946884	24.1899996995926	24.1899996995926	ENST00000476147_8	[1 - 372] cdna:pseudogene chromosome:GRCh37:11:27603227:27603602:1 gene:ENSG00000240036 gene_biotype:pseudogene transcript_biotype:processed_pseudogene	8	3					
172	4.65	4.65	30.5000007152557	17.4999997019768	17.4999997019768	tr|X6R8F3|X6R8F3_HUMAN	Neutrophil gelatinase-associated lipocalin OS=Homo sapiens GN=LCN2 PE=3 SV=1	HUMAN	3					
172	0	4.65	30.5000007152557	17.4999997019768	17.4999997019768	tr|H9KV70|H9KV70_HUMAN	Neutrophil gelatinase-associated lipocalin OS=Homo sapiens GN=LCN2 PE=1 SV=1	HUMAN	3					
172	0	4.65	30.8099985122681	17.679999768734	17.679999768734	sp|P80188|NGAL_HUMAN	Neutrophil gelatinase-associated lipocalin OS=Homo sapiens GN=LCN2 PE=1 SV=2	HUMAN	3					
172	0	4.65	30.8099985122681	17.679999768734	17.679999768734	sp|P80188-2|NGAL_HUMAN	Isoform 2 of Neutrophil gelatinase-associated lipocalin OS=Homo sapiens GN=LCN2	HUMAN	3					
172	0	4.65	24.210000038147	13.8899996876717	13.8899996876717	ENST00000373017_14	[76 - 831] cdna:known chromosome:GRCh37:9:130911350:130915412:1 gene:ENSG00000148346 gene_biotype:protein_coding transcript_biotype:protein_coding	14	3					
173	4.63	4.63	35.5699986219406	24.1600006818771	24.1600006818771	ENST00000368222_8	[123 - 569] cdna:known chromosome:GRCh37:1:156669398:156675393:-1 gene:ENSG00000143320 gene_biotype:protein_coding transcript_biotype:protein_coding	8	4					
173	0	4.63	54.8799991607666	43.9000010490417	43.9000010490417	tr|Q5SYZ4|Q5SYZ4_HUMAN	Cellular retinoic acid-binding protein 2 (Fragment) OS=Homo sapiens GN=CRABP2 PE=1 SV=1	HUMAN	4					
173	0	4.63	32.6099991798401	26.0899990797043	26.0899990797043	sp|P29373|RABP2_HUMAN	Cellular retinoic acid-binding protein 2 OS=Homo sapiens GN=CRABP2 PE=1 SV=2	HUMAN	4					
174	4.49	4.49	19.7699993848801	14.1200006008148	14.1200006008148	sp|P18510|IL1RA_HUMAN	Interleukin-1 receptor antagonist protein OS=Homo sapiens GN=IL1RN PE=1 SV=1	HUMAN	3					
174	0	4.49	24.4800001382828	17.4799993634224	17.4799993634224	sp|P18510-4|IL1RA_HUMAN	Isoform 4 of Interleukin-1 receptor antagonist protein OS=Homo sapiens GN=IL1RN	HUMAN	3					
174	0	4.49	19.4399997591972	13.8899996876717	13.8899996876717	sp|P18510-3|IL1RA_HUMAN	Isoform 3 of Interleukin-1 receptor antagonist protein OS=Homo sapiens GN=IL1RN	HUMAN	3					
174	0	4.49	22.0100000500679	15.7199993729591	15.7199993729591	sp|P18510-2|IL1RA_HUMAN	Isoform 2 of Interleukin-1 receptor antagonist protein OS=Homo sapiens GN=IL1RN	HUMAN	3					
174	0	4.49	17.679999768734	12.6300007104874	12.6300007104874	ENST00000409930_9	[2 - 595] cdna:known chromosome:GRCh37:2:113885138:113890698:1 gene:ENSG00000136689 gene_biotype:protein_coding transcript_biotype:protein_coding	9	3					
175	4.43	4.43	27.020001411438	7.02299997210503	4.27500009536743	ENST00000504734_26	[2 - 1966] cdna:known chromosome:GRCh37:5:179125418:179155908:1 gene:ENSG00000127022 gene_biotype:protein_coding transcript_biotype:protein_coding	26	2					
175	0	4.43	23.2400000095367	7.17599987983704	4.36800010502338	ENST00000452673_26	[1 - 1923] cdna:known chromosome:GRCh37:5:179125907:179157926:1 gene:ENSG00000127022 gene_biotype:protein_coding transcript_biotype:protein_coding	26	2					
175	0	4.43	23.1299996376038	7.33700022101402	4.4659998267889	tr|B4DGP8|B4DGP8_HUMAN	Calnexin OS=Homo sapiens GN=CANX PE=1 SV=1	HUMAN	2					
175	0	4.43	21.6199994087219	7.76999965310097	4.72999997437	sp|P27824|CALX_HUMAN	Calnexin OS=Homo sapiens GN=CANX PE=1 SV=2	HUMAN	2					
175	0	4.43	20.4500004649162	7.34800025820732	4.47300001978874	ENST00000247461_27	[99 - 1976] cdna:known chromosome:GRCh37:5:179125907:179157926:1 gene:ENSG00000127022 gene_biotype:protein_coding transcript_biotype:protein_coding	27	2					
175	0	4.08	42.9399996995926	22.3499998450279	16.4700001478195	tr|H0Y9Q7|H0Y9Q7_HUMAN	Calnexin (Fragment) OS=Homo sapiens GN=CANX PE=1 SV=1	HUMAN	2					
175	0	2.7	31.5499991178513	15.4799997806549	9.52399969100952	tr|D6RDP7|D6RDP7_HUMAN	Calnexin (Fragment) OS=Homo sapiens GN=CANX PE=1 SV=1	HUMAN	1					
175	0	2.7	36.8099987506866	18.0600002408028	11.1100003123283	tr|D6RB85|D6RB85_HUMAN	Calnexin (Fragment) OS=Homo sapiens GN=CANX PE=1 SV=1	HUMAN	1					
175	0	2.7	39.5500004291534	19.4000005722046	11.9400002062321	tr|D6RAU8|D6RAU8_HUMAN	Calnexin (Fragment) OS=Homo sapiens GN=CANX PE=1 SV=1	HUMAN	1					
175	0	2.7	35.5100005865097	24.3000000715256	14.9499997496605	tr|D6RAQ8|D6RAQ8_HUMAN	Calnexin (Fragment) OS=Homo sapiens GN=CANX PE=1 SV=1	HUMAN	1					
176	4.38	4.38	46.4300006628037	33.9300006628037	26.7899990081787	tr|F5H6Q0|F5H6Q0_HUMAN	Rho GDP-dissociation inhibitor 2 (Fragment) OS=Homo sapiens GN=ARHGDIB PE=1 SV=1	HUMAN	2					
176	0	4.38	32.9100012779236	24.0500003099442	18.9899995923042	tr|F5H3P3|F5H3P3_HUMAN	Rho GDP-dissociation inhibitor 2 (Fragment) OS=Homo sapiens GN=ARHGDIB PE=1 SV=2	HUMAN	2					
176	0	4.38	59.0900003910065	43.1800007820129	34.0900003910065	tr|F5H2R5|F5H2R5_HUMAN	Rho GDP-dissociation inhibitor 2 (Fragment) OS=Homo sapiens GN=ARHGDIB PE=1 SV=1	HUMAN	2					
176	0	4.38	25.8700013160706	18.9099997282028	14.9299994111061	sp|P52566|GDIR2_HUMAN	Rho GDP-dissociation inhibitor 2 OS=Homo sapiens GN=ARHGDIB PE=1 SV=3	HUMAN	2					
176	0	2.6	17.9499998688698	10.7699997723103	6.66700005531311	tr|H0YGX7|H0YGX7_HUMAN	Rho GDP-dissociation inhibitor 2 (Fragment) OS=Homo sapiens GN=ARHGDIB PE=1 SV=1	HUMAN	1					
177	4.37	4.38	39.3299996852875	34.8300009965897	34.8300009965897	sp|B3EWG3|FM25A_HUMAN	Protein FAM25A OS=Homo sapiens GN=FAM25A PE=2 SV=1	HUMAN	3					
177	0	4.38	36.8400007486343	32.6299995183945	32.6299995183945	ENST00000342763_4	[2 - 286] cdna:known chromosome:GRCh37:10:49203399:49207818:-1 gene:ENSG00000188279 gene_biotype:protein_coding transcript_biotype:protein_coding	4	3					
178	4.23	5.67	62.5599980354309	21.9200000166893	15.0700002908707	sp|P10412|H14_HUMAN	Histone H1.4 OS=Homo sapiens GN=HIST1H1E PE=1 SV=2	HUMAN	3					
178	0	5.67	57.3199987411499	20.0800001621246	13.8099998235703	ENST00000304218_7	[1 - 717] cdna:known chromosome:GRCh37:6:26156559:26157343:1 gene:ENSG00000168298 gene_biotype:protein_coding transcript_biotype:protein_coding	7	3					
178	0	5.67	39.4400000572205	22.5400000810623	15.4899999499321	sp|P16403|H12_HUMAN	Histone H1.2 OS=Homo sapiens GN=HIST1H1C PE=1 SV=2	HUMAN	3					
178	0	5.54	25.33999979496	21.7199996113777	14.9299994111061	sp|P16402|H13_HUMAN	Histone H1.3 OS=Homo sapiens GN=HIST1H1D PE=1 SV=2	HUMAN	3					
179	4.15	4.15	23.4300002455711	8.89400020241737	8.89400020241737	sp|P13489|RINI_HUMAN	Ribonuclease inhibitor OS=Homo sapiens GN=RNH1 PE=1 SV=2	HUMAN	3					
179	0	4.15	22.409999370575	8.50600004196167	8.50600004196167	ENST00000534797_34	[1346 - 2791] cdna:known chromosome:GRCh37:11:494512:503570:-1 gene:ENSG00000023191 gene_biotype:protein_coding transcript_biotype:protein_coding	34	3					
179	0	4.15	21.4300006628037	8.13499987125397	8.13499987125397	ENST00000397604_18	[32 - 1543] cdna:known chromosome:GRCh37:11:494515:507253:-1 gene:ENSG00000023191 gene_biotype:protein_coding transcript_biotype:protein_coding	18	3					
179	0	2.13	33.8600009679794	13.7600004673004	13.7600004673004	tr|E9PMJ3|E9PMJ3_HUMAN	Ribonuclease inhibitor (Fragment) OS=Homo sapiens GN=RNH1 PE=1 SV=1	HUMAN	2					
179	0	2.13	32.9899996519089	13.400000333786	13.400000333786	tr|E9PLZ3|E9PLZ3_HUMAN	Ribonuclease inhibitor (Fragment) OS=Homo sapiens GN=RNH1 PE=1 SV=1	HUMAN	2					
179	0	2.13	32.1599990129471	13.0700007081032	13.0700007081032	tr|E9PIM9|E9PIM9_HUMAN	Ribonuclease inhibitor (Fragment) OS=Homo sapiens GN=RNH1 PE=1 SV=1	HUMAN	2					
180	4.08	4.08	28.5699993371964	15.6299993395805	15.6299993395805	sp|P30041|PRDX6_HUMAN	Peroxiredoxin-6 OS=Homo sapiens GN=PRDX6 PE=1 SV=3	HUMAN	3					
180	0	4.08	23.8800004124641	13.060000538826	13.060000538826	ENST00000340385_12	[1 - 804] cdna:known chromosome:GRCh37:1:173446405:173457946:1 gene:ENSG00000117592 gene_biotype:protein_coding transcript_biotype:protein_coding	12	3					
181	4.06	4.06	19.9499994516373	6.97700008749962	2.93799992650747	ENST00000373312_24	[2 - 2452] cdna:known chromosome:GRCh37:9:130267622:130331367:-1 gene:ENSG00000136830 gene_biotype:protein_coding transcript_biotype:protein_coding	24	2					
181	0	3.72	15.6800001859665	6.03200010955334	3.21700014173985	sp|Q96TA1|NIBL1_HUMAN	Niban-like protein 1 OS=Homo sapiens GN=FAM129B PE=1 SV=3	HUMAN	2					
181	0	3.72	15.9600004553795	6.13900013267994	3.27400006353855	sp|Q96TA1-2|NIBL1_HUMAN	Isoform 2 of Niban-like protein 1 OS=Homo sapiens GN=FAM129B	HUMAN	2					
182	4.05	4.05	36.8999987840652	18.1799992918968	18.1799992918968	sp|P30086|PEBP1_HUMAN	Phosphatidylethanolamine-binding protein 1 OS=Homo sapiens GN=PEBP1 PE=1 SV=3	HUMAN	2					
182	0	4.05	28.5100013017654	14.0499994158745	14.0499994158745	ENST00000261313_15	[188 - 913] cdna:known chromosome:GRCh37:12:118573663:118583389:1 gene:ENSG00000089220 gene_biotype:protein_coding transcript_biotype:protein_coding	15	2					
183	4.04	4.04	25.9299993515015	11.1100003123283	11.1100003123283	ENST00000563769_18	[327 - 1055] cdna:known chromosome:GRCh37:HG79_PATCH:136223787:136225853:1 gene:ENSG00000260501 gene_biotype:protein_coding transcript_biotype:protein_coding	18	2					
183	0	4.04	26.1799991130829	14.1399994492531	14.1399994492531	tr|Q5T8U3|Q5T8U3_HUMAN	60S ribosomal protein L7a (Fragment) OS=Homo sapiens GN=RPL7A PE=1 SV=1	HUMAN	2					
183	0	4.04	15.7900005578995	10.1499997079372	10.1499997079372	sp|P62424|RL7A_HUMAN	60S ribosomal protein L7a OS=Homo sapiens GN=RPL7A PE=1 SV=2	HUMAN	2					
183	0	4.04	15.2199998497963	9.78299975395203	9.78299975395203	ENST00000564892_12	[1 - 828] cdna:known chromosome:GRCh37:HG79_PATCH:136223749:136226961:1 gene:ENSG00000260501 gene_biotype:protein_coding transcript_biotype:protein_coding	12	2					
184	4	7.62	24.6399998664856	10.8599998056889	9.23800021409988	tr|B4DGB4|B4DGB4_HUMAN	Plastin-3 OS=Homo sapiens GN=PLS3 PE=1 SV=1	HUMAN	5					
184	0	7.62	24.1300001740456	10.6299996376038	9.04799997806549	sp|P13797|PLST_HUMAN	Plastin-3 OS=Homo sapiens GN=PLS3 PE=1 SV=4	HUMAN	5					
184	0	7.62	23.9099994301796	11.2800002098083	9.59599986672401	tr|F8W8D8|F8W8D8_HUMAN	Plastin-3 OS=Homo sapiens GN=PLS3 PE=1 SV=1	HUMAN	5					
184	0	7.62	24.269999563694	11.4500001072884	9.74399968981743	tr|B7Z6M1|B7Z6M1_HUMAN	Plastin-3 OS=Homo sapiens GN=PLS3 PE=1 SV=1	HUMAN	5					
184	0	2.18	20.0000002980232	13.680000603199	13.680000603199	tr|H7C4N2|H7C4N2_HUMAN	Plastin-3 (Fragment) OS=Homo sapiens GN=PLS3 PE=1 SV=1	HUMAN	2					
185	4	4	9.48000028729439	1.29899997264147	1.29899997264147	sp|E9PAV3|NACAM_HUMAN	Nascent polypeptide-associated complex subunit alpha, muscle-specific form OS=Homo sapiens GN=NACA PE=1 SV=1	HUMAN	2					
185	0	4	9.14599969983101	1.2529999949038	1.2529999949038	ENST00000454682_91	[55 - 6516] cdna:known chromosome:GRCh37:12:57106212:57119326:-1 gene:ENSG00000196531 gene_biotype:protein_coding transcript_biotype:protein_coding	91	2					
185	0	4	25.3500014543533	9.375	9.375	ENST00000393891_15	[90 - 953] cdna:known chromosome:GRCh37:12:57106219:57119051:-1 gene:ENSG00000196531 gene_biotype:protein_coding transcript_biotype:protein_coding	15	2					
185	0	4	3.78400012850761	2.91900001466274	2.91900001466274	sp|E9PAV3-2|NACAM_HUMAN	Isoform 2 of Nascent polypeptide-associated complex subunit alpha, muscle-specific form OS=Homo sapiens GN=NACA	HUMAN	2					
185	0	4	12.6800000667572	12.6800000667572	12.6800000667572	tr|H0YHX9|H0YHX9_HUMAN	Nascent polypeptide-associated complex subunit alpha, muscle-specific form (Fragment) OS=Homo sapiens GN=NACA PE=1 SV=1	HUMAN	2					
185	0	4	13.6399999260902	13.6399999260902	13.6399999260902	tr|F8W0W4|F8W0W4_HUMAN	Nascent polypeptide-associated complex subunit alpha, muscle-specific form (Fragment) OS=Homo sapiens GN=NACA PE=1 SV=1	HUMAN	2					
185	0	4	19.8500007390976	19.8500007390976	19.8500007390976	tr|F8VZJ2|F8VZJ2_HUMAN	Nascent polypeptide-associated complex subunit alpha, muscle-specific form OS=Homo sapiens GN=NACA PE=1 SV=1	HUMAN	2					
185	0	4	12.559999525547	12.559999525547	12.559999525547	sp|Q13765|NACA_HUMAN	Nascent polypeptide-associated complex subunit alpha OS=Homo sapiens GN=NACA PE=1 SV=1	HUMAN	2					
185	0	2	19.7200000286102	19.7200000286102	19.7200000286102	tr|F8W1N5|F8W1N5_HUMAN	Nascent polypeptide-associated complex subunit alpha, muscle-specific form (Fragment) OS=Homo sapiens GN=NACA PE=1 SV=1	HUMAN	1					
185	0	2	9.4590000808239	9.4590000808239	9.4590000808239	tr|F8VNW4|F8VNW4_HUMAN	Nascent polypeptide-associated complex subunit alpha, muscle-specific form (Fragment) OS=Homo sapiens GN=NACA PE=1 SV=1	HUMAN	1					
186	4	4	12.9800006747246	10.3100001811981	10.3100001811981	sp|P06870|KLK1_HUMAN	Kallikrein-1 OS=Homo sapiens GN=KLK1 PE=1 SV=2	HUMAN	3					
186	0	4	13.4399995207787	10.6700003147125	10.6700003147125	ENST00000593325_27	[1047 - 1805] cdna:known chromosome:GRCh37:19:51322404:51327043:-1 gene:ENSG00000167748 gene_biotype:protein_coding transcript_biotype:nonsense_mediated_decay	27	3					
186	0	4	16.8799996376038	16.8799996376038	16.8799996376038	tr|F8WAM8|F8WAM8_HUMAN	Kallikrein-1 OS=Homo sapiens GN=KLK1 PE=3 SV=1	HUMAN	3					
186	0	4	12.5	12.5	12.5	sp|P06870-2|KLK1_HUMAN	Isoform 2 of Kallikrein-1 OS=Homo sapiens GN=KLK1	HUMAN	3					
187	4	4	21.7800006270409	21.7800006270409	21.7800006270409	sp|P31151|S10A7_HUMAN	Protein S100-A7 OS=Homo sapiens GN=S100A7 PE=1 SV=4	HUMAN	2					
187	0	4	17.0499995350838	17.0499995350838	17.0499995350838	ENST00000368723_7	[28 - 414] cdna:known chromosome:GRCh37:1:153430220:153433177:-1 gene:ENSG00000143556 gene_biotype:protein_coding transcript_biotype:protein_coding	7	2					
187	0	4	18.970000743866	18.970000743866	18.970000743866	ENST00000368722_7	[30 - 377] cdna:known chromosome:GRCh37:1:153430220:153432350:-1 gene:ENSG00000143556 gene_biotype:protein_coding transcript_biotype:protein_coding	7	2					
187	0	2	10.8900003135204	10.8900003135204	10.8900003135204	sp|Q86SG5|S1A7A_HUMAN	Protein S100-A7A OS=Homo sapiens GN=S100A7A PE=1 SV=3	HUMAN	1					
188	3.96	3.96	20.8399996161461	4.42100018262863	4.42100018262863	sp|Q01518|CAP1_HUMAN	Adenylyl cyclase-associated protein 1 OS=Homo sapiens GN=CAP1 PE=1 SV=5	HUMAN	2					
188	0	3.96	20.890000462532	4.43000011146069	4.43000011146069	sp|Q01518-2|CAP1_HUMAN	Isoform 2 of Adenylyl cyclase-associated protein 1 OS=Homo sapiens GN=CAP1	HUMAN	2					
188	0	3.96	19.6400001645088	4.16699983179569	4.16699983179569	ENST00000372802_40	[468 - 1979] cdna:known chromosome:GRCh37:1:40505912:40538187:1 gene:ENSG00000131236 gene_biotype:protein_coding transcript_biotype:protein_coding	40	2					
188	0	3.96	19.6400001645088	4.16699983179569	4.16699983179569	ENST00000372797_40	[475 - 1986] cdna:known chromosome:GRCh37:1:40505905:40538321:1 gene:ENSG00000131236 gene_biotype:protein_coding transcript_biotype:protein_coding	40	2					
189	3.93	7.24	61.0199987888336	25.5899995565414	16.9300004839897	ENST00000341485_11	[24 - 785] cdna:novel chromosome:GRCh37:1:154128840:154155684:-1 gene:ENSG00000143549 gene_biotype:protein_coding transcript_biotype:protein_coding	11	4					
189	0	7.24	49.6300011873245	24.0700006484985	15.9299999475479	ENST00000330188_13	[21 - 830] cdna:known chromosome:GRCh37:1:154128840:154155681:-1 gene:ENSG00000143549 gene_biotype:protein_coding transcript_biotype:protein_coding	13	4					
189	0	7.24	63.1600022315979	26.3200014829636	17.4099996685982	sp|P06753-3|TPM3_HUMAN	Isoform 3 of Tropomyosin alpha-3 chain OS=Homo sapiens GN=TPM3	HUMAN	4					
189	0	7.24	60.0799977779388	26.2100011110306	17.339999973774	sp|P06753-2|TPM3_HUMAN	Isoform 2 of Tropomyosin alpha-3 chain OS=Homo sapiens GN=TPM3	HUMAN	4					
189	0	7.24	61.2100005149841	28.0200004577637	18.529999256134	tr|Q5VU59|Q5VU59_HUMAN	Uncharacterized protein OS=Homo sapiens GN=TPM3 PE=1 SV=1	HUMAN	4					
189	0	7.24	56.0500025749207	26.2100011110306	17.339999973774	sp|P06753-6|TPM3_HUMAN	Isoform 6 of Tropomyosin alpha-3 chain OS=Homo sapiens GN=TPM3	HUMAN	4					
189	0	7.24	48.7899988889694	26.2100011110306	17.339999973774	sp|P06753-5|TPM3_HUMAN	Isoform 5 of Tropomyosin alpha-3 chain OS=Homo sapiens GN=TPM3	HUMAN	4					
189	0	7.24	51.8199980258942	26.3200014829636	17.4099996685982	sp|P06753-4|TPM3_HUMAN	Isoform 4 of Tropomyosin alpha-3 chain OS=Homo sapiens GN=TPM3	HUMAN	4					
189	0	5.35	62.3300015926361	24.66000020504	14.8000001907349	tr|Q5VU61|Q5VU61_HUMAN	Tropomyosin alpha-3 chain OS=Homo sapiens GN=TPM3 PE=1 SV=2	HUMAN	3					
189	0	3.82	44.2099988460541	25.2600014209747	25.2600014209747	tr|D6R904|D6R904_HUMAN	Tropomyosin alpha-3 chain OS=Homo sapiens GN=TPM3 PE=1 SV=1	HUMAN	2					
189	0	2	51.0200023651123	28.5699993371964	28.5699993371964	tr|D6RFM2|D6RFM2_HUMAN	Tropomyosin alpha-3 chain OS=Homo sapiens GN=TPM3 PE=4 SV=1	HUMAN	1					
190	3.92	3.92	31.2099993228912	19.650000333786	19.650000333786	ENST00000374517_8	[2 - 520] cdna:known chromosome:GRCh37:9:113006091:113018920:-1 gene:ENSG00000136810 gene_biotype:protein_coding transcript_biotype:protein_coding	8	4					
190	0	3.92	43.2700008153915	32.6900005340576	32.6900005340576	sp|THIO_HUMAN			4					
190	0	3.92	42.8600013256073	32.379999756813	32.379999756813	sp|P10599|THIO_HUMAN	Thioredoxin OS=Homo sapiens GN=TXN PE=1 SV=3	HUMAN	4					
190	0	3.39	38.8200014829636	25.8799999952316	25.8799999952316	sp|P10599-2|THIO_HUMAN	Isoform 2 of Thioredoxin OS=Homo sapiens GN=TXN	HUMAN	3					
191	3.91	3.91	42.0500010251999	32.9499989748001	28.4099996089935	tr|Q5T123|Q5T123_HUMAN	SH3 domain-binding glutamic acid-rich-like protein 3 OS=Homo sapiens GN=SH3BGRL3 PE=1 SV=1	HUMAN	2					
191	0	3.91	39.7799998521805	31.1800003051758	26.8799990415573	sp|Q9H299|SH3L3_HUMAN	SH3 domain-binding glutamic acid-rich-like protein 3 OS=Homo sapiens GN=SH3BGRL3 PE=1 SV=1	HUMAN	2					
191	0	3.91	14.3999993801117	11.2800002098083	9.72800031304359	ENST00000270792_19	[489 - 1259] cdna:known chromosome:GRCh37:1:26605667:26608007:1 gene:ENSG00000142669 gene_biotype:protein_coding transcript_biotype:protein_coding	19	2					
192	3.9	3.9	22.5899994373322	5.33900000154972	5.33900000154972	sp|P17213|BPI_HUMAN	Bactericidal permeability-increasing protein OS=Homo sapiens GN=BPI PE=1 SV=4	HUMAN	2					
192	0	3.9	21.3200002908707	5.0390001386404	5.0390001386404	ENST00000262865_28	[3 - 1550] cdna:known chromosome:GRCh37:20:36932525:36965907:1 gene:ENSG00000101425 gene_biotype:protein_coding transcript_biotype:protein_coding	28	2					
193	3.9	3.9	37.5600010156631	19.2900002002716	9.6450001001358	ENST00000598742_8	[217 - 807] cdna:known chromosome:GRCh37:19:42363988:42376994:1 gene:ENSG00000105372 gene_biotype:protein_coding transcript_biotype:protein_coding	8	2					
193	0	3.9	38.620001077652	26.2100011110306	13.0999997258186	sp|P39019|RS19_HUMAN	40S ribosomal protein S19 OS=Homo sapiens GN=RPS19 PE=1 SV=2	HUMAN	2					
194	3.87	3.87	26.8200010061264	7.82100036740303	7.82100036740303	sp|O14745|NHRF1_HUMAN	Na(+)/H(+) exchange regulatory cofactor NHE-RF1 OS=Homo sapiens GN=SLC9A3R1 PE=1 SV=4	HUMAN	2					
194	0	3.87	22.6999998092651	6.61899968981743	6.61899968981743	ENST00000262613_14	[1 - 1269] cdna:known chromosome:GRCh37:17:72744791:72765492:1 gene:ENSG00000109062 gene_biotype:protein_coding transcript_biotype:protein_coding	14	2					
194	0	2.04	28.8399994373322	6.51199966669083	6.51199966669083	tr|J3QRP6|J3QRP6_HUMAN	Na(+)/H(+) exchange regulatory cofactor NHE-RF1 (Fragment) OS=Homo sapiens GN=SLC9A3R1 PE=1 SV=1	HUMAN	1					
195	3.87	3.87	34.3199998140335	20.1199993491173	20.1199993491173	tr|E9PLD0|E9PLD0_HUMAN	Ras-related protein Rab-1B OS=Homo sapiens GN=RAB1B PE=3 SV=1	HUMAN	3					
195	0.05	3.16	28.9000004529953	17.9199993610382	10.980000346899	tr|E7END7|E7END7_HUMAN	Ras-related protein Rab-1A OS=Homo sapiens GN=RAB1A PE=1 SV=1	HUMAN	2					
195	0	3.87	28.8599997758865	16.9200003147125	16.9200003147125	sp|Q9H0U4|RAB1B_HUMAN	Ras-related protein Rab-1B OS=Homo sapiens GN=RAB1B PE=1 SV=1	HUMAN	3					
195	0	3.87	29.1500002145767	17.0900002121925	17.0900002121925	ENST00000527397_9	[1 - 597] cdna:novel chromosome:GRCh37:11:66036061:66044100:1 gene:ENSG00000174903 gene_biotype:protein_coding transcript_biotype:protein_coding	9	3					
195	0	3.16	28.9000004529953	17.9199993610382	10.980000346899	tr|B7Z8M7|B7Z8M7_HUMAN	Ras-related protein Rab-1A OS=Homo sapiens GN=RAB1A PE=1 SV=1	HUMAN	2					
195	0	3.16	24.3900001049042	15.1199996471405	9.2679999768734	sp|P62820|RAB1A_HUMAN	Ras-related protein Rab-1A OS=Homo sapiens GN=RAB1A PE=1 SV=3	HUMAN	2					
195	0	3.16	35.4600012302399	21.9899997115135	13.4800001978874	sp|P62820-2|RAB1A_HUMAN	Isoform 2 of Ras-related protein Rab-1A OS=Homo sapiens GN=RAB1A	HUMAN	2					
195	0	3.16	22.4199995398521	13.8999998569489	8.51999968290329	ENST00000409751_11	[40 - 708] cdna:novel chromosome:GRCh37:2:65315005:65357238:-1 gene:ENSG00000138069 gene_biotype:protein_coding transcript_biotype:protein_coding	11	2					
195	0	2.5	24.8799994587898	12.9399999976158	12.9399999976158	sp|Q92928|RAB1C_HUMAN	Putative Ras-related protein Rab-1C OS=Homo sapiens GN=RAB1C PE=5 SV=2	HUMAN	2					
196	3.82	3.82	29.449999332428	18.4900000691414	18.4900000691414	sp|P01034|CYTC_HUMAN	Cystatin-C OS=Homo sapiens GN=CST3 PE=1 SV=1	HUMAN	3					
196	0	3.82	29.0499985218048	18.24000030756	18.24000030756	ENST00000398411_7	[78 - 521] cdna:known chromosome:GRCh37:20:23608534:23618582:-1 gene:ENSG00000101439 gene_biotype:protein_coding transcript_biotype:protein_coding	7	3					
197	3.81	3.81	26.8200010061264	7.81299993395805	4.81799989938736	ENST00000348943_29	[2 - 2305] cdna:known chromosome:GRCh37:19:8509651:8553998:1 gene:ENSG00000099783 gene_biotype:protein_coding transcript_biotype:protein_coding	29	3					
197	0	3.81	28.0800014734268	8.68299975991249	5.35500012338161	sp|P52272-2|HNRPM_HUMAN	Isoform 2 of Heterogeneous nuclear ribonucleoprotein M OS=Homo sapiens GN=HNRNPM	HUMAN	3					
197	0	3.81	23.1499999761581	8.21899995207787	5.06800003349781	sp|P52272|HNRPM_HUMAN	Heterogeneous nuclear ribonucleoprotein M OS=Homo sapiens GN=HNRNPM PE=1 SV=3	HUMAN	3					
197	0	2.9	22.1599996089935	6.25	6.25	tr|M0R019|M0R019_HUMAN	Heterogeneous nuclear ribonucleoprotein M (Fragment) OS=Homo sapiens GN=HNRNPM PE=1 SV=2	HUMAN	2					
197	0	2.9	14.8499995470047	6.16200007498264	6.16200007498264	tr|M0R2T0|M0R2T0_HUMAN	Heterogeneous nuclear ribonucleoprotein M (Fragment) OS=Homo sapiens GN=HNRNPM PE=1 SV=1	HUMAN	2					
197	0	2.9	19.2699998617172	7.99999982118607	7.99999982118607	tr|M0R0N3|M0R0N3_HUMAN	Heterogeneous nuclear ribonucleoprotein M (Fragment) OS=Homo sapiens GN=HNRNPM PE=1 SV=2	HUMAN	2					
197	0	2.9	28.7699997425079	10.0500002503395	10.0500002503395	tr|M0QYQ7|M0QYQ7_HUMAN	Heterogeneous nuclear ribonucleoprotein M (Fragment) OS=Homo sapiens GN=HNRNPM PE=1 SV=1	HUMAN	2					
197	0	2.9	38.3799999952316	22.2200006246567	22.2200006246567	tr|M0R0Y6|M0R0Y6_HUMAN	Heterogeneous nuclear ribonucleoprotein M OS=Homo sapiens GN=HNRNPM PE=1 SV=1	HUMAN	2					
198	3.78	3.78	68.0299997329712	36.7300003767014	29.9299985170364	sp|P68871|HBB_HUMAN	Hemoglobin subunit beta OS=Homo sapiens GN=HBB PE=1 SV=2	HUMAN	3					
198	0	3.78	68.4899985790253	36.9899988174438	30.1400005817413	sp|HBB_HUMAN			3					
198	0	3.78	65.3599977493286	35.2899998426437	28.7600010633469	ENST00000335295_10	[33 - 491] cdna:known chromosome:GRCh37:11:5246694:5248301:-1 gene:ENSG00000244734 gene_biotype:protein_coding transcript_biotype:protein_coding	10	3					
198	0	2.83	74.4400024414063	46.6699987649918	35.5599999427795	tr|F8W6P5|F8W6P5_HUMAN	LVV-hemorphin-7 (Fragment) OS=Homo sapiens GN=HBB PE=1 SV=1	HUMAN	2					
199	3.74	3.74	14.7799998521805	4.56200018525124	4.56200018525124	sp|P50990|TCPQ_HUMAN	T-complex protein 1 subunit theta OS=Homo sapiens GN=CCT8 PE=1 SV=4	HUMAN	2					
199	0	3.74	14.5899996161461	4.5049998909235	4.5049998909235	ENST00000286788_30	[187 - 1851] cdna:known chromosome:GRCh37:21:30428645:30446118:-1 gene:ENSG00000156261 gene_biotype:protein_coding transcript_biotype:protein_coding	30	2					
199	0	3.74	13.6099994182587	4.72600013017654	4.72600013017654	sp|P50990-2|TCPQ_HUMAN	Isoform 2 of T-complex protein 1 subunit theta OS=Homo sapiens GN=CCT8	HUMAN	2					
199	0	3.74	13.0500003695488	5.26299998164177	5.26299998164177	sp|P50990-3|TCPQ_HUMAN	Isoform 3 of T-complex protein 1 subunit theta OS=Homo sapiens GN=CCT8	HUMAN	2					
199	0	3.74	12.5	5.04000000655651	5.04000000655651	ENST00000540844_27	[138 - 1625] cdna:known chromosome:GRCh37:21:30428650:30445972:-1 gene:ENSG00000156261 gene_biotype:protein_coding transcript_biotype:protein_coding	27	2					
199	0	2	11.4600002765656	4.64400015771389	4.64400015771389	tr|H7C4C8|H7C4C8_HUMAN	T-complex protein 1 subunit theta (Fragment) OS=Homo sapiens GN=CCT8 PE=1 SV=1	HUMAN	1					
200	3.72	3.72	11.4699997007847	2.93300002813339	2.93300002813339	ENST00000608006_34	[1 - 2250] cdna:novel chromosome:GRCh37:HG1350_HG959_PATCH:42214490:42235250:1 gene:ENSG00000272743 gene_biotype:protein_coding transcript_biotype:protein_coding	34	2					
200	0	3.72	5.27100004255772	3.13399992883205	3.13399992883205	sp|P06731|CEAM5_HUMAN	Carcinoembryonic antigen-related cell adhesion molecule 5 OS=Homo sapiens GN=CEACAM5 PE=1 SV=3	HUMAN	2					
200	0	3.72	5.27799986302853	3.13800014555454	3.13800014555454	sp|P06731-2|CEAM5_HUMAN	Isoform 2 of Carcinoembryonic antigen-related cell adhesion molecule 5 OS=Homo sapiens GN=CEACAM5	HUMAN	2					
200	0	2	18.4200003743172	8.55299979448318	8.55299979448318	tr|M0QXV9|M0QXV9_HUMAN	Uncharacterized protein (Fragment) OS=Homo sapiens PE=4 SV=1	HUMAN	1					
200	0	2	19.8599994182587	9.22000035643578	9.22000035643578	tr|M0QX98|M0QX98_HUMAN	Carcinoembryonic antigen-related cell adhesion molecule 5 (Fragment) OS=Homo sapiens GN=CEACAM5 PE=4 SV=1	HUMAN	1					
200	0	2	6.70100003480911	6.70100003480911	6.70100003480911	tr|M0R3J1|M0R3J1_HUMAN	Carcinoembryonic antigen-related cell adhesion molecule 5 (Fragment) OS=Homo sapiens GN=CEACAM5 PE=4 SV=1	HUMAN	1					
200	0	1.66	7.16300010681152	2.57900003343821	2.57900003343821	sp|P31997|CEAM8_HUMAN	Carcinoembryonic antigen-related cell adhesion molecule 8 OS=Homo sapiens GN=CEACAM8 PE=1 SV=2	HUMAN	1					
200	0	1.66	2.50700004398823	2.50700004398823	2.50700004398823	tr|E7EUB1|E7EUB1_HUMAN	Carcinoembryonic antigen-related cell adhesion molecule 1 OS=Homo sapiens GN=CEACAM1 PE=1 SV=1	HUMAN	1					
200	0	1.66	1.71099994331598	1.71099994331598	1.71099994331598	sp|P13688|CEAM1_HUMAN	Carcinoembryonic antigen-related cell adhesion molecule 1 OS=Homo sapiens GN=CEACAM1 PE=1 SV=2	HUMAN	1					
200	0	1.66	2.25600004196167	2.25600004196167	2.25600004196167	sp|P13688-9|CEAM1_HUMAN	Isoform 9 of Carcinoembryonic antigen-related cell adhesion molecule 1 OS=Homo sapiens GN=CEACAM1	HUMAN	1					
200	0	1.66	1.94000005722046	1.94000005722046	1.94000005722046	sp|P13688-8|CEAM1_HUMAN	Isoform 8 of Carcinoembryonic antigen-related cell adhesion molecule 1 OS=Homo sapiens GN=CEACAM1	HUMAN	1					
200	0	1.66	2.09299996495247	2.09299996495247	2.09299996495247	sp|P13688-6|CEAM1_HUMAN	Isoform 6 of Carcinoembryonic antigen-related cell adhesion molecule 1 OS=Homo sapiens GN=CEACAM1	HUMAN	1					
200	0	1.66	1.95199996232986	1.95199996232986	1.95199996232986	sp|P13688-5|CEAM1_HUMAN	Isoform 5 of Carcinoembryonic antigen-related cell adhesion molecule 1 OS=Homo sapiens GN=CEACAM1	HUMAN	1					
200	0	1.66	2.56399996578693	2.56399996578693	2.56399996578693	sp|P13688-4|CEAM1_HUMAN	Isoform 4 of Carcinoembryonic antigen-related cell adhesion molecule 1 OS=Homo sapiens GN=CEACAM1	HUMAN	1					
200	0	1.66	2.80399993062019	2.80399993062019	2.80399993062019	sp|P13688-3|CEAM1_HUMAN	Isoform 3 of Carcinoembryonic antigen-related cell adhesion molecule 1 OS=Homo sapiens GN=CEACAM1	HUMAN	1					
200	0	1.66	2.15799994766712	2.15799994766712	2.15799994766712	sp|P13688-2|CEAM1_HUMAN	Isoform 2 of Carcinoembryonic antigen-related cell adhesion molecule 1 OS=Homo sapiens GN=CEACAM1	HUMAN	1					
200	0	1.66	2.44600009173155	2.44600009173155	2.44600009173155	sp|P13688-11|CEAM1_HUMAN	Isoform 11 of Carcinoembryonic antigen-related cell adhesion molecule 1 OS=Homo sapiens GN=CEACAM1	HUMAN	1					
200	0	1.66	1.92300006747246	1.92300006747246	1.92300006747246	sp|P13688-10|CEAM1_HUMAN	Isoform 10 of Carcinoembryonic antigen-related cell adhesion molecule 1 OS=Homo sapiens GN=CEACAM1	HUMAN	1					
201	3.71	3.71	22.7699995040894	18.4599995613098	10.1499997079372	tr|B4DPX4|B4DPX4_HUMAN	Synaptic vesicle membrane protein VAT-1 homolog OS=Homo sapiens GN=VAT1 PE=1 SV=1	HUMAN	2					
201	0	3.71	18.8299998641014	15.2700006961823	8.39700028300285	sp|Q99536|VAT1_HUMAN	Synaptic vesicle membrane protein VAT-1 homolog OS=Homo sapiens GN=VAT1 PE=1 SV=2	HUMAN	2					
201	0	3.71	17.4099996685982	14.1200006008148	7.76500031352043	ENST00000355653_16	[1 - 1275] cdna:known chromosome:GRCh37:17:41166622:41174435:-1 gene:ENSG00000108828 gene_biotype:protein_coding transcript_biotype:protein_coding	16	2					
201	0	2.65	30.1400005817413	30.1400005817413	11.6400003433228	tr|K7ERT7|K7ERT7_HUMAN	Synaptic vesicle membrane protein VAT-1 homolog (Fragment) OS=Homo sapiens GN=VAT1 PE=1 SV=1	HUMAN	1					
202	3.7	3.7	40.2300000190735	11.4900000393391	11.4900000393391	ENST00000451546_17	[151 - 933] cdna:known chromosome:GRCh37:HSCHR6_MHC_SSTO:31688317:31697500:-1 gene:ENSG00000223639 gene_biotype:protein_coding transcript_biotype:protein_coding	17	2					
202	0	3.69	39.8299992084503	12.4499998986721	12.4499998986721	sp|O00299|CLIC1_HUMAN	Chloride intracellular channel protein 1 OS=Homo sapiens GN=CLIC1 PE=1 SV=4	HUMAN	2					
202	0	3.69	34.6599996089935	10.8300000429153	10.8300000429153	ENST00000438750_28	[466 - 1296] cdna:known chromosome:GRCh37:HSCHR6_MHC_SSTO:31688317:31695060:-1 gene:ENSG00000223639 gene_biotype:protein_coding transcript_biotype:protein_coding	28	2					
203	3.69	3.69	24.6399998664856	9.95299965143204	9.95299965143204	sp|P26373|RL13_HUMAN	60S ribosomal protein L13 OS=Homo sapiens GN=RPL13 PE=1 SV=4	HUMAN	2					
203	0	3.69	23.3199998736382	9.41699966788292	9.41699966788292	ENST00000567815_8	[3 - 671] cdna:known chromosome:GRCh37:16:89627089:89629488:1 gene:ENSG00000167526 gene_biotype:protein_coding transcript_biotype:protein_coding	8	2					
203	0	2.03	15.0800004601479	8.73000025749207	8.73000025749207	tr|J3QSB4|J3QSB4_HUMAN	60S ribosomal protein L13 (Fragment) OS=Homo sapiens GN=RPL13 PE=1 SV=1	HUMAN	1					
203	0	1.63	17.679999768734	6.0979999601841	6.0979999601841	sp|P26373-2|RL13_HUMAN	Isoform 2 of 60S ribosomal protein L13 OS=Homo sapiens GN=RPL13	HUMAN	1					
204	3.68	3.68	42.6800012588501	32.9299986362457	18.2899996638298	sp|PPIA_HUMAN			3					
204	0	3.68	42.4199998378754	32.7300012111664	18.1799992918968	sp|P62937|PPIA_HUMAN	Peptidyl-prolyl cis-trans isomerase A OS=Homo sapiens GN=PPIA PE=1 SV=2	HUMAN	3					
204	0	3.68	38.8900011777878	30.0000011920929	16.6700005531311	ENST00000468812_9	[1 - 540] cdna:known chromosome:GRCh37:7:44836279:44842716:1 gene:ENSG00000196262 gene_biotype:protein_coding transcript_biotype:protein_coding	9	3					
204	0	3.67	43.3299988508224	35.8300000429153	25	tr|F8WE65|F8WE65_HUMAN	Peptidyl-prolyl cis-trans isomerase OS=Homo sapiens GN=PPIA PE=1 SV=1	HUMAN	3					
204	0	3.67	42.9800003767014	35.5399996042252	24.7899994254112	tr|C9J5S7|C9J5S7_HUMAN	Peptidyl-prolyl cis-trans isomerase OS=Homo sapiens GN=PPIA PE=1 SV=1	HUMAN	3					
205	3.67	3.67	19.1499993205071	5.34100010991097	3.49900014698505	ENST00000368262_33	[232 - 1860] cdna:known chromosome:GRCh37:1:156278805:156308038:-1 gene:ENSG00000163468 gene_biotype:protein_coding transcript_biotype:nonsense_mediated_decay	33	2					
205	0	3.67	16.5099993348122	5.32100014388561	3.48600000143051	sp|P49368|TCPG_HUMAN	T-complex protein 1 subunit gamma OS=Homo sapiens GN=CCT3 PE=1 SV=4	HUMAN	2					
205	0	3.67	17.7499994635582	5.71999996900558	3.74800004065037	sp|P49368-2|TCPG_HUMAN	Isoform 2 of T-complex protein 1 subunit gamma OS=Homo sapiens GN=CCT3	HUMAN	2					
205	0	3.67	15.4599994421005	4.9830000847578	3.2650001347065	ENST00000295688_33	[171 - 1916] cdna:known chromosome:GRCh37:1:156278759:156308256:-1 gene:ENSG00000163468 gene_biotype:protein_coding transcript_biotype:protein_coding	33	2					
205	0	3.41	15.9999996423721	3.79999987781048	3.79999987781048	tr|B4DUR8|B4DUR8_HUMAN	T-complex protein 1 subunit gamma OS=Homo sapiens GN=CCT3 PE=1 SV=1	HUMAN	2					
206	3.66	3.66	14.6699994802475	1.15599995478988	1.15599995478988	ENST00000372731_116	[3 - 7526] cdna:known chromosome:GRCh37:9:131314869:131395941:1 gene:ENSG00000197694 gene_biotype:protein_coding transcript_biotype:protein_coding	116	2					
206	0	3.66	14.0799999237061	1.17300003767014	1.17300003767014	sp|Q13813|SPTN1_HUMAN	Spectrin alpha chain, non-erythrocytic 1 OS=Homo sapiens GN=SPTAN1 PE=1 SV=3	HUMAN	2					
206	0	3.66	14.190000295639	1.18300002068281	1.18300002068281	sp|Q13813-3|SPTN1_HUMAN	Isoform 3 of Spectrin alpha chain, non-erythrocytic 1 OS=Homo sapiens GN=SPTAN1	HUMAN	2					
206	0	1.99	13.7299999594688	0.444100005552173	0.444100005552173	tr|A6NG51|A6NG51_HUMAN	Spectrin alpha chain, non-erythrocytic 1 OS=Homo sapiens GN=SPTAN1 PE=1 SV=2	HUMAN	1					
206	0	1.99	13.7299999594688	0.444100005552173	0.444100005552173	sp|Q13813-2|SPTN1_HUMAN	Isoform 2 of Spectrin alpha chain, non-erythrocytic 1 OS=Homo sapiens GN=SPTAN1	HUMAN	1					
207	3.65	3.65	59.6199989318848	44.2299991846085	33.6499989032745	sp|Q9HCY8|S10AE_HUMAN	Protein S100-A14 OS=Homo sapiens GN=S100A14 PE=1 SV=1	HUMAN	4					
207	0	3.65	52.539998292923	38.9800012111664	29.6600013971329	ENST00000476873_6	[39 - 392] cdna:known chromosome:GRCh37:1:153586731:153588414:-1 gene:ENSG00000189334 gene_biotype:protein_coding transcript_biotype:protein_coding	6	4					
208	3.6	3.6	13.9400005340576	1.78100001066923	1.36399995535612	sp|Q15149-5|PLEC_HUMAN	Isoform 5 of Plectin OS=Homo sapiens GN=PLEC	HUMAN	3					
208	0	3.6	13.5000005364418	1.77200008183718	1.35700004175305	sp|Q15149-3|PLEC_HUMAN	Isoform 3 of Plectin OS=Homo sapiens GN=PLEC	HUMAN	3					
208	0	3.6	13.4900003671646	1.77100002765656	1.35500002652407	sp|Q15149-2|PLEC_HUMAN	Isoform 2 of Plectin OS=Homo sapiens GN=PLEC	HUMAN	3					
208	0	3.6	13.5499998927116	1.78999993950129	1.37000000104308	sp|Q15149-8|PLEC_HUMAN	Isoform 8 of Plectin OS=Homo sapiens GN=PLEC	HUMAN	3					
208	0	3.6	12.7000004053116	1.72899998724461	1.32400002330542	sp|Q15149|PLEC_HUMAN	Plectin OS=Homo sapiens GN=PLEC PE=1 SV=3	HUMAN	3					
208	0	3.6	13.1300002336502	1.78699996322393	1.36799998581409	sp|Q15149-9|PLEC_HUMAN	Isoform 9 of Plectin OS=Homo sapiens GN=PLEC	HUMAN	3					
208	0	3.6	13.17999958992	1.79399996995926	1.37299997732043	sp|Q15149-7|PLEC_HUMAN	Isoform 7 of Plectin OS=Homo sapiens GN=PLEC	HUMAN	3					
208	0	3.6	13.0700007081032	1.77999995648861	1.36200003325939	sp|Q15149-6|PLEC_HUMAN	Isoform 6 of Plectin OS=Homo sapiens GN=PLEC	HUMAN	3					
208	0	3.6	13.0899995565414	1.78100001066923	1.36399995535612	sp|Q15149-4|PLEC_HUMAN	Isoform 4 of Plectin OS=Homo sapiens GN=PLEC	HUMAN	3					
208	0	3.6	12.5499993562698	1.70900002121925	1.30799999460578	ENST00000568193_155	[3 - 14222] cdna:known chromosome:GRCh37:HG104_HG975_PATCH:144997317:145033046:-1 gene:ENSG00000261109 gene_biotype:protein_coding transcript_biotype:protein_coding	155	3					
209	3.6	3.6	24.8600006103516	5.00999987125397	5.00999987125397	ENST00000395686_22	[72 - 1628] cdna:known chromosome:GRCh37:14:53106634:53162423:-1 gene:ENSG00000197930 gene_biotype:protein_coding transcript_biotype:protein_coding	22	2					
209	0	3.6	23.0800002813339	5.55600002408028	5.55600002408028	sp|Q96HE7|ERO1A_HUMAN	ERO1-like protein alpha OS=Homo sapiens GN=ERO1L PE=1 SV=2	HUMAN	2					
209	0	1.89	9.72800031304359	5.44699989259243	5.44699989259243	tr|G3V3E6|G3V3E6_HUMAN	ERO1-like protein alpha OS=Homo sapiens GN=ERO1L PE=1 SV=1	HUMAN	1					
209	0	1.89	8.28400030732155	8.28400030732155	8.28400030732155	tr|G3V5B3|G3V5B3_HUMAN	ERO1-like protein alpha (Fragment) OS=Homo sapiens GN=ERO1L PE=1 SV=1	HUMAN	1					
210	3.59	7.1	55.6599974632263	55.6599974632263	55.6599974632263	sp|P0CG06|LAC3_HUMAN	Ig lambda-3 chain C regions OS=Homo sapiens GN=IGLC3 PE=1 SV=1	HUMAN	6					
210	0	7.1	55.6599974632263	55.6599974632263	55.6599974632263	sp|P0CG05|LAC2_HUMAN	Ig lambda-2 chain C regions OS=Homo sapiens GN=IGLC2 PE=1 SV=1	HUMAN	6					
210	0	5.4	46.2300002574921	46.2300002574921	46.2300002574921	sp|P0CF74|LAC6_HUMAN	Ig lambda-6 chain C region OS=Homo sapiens GN=IGLC6 PE=4 SV=1	HUMAN	5					
210	0	5.4	50	41.5100008249283	41.5100008249283	sp|A0M8Q6|LAC7_HUMAN	Ig lambda-7 chain C region OS=Homo sapiens GN=IGLC7 PE=1 SV=2	HUMAN	4					
211	3.57	3.57	62.0299994945526	23.4200000762939	17.7200004458427	sp|Q9UHA7|IL36A_HUMAN	Interleukin-36 alpha OS=Homo sapiens GN=IL36A PE=1 SV=1	HUMAN	2					
211	0	3.57	60.1199984550476	22.6999998092651	17.1800002455711	ENST00000259211_22	[397 - 885] cdna:known chromosome:GRCh37:2:113763038:113765621:1 gene:ENSG00000136694 gene_biotype:protein_coding transcript_biotype:protein_coding	22	2					
212	3.56	3.56	47.8700011968613	19.9100002646446	9.95299965143204	ENST00000579226_13	[3 - 635] cdna:known chromosome:GRCh37:18:3247479:3256225:1 gene:ENSG00000101608 gene_biotype:protein_coding transcript_biotype:protein_coding	13	2					
212	0	3.56	38.4200006723404	23.7299993634224	11.8600003421307	tr|J3QRS3|J3QRS3_HUMAN	Myosin regulatory light chain 12A OS=Homo sapiens GN=MYL12A PE=4 SV=1	HUMAN	2					
212	0	3.56	38.1999999284744	23.6000001430511	11.8000000715256	ENST00000580887_13	[46 - 579] cdna:putative chromosome:GRCh37:18:3252273:3256233:1 gene:ENSG00000101608 gene_biotype:protein_coding transcript_biotype:protein_coding	13	2					
212	0	3.56	35.0899994373322	24.5600000023842	12.2800000011921	sp|P19105|ML12A_HUMAN	Myosin regulatory light chain 12A OS=Homo sapiens GN=MYL12A PE=1 SV=2	HUMAN	2					
212	0	3.56	34.8800003528595	24.4200006127357	12.2100003063679	sp|O14950|ML12B_HUMAN	Myosin regulatory light chain 12B OS=Homo sapiens GN=MYL12B PE=1 SV=2	HUMAN	2					
213	3.56	3.56	26.570001244545	11.1100003123283	11.1100003123283	sp|P51149|RAB7A_HUMAN	Ras-related protein Rab-7a OS=Homo sapiens GN=RAB7A PE=1 SV=1	HUMAN	2					
213	0	3.56	27.3299992084503	15.3300002217293	15.3300002217293	tr|C9J592|C9J592_HUMAN	Ras-related protein Rab-7a (Fragment) OS=Homo sapiens GN=RAB7A PE=1 SV=1	HUMAN	2					
214	3.55	3.55	11.3200001418591	4.52600009739399	2.96999998390675	sp|P14780|MMP9_HUMAN	Matrix metalloproteinase-9 OS=Homo sapiens GN=MMP9 PE=1 SV=3	HUMAN	2					
215	3.54	3.54	20.0800001621246	7.37700015306473	3.141999989748	ENST00000317091_45	[658 - 2853] cdna:known chromosome:GRCh37:16:66968363:66978999:1 gene:ENSG00000172831 gene_biotype:protein_coding transcript_biotype:protein_coding	45	2					
215	0	3.54	13.7700006365776	9.66000035405159	4.11400012671947	sp|O00748|EST2_HUMAN	Cocaine esterase OS=Homo sapiens GN=CES2 PE=1 SV=1	HUMAN	2					
215	0	2.68	10.1300001144409	7.73499980568886	4.23600003123283	sp|O00748-2|EST2_HUMAN	Isoform 2 of Cocaine esterase OS=Homo sapiens GN=CES2	HUMAN	2					
215	0	2.47	22.3900005221367	15.9199997782707	11.4399999380112	tr|J3QSC0|J3QSC0_HUMAN	Cocaine esterase (Fragment) OS=Homo sapiens GN=CES2 PE=1 SV=1	HUMAN	2					
216	3.46	3.46	41.6999995708466	13.6199995875359	13.6199995875359	tr|J3QQX2|J3QQX2_HUMAN	Rho GDP-dissociation inhibitor 1 OS=Homo sapiens GN=ARHGDIA PE=1 SV=1	HUMAN	2					
216	0	3.46	39.0399992465973	12.7499997615814	12.7499997615814	ENST00000584461_9	[12 - 764] cdna:putative chromosome:GRCh37:17:79826136:79829205:-1 gene:ENSG00000141522 gene_biotype:protein_coding transcript_biotype:protein_coding	9	2					
216	0	3.46	43.520000576973	16.5800005197525	16.5800005197525	tr|J3KTF8|J3KTF8_HUMAN	Rho GDP-dissociation inhibitor 1 (Fragment) OS=Homo sapiens GN=ARHGDIA PE=1 SV=2	HUMAN	2					
216	0	3.46	40.5800014734268	15.4599994421005	15.4599994421005	ENST00000579121_9	[15 - 635] cdna:putative chromosome:GRCh37:17:79826382:79828540:-1 gene:ENSG00000141522 gene_biotype:protein_coding transcript_biotype:protein_coding	9	2					
216	0	3.46	32.8399986028671	15.6900003552437	15.6900003552437	sp|P52565|GDIR1_HUMAN	Rho GDP-dissociation inhibitor 1 OS=Homo sapiens GN=ARHGDIA PE=1 SV=3	HUMAN	2					
216	0	3.46	47.2900003194809	24.8099997639656	24.8099997639656	tr|J3KRE2|J3KRE2_HUMAN	Rho GDP-dissociation inhibitor 1 OS=Homo sapiens GN=ARHGDIA PE=1 SV=1	HUMAN	2					
216	0	1.55	20.8800002932549	6.82699978351593	6.82699978351593	tr|J3KRY1|J3KRY1_HUMAN	Rho GDP-dissociation inhibitor 1 (Fragment) OS=Homo sapiens GN=ARHGDIA PE=1 SV=1	HUMAN	1					
216	0	1.55	32.4999988079071	10.6299996376038	10.6299996376038	sp|P52565-2|GDIR1_HUMAN	Isoform 2 of Rho GDP-dissociation inhibitor 1 OS=Homo sapiens GN=ARHGDIA	HUMAN	1					
216	0	1.55	50	18.4799998998642	18.4799998998642	tr|J3KS60|J3KS60_HUMAN	Rho GDP-dissociation inhibitor 1 OS=Homo sapiens GN=ARHGDIA PE=1 SV=1	HUMAN	1					
217	3.46	3.46	39.0500009059906	26.6699999570847	26.6699999570847	sp|P31949|S10AB_HUMAN	Protein S100-A11 OS=Homo sapiens GN=S100A11 PE=1 SV=2	HUMAN	3					
217	0	3.46	30.5999994277954	20.9000006318092	20.9000006318092	ENST00000271638_7	[34 - 435] cdna:known chromosome:GRCh37:1:152004982:152009511:-1 gene:ENSG00000163191 gene_biotype:protein_coding transcript_biotype:protein_coding	7	3					
218	3.4	3.4	45.6299990415573	33.9800000190735	22.3299995064735	sp|Q96FQ6|S10AG_HUMAN	Protein S100-A16 OS=Homo sapiens GN=S100A16 PE=1 SV=1	HUMAN	2					
218	0	3.4	34.3100011348724	25.5499988794327	16.7899996042252	ENST00000368706_8	[57 - 467] cdna:known chromosome:GRCh37:1:153579362:153585559:-1 gene:ENSG00000188643 gene_biotype:protein_coding transcript_biotype:protein_coding	8	2					
219	3.4	3.4	16.8500006198883	12.9199996590614	12.9199996590614	sp|P62913|RL11_HUMAN	60S ribosomal protein L11 OS=Homo sapiens GN=RPL11 PE=1 SV=2	HUMAN	2					
219	0	3.4	16.949999332428	12.9899993538857	12.9899993538857	sp|P62913-2|RL11_HUMAN	Isoform 2 of 60S ribosomal protein L11 OS=Homo sapiens GN=RPL11	HUMAN	2					
219	0	3.4	15.5399993062019	11.9199998676777	11.9199998676777	ENST00000374550_9	[1 - 579] cdna:known chromosome:GRCh37:1:24018269:24022915:1 gene:ENSG00000142676 gene_biotype:protein_coding transcript_biotype:protein_coding	9	2					
219	0	2.02	16.0300001502037	10.6899999082088	10.6899999082088	tr|Q5VVC9|Q5VVC9_HUMAN	60S ribosomal protein L11 (Fragment) OS=Homo sapiens GN=RPL11 PE=1 SV=1	HUMAN	1					
219	0	2.02	12.0700001716614	8.04599970579147	8.04599970579147	tr|Q5VVC8|Q5VVC8_HUMAN	60S ribosomal protein L11 (Fragment) OS=Homo sapiens GN=RPL11 PE=1 SV=1	HUMAN	1					
220	3.33	3.33	17.8599998354912	4.27500009536743	4.27500009536743	sp|P49748|ACADV_HUMAN	Very long-chain specific acyl-CoA dehydrogenase, mitochondrial OS=Homo sapiens GN=ACADVL PE=1 SV=1	HUMAN	2					
220	0	3.33	18.4799998998642	4.42299991846085	4.42299991846085	sp|P49748-2|ACADV_HUMAN	Isoform 2 of Very long-chain specific acyl-CoA dehydrogenase, mitochondrial OS=Homo sapiens GN=ACADVL	HUMAN	2					
220	0	3.33	16.3900002837181	3.92200015485287	3.92200015485287	ENST00000356839_30	[3 - 2144] cdna:known chromosome:GRCh37:17:7123125:7128592:1 gene:ENSG00000072778 gene_biotype:protein_coding transcript_biotype:protein_coding	30	2					
220	0	3.29	16.2200003862381	4.12999987602234	4.12999987602234	sp|P49748-3|ACADV_HUMAN	Isoform 3 of Very long-chain specific acyl-CoA dehydrogenase, mitochondrial OS=Homo sapiens GN=ACADVL	HUMAN	2					
221	3.32	3.32	29.7300010919571	28.8300007581711	21.6199994087219	sp|P80748|LV302_HUMAN	Ig lambda chain V-III region LOI OS=Homo sapiens PE=1 SV=1	HUMAN	2					
222	3.28	3.28	16.0099998116493	4.03200015425682	3.11099998652935	sp|Q8WUM4|PDC6I_HUMAN	Programmed cell death 6-interacting protein OS=Homo sapiens GN=PDCD6IP PE=1 SV=1	HUMAN	2					
222	0	3.28	15.9199997782707	4.00899983942509	3.09299994260073	sp|Q8WUM4-2|PDC6I_HUMAN	Isoform 2 of Programmed cell death 6-interacting protein OS=Homo sapiens GN=PDCD6IP	HUMAN	2					
222	0	3.28	15.0399997830391	3.78799997270107	2.92199999094009	ENST00000457054_34	[3 - 2774] cdna:known chromosome:GRCh37:3:33840066:33911194:1 gene:ENSG00000170248 gene_biotype:protein_coding transcript_biotype:protein_coding	34	2					
222	0	3.28	14.7699996829033	3.71900014579296	2.86899991333485	ENST00000307296_38	[159 - 2981] cdna:known chromosome:GRCh37:3:33839844:33911194:1 gene:ENSG00000170248 gene_biotype:protein_coding transcript_biotype:protein_coding	38	2					
222	0	1.74	14.7400006651878	14.7400006651878	14.7400006651878	tr|F8WDK9|F8WDK9_HUMAN	Programmed cell death 6-interacting protein OS=Homo sapiens GN=PDCD6IP PE=1 SV=1	HUMAN	1					
223	3.28	3.28	41.100001335144	12.8800004720688	12.8800004720688	tr|E9PHT9|E9PHT9_HUMAN	Annexin OS=Homo sapiens GN=ANXA5 PE=1 SV=1	HUMAN	2					
223	0	3.28	11.2499997019768	6.56199976801872	6.56199976801872	sp|P08758|ANXA5_HUMAN	Annexin A5 OS=Homo sapiens GN=ANXA5 PE=1 SV=2	HUMAN	2					
223	0	3.28	11.2899996340275	6.58299997448921	6.58299997448921	sp|ANXA5_HUMAN			2					
223	0	3.28	11.150000244379	6.50200024247169	6.50200024247169	ENST00000296511_15	[278 - 1246] cdna:known chromosome:GRCh37:4:122589110:122618268:-1 gene:ENSG00000164111 gene_biotype:protein_coding transcript_biotype:protein_coding	15	2					
223	0	1.59	9.54499989748001	5.45499995350838	5.45499995350838	tr|D6RBE9|D6RBE9_HUMAN	Annexin OS=Homo sapiens GN=ANXA5 PE=1 SV=1	HUMAN	1					
223	0	1.59	34.2900007963181	34.2900007963181	34.2900007963181	tr|D6RCN3|D6RCN3_HUMAN	Annexin A5 OS=Homo sapiens GN=ANXA5 PE=1 SV=1	HUMAN	1					
223	0	1.58	15.3799995779991	3.46199981868267	3.46199981868267	tr|D6RBL5|D6RBL5_HUMAN	Annexin OS=Homo sapiens GN=ANXA5 PE=1 SV=1	HUMAN	1					
224	3.27	3.27	14.7200003266335	2.92499996721745	2.92499996721745	sp|Q9NQ38-3|ISK5_HUMAN	Isoform long of Serine protease inhibitor Kazal-type 5 OS=Homo sapiens GN=SPINK5	HUMAN	2					
224	0	3.27	14.6200001239777	2.90600005537272	2.90600005537272	ENST00000359874_48	[53 - 3355] cdna:known chromosome:GRCh37:5:147443535:147516852:1 gene:ENSG00000133710 gene_biotype:protein_coding transcript_biotype:protein_coding	48	2					
224	0	3.27	13.8199999928474	3.00799999386072	3.00799999386072	sp|Q9NQ38|ISK5_HUMAN	Serine protease inhibitor Kazal-type 5 OS=Homo sapiens GN=SPINK5 PE=1 SV=2	HUMAN	2					
224	0	1.32	13.7600004673004	2.40199994295836	2.40199994295836	sp|Q9NQ38-2|ISK5_HUMAN	Isoform short of Serine protease inhibitor Kazal-type 5 OS=Homo sapiens GN=SPINK5	HUMAN	1					
224	0	1.32	11.0500000417233	2.53199990838766	2.53199990838766	tr|E7EWP9|E7EWP9_HUMAN	Hemofiltrate peptide HF6478 (Fragment) OS=Homo sapiens GN=SPINK5 PE=4 SV=1	HUMAN	1					
225	3.27	3.27	32.8999996185303	23.2299998402596	13.5499998927116	ENST00000261267_7	[48 - 512] cdna:known chromosome:GRCh37:12:69742121:69748014:1 gene:ENSG00000090382 gene_biotype:protein_coding transcript_biotype:protein_coding	7	7					
225	0	3.27	28.3800005912781	24.32000041008	14.190000295639	sp|P61626|LYSC_HUMAN	Lysozyme C OS=Homo sapiens GN=LYZ PE=1 SV=1	HUMAN	7					
225	0	3.27	31.25	25	14.5799994468689	ENST00000549690_5	[5 - 436] cdna:putative chromosome:GRCh37:12:69742164:69747275:1 gene:ENSG00000090382 gene_biotype:protein_coding transcript_biotype:protein_coding	5	7					
225	0	3.27	34.6199989318848	34.6199989318848	20.1900005340576	tr|F8VV32|F8VV32_HUMAN	Lysozyme C OS=Homo sapiens GN=LYZ PE=1 SV=1	HUMAN	7					
226	3.2	3.2	16.8300002813339	3.16700004041195	3.16700004041195	ENST00000265447_21	[3 - 1802] cdna:known chromosome:GRCh37:10:81914880:81965328:-1 gene:ENSG00000122359 gene_biotype:protein_coding transcript_biotype:protein_coding	21	2					
226	0	3.2	17.229999601841	3.76200005412102	3.76200005412102	sp|P50995|ANX11_HUMAN	Annexin A11 OS=Homo sapiens GN=ANXA11 PE=1 SV=1	HUMAN	2					
226	0	3.2	18.4300005435944	4.02499996125698	4.02499996125698	sp|P50995-2|ANX11_HUMAN	Isoform 2 of Annexin A11 OS=Homo sapiens GN=ANXA11	HUMAN	2					
226	0	1.38	10.809999704361	6.0809999704361	6.0809999704361	tr|H0Y6E1|H0Y6E1_HUMAN	Annexin A11 (Fragment) OS=Homo sapiens GN=ANXA11 PE=1 SV=1	HUMAN	1					
227	3.18	3.18	10.6499999761581	6.0529999434948	6.0529999434948	sp|P17174|AATC_HUMAN	Aspartate aminotransferase, cytoplasmic OS=Homo sapiens GN=GOT1 PE=1 SV=3	HUMAN	2					
227	0	3.15	8.67300033569336	6.37800022959709	6.37800022959709	tr|B7Z7E9|B7Z7E9_HUMAN	Aspartate aminotransferase OS=Homo sapiens GN=GOT1 PE=1 SV=1	HUMAN	2					
227	0	3.15	8.54300037026405	6.28099963068962	6.28099963068962	ENST00000543866_25	[152 - 1345] cdna:known chromosome:GRCh37:10:101157220:101190202:-1 gene:ENSG00000120053 gene_biotype:protein_coding transcript_biotype:protein_coding	25	2					
228	3.15	3.15	24.32000041008	16.2200003862381	16.2200003862381	tr|H7C2N1|H7C2N1_HUMAN	Thymosin alpha-1 (Fragment) OS=Homo sapiens GN=PTMA PE=1 SV=1	HUMAN	2					
228	0	3.15	45.1200008392334	14.6300002932549	14.6300002932549	ENST00000410064_11	[315 - 806] cdna:putative chromosome:GRCh37:2:232574491:232577566:1 gene:ENSG00000187514 gene_biotype:protein_coding transcript_biotype:protein_coding	11	2					
228	0	3.15	23.5300004482269	17.6499992609024	17.6499992609024	tr|B8ZZW7|B8ZZW7_HUMAN	Thymosin alpha-1 OS=Homo sapiens GN=PTMA PE=1 SV=1	HUMAN	2					
228	0	3.15	28.2400012016296	18.3200001716614	18.3200001716614	tr|B8ZZA1|B8ZZA1_HUMAN	Thymosin alpha-1 OS=Homo sapiens GN=PTMA PE=1 SV=1	HUMAN	2					
228	0	3.15	22.4299997091293	22.4299997091293	22.4299997091293	tr|B8ZZQ6|B8ZZQ6_HUMAN	Uncharacterized protein OS=Homo sapiens GN=PTMA PE=1 SV=1	HUMAN	2					
228	0	3.15	21.6199994087219	21.6199994087219	21.6199994087219	sp|P06454|PTMA_HUMAN	Prothymosin alpha OS=Homo sapiens GN=PTMA PE=1 SV=2	HUMAN	2					
228	0	3.15	21.8199998140335	21.8199998140335	21.8199998140335	sp|P06454-2|PTMA_HUMAN	Isoform 2 of Prothymosin alpha OS=Homo sapiens GN=PTMA	HUMAN	2					
229	3.14	5.11	44.310000538826	19.6099996566772	13.3300006389618	sp|P62258|1433E_HUMAN	14-3-3 protein epsilon OS=Homo sapiens GN=YWHAE PE=1 SV=1	HUMAN	3					
229	0	5.11	38.9699995517731	17.2399997711182	11.7200002074242	ENST00000264335_17	[164 - 1033] cdna:known chromosome:GRCh37:17:1247566:1303672:-1 gene:ENSG00000108953 gene_biotype:protein_coding transcript_biotype:protein_coding	17	3					
229	0	4.92	38.629999756813	14.5899996161461	14.5899996161461	sp|P62258-2|1433E_HUMAN	Isoform SV of 14-3-3 protein epsilon OS=Homo sapiens GN=YWHAE	HUMAN	3					
229	0	3.03	23.479999601841	18.2600006461143	18.2600006461143	tr|K7EM20|K7EM20_HUMAN	14-3-3 protein epsilon (Fragment) OS=Homo sapiens GN=YWHAE PE=1 SV=1	HUMAN	2					
229	0	1.86	69.1600024700165	27.0999997854233	12.1500000357628	tr|I3L3T1|I3L3T1_HUMAN	14-3-3 protein epsilon OS=Homo sapiens GN=YWHAE PE=1 SV=1	HUMAN	1					
229	0	1.86	78.7199974060059	30.8499991893768	13.8300001621246	tr|B4DJF2|B4DJF2_HUMAN	14-3-3 protein epsilon OS=Homo sapiens GN=YWHAE PE=1 SV=1	HUMAN	1					
229	0	1.71	46.7900007963181	11.9300000369549	11.9300000369549	tr|K7EIT4|K7EIT4_HUMAN	14-3-3 protein epsilon (Fragment) OS=Homo sapiens GN=YWHAE PE=1 SV=1	HUMAN	1					
229	0	1.66	14.5799994468689	13.5399997234344	13.5399997234344	ENST00000435487_5	[1 - 288] cdna:pseudogene chromosome:GRCh37:7:56635599:56636551:-1 gene:ENSG00000213650 gene_biotype:pseudogene transcript_biotype:processed_pseudogene	5	1					
230	3.12	3.12	27.0399987697601	10.419999808073	7.81800001859665	tr|F8W6I7|F8W6I7_HUMAN	Heterogeneous nuclear ribonucleoprotein A1 OS=Homo sapiens GN=HNRNPA1 PE=1 SV=2	HUMAN	2					
230	0	3.12	22.3100006580353	8.60200002789497	6.4520001411438	sp|P09651|ROA1_HUMAN	Heterogeneous nuclear ribonucleoprotein A1 OS=Homo sapiens GN=HNRNPA1 PE=1 SV=5	HUMAN	2					
230	0	3.12	25.9400010108948	10.0000001490116	7.50000029802322	sp|P09651-2|ROA1_HUMAN	Isoform A1-A of Heterogeneous nuclear ribonucleoprotein A1 OS=Homo sapiens GN=HNRNPA1	HUMAN	2					
230	0	3.12	24.4100004434586	9.41200032830238	7.05899968743324	ENST00000547566_15	[1 - 1020] cdna:known chromosome:GRCh37:12:54674532:54680872:1 gene:ENSG00000135486 gene_biotype:protein_coding transcript_biotype:nonsense_mediated_decay	15	2					
230	0	3.12	23.309999704361	8.98900032043457	6.74199983477592	ENST00000546500_26	[508 - 1575] cdna:known chromosome:GRCh37:12:54673977:54680871:1 gene:ENSG00000135486 gene_biotype:protein_coding transcript_biotype:protein_coding	26	2					
230	0	3.12	23.9700004458427	11.99000030756	8.98900032043457	sp|P09651-3|ROA1_HUMAN	Isoform 2 of Heterogeneous nuclear ribonucleoprotein A1 OS=Homo sapiens GN=HNRNPA1	HUMAN	2					
230	0	3.12	16.2499994039536	10.0000001490116	7.50000029802322	sp|Q32P51|RA1L2_HUMAN	Heterogeneous nuclear ribonucleoprotein A1-like 2 OS=Homo sapiens GN=HNRNPA1L2 PE=2 SV=2	HUMAN	2					
230	0	2.82	22.5099995732307	12.5699996948242	12.5699996948242	tr|H0YH80|H0YH80_HUMAN	Heterogeneous nuclear ribonucleoprotein A1 (Fragment) OS=Homo sapiens GN=HNRNPA1 PE=1 SV=1	HUMAN	2					
230	0	1.63	16.4499998092651	7.79199972748756	4.32900004088879	tr|F8VZ49|F8VZ49_HUMAN	Heterogeneous nuclear ribonucleoprotein A1 (Fragment) OS=Homo sapiens GN=HNRNPA1 PE=1 SV=1	HUMAN	1					
230	0	1.63	33.6299985647202	15.9299999475479	8.85000005364418	tr|F8VYN5|F8VYN5_HUMAN	Heterogeneous nuclear ribonucleoprotein A1 (Fragment) OS=Homo sapiens GN=HNRNPA1 PE=1 SV=1	HUMAN	1					
230	0	1.63	25.5199998617172	12.4099999666214	6.89700022339821	tr|F8VTQ5|F8VTQ5_HUMAN	Heterogeneous nuclear ribonucleoprotein A1 (Fragment) OS=Homo sapiens GN=HNRNPA1 PE=1 SV=1	HUMAN	1					
231	3.1	3.1	22.3199993371964	8.63099992275238	5.9519998729229	tr|B4DT77|B4DT77_HUMAN	Annexin OS=Homo sapiens GN=ANXA7 PE=1 SV=1	HUMAN	2					
231	0	3.1	15.3699994087219	5.94299994409084	4.09800000488758	sp|P20073|ANXA7_HUMAN	Annexin A7 OS=Homo sapiens GN=ANXA7 PE=1 SV=3	HUMAN	2					
231	0	3.1	16.0899996757507	6.22299984097481	4.29200008511543	sp|P20073-2|ANXA7_HUMAN	Isoform 2 of Annexin A7 OS=Homo sapiens GN=ANXA7	HUMAN	2					
232	3.07	3.07	37.6300007104874	16.4900004863739	12.3700000345707	sp|P46781|RS9_HUMAN	40S ribosomal protein S9 OS=Homo sapiens GN=RPS9 PE=1 SV=3	HUMAN	2					
232	0	3.07	31.470000743866	13.7899994850159	10.3399999439716	ENST00000604611_11	[2 - 697] cdna:known chromosome:GRCh37:HG1079_PATCH:54704126:54710901:1 gene:ENSG00000271572 gene_biotype:protein_coding transcript_biotype:protein_coding	11	2					
232	0	3.07	31.470000743866	13.7899994850159	10.3399999439716	ENST00000575746_11	[2 - 697] cdna:known chromosome:GRCh37:HSCHR19LRC_PGF1_CTG1:54704731:54711505:1 gene:ENSG00000263332 gene_biotype:protein_coding transcript_biotype:protein_coding	11	2					
232	0	1.67	27.5599986314774	10.8999997377396	5.76899982988834	tr|C9JM19|C9JM19_HUMAN	40S ribosomal protein S9 OS=Homo sapiens GN=RPS9 PE=1 SV=1	HUMAN	1					
232	0	1.67	30.9399992227554	12.2299998998642	6.4750000834465	tr|B5MCT8|B5MCT8_HUMAN	40S ribosomal protein S9 OS=Homo sapiens GN=RPS9 PE=1 SV=1	HUMAN	1					
233	2.93	2.93	49.2300003767014	25.3800004720688	14.6200001239777	sp|Q93077|H2A1C_HUMAN	Histone H2A type 1-C OS=Homo sapiens GN=HIST1H2AC PE=1 SV=3	HUMAN	1					
233	0	2.93	49.2300003767014	25.3800004720688	14.6200001239777	sp|Q7L7L0|H2A3_HUMAN	Histone H2A type 3 OS=Homo sapiens GN=HIST3H2A PE=1 SV=3	HUMAN	1					
233	0	2.93	49.2300003767014	25.3800004720688	14.6200001239777	sp|P04908|H2A1B_HUMAN	Histone H2A type 1-B/E OS=Homo sapiens GN=HIST1H2AB PE=1 SV=2	HUMAN	1					
233	0	2.93	45.7100003957748	23.5699996352196	13.570000231266	ENST00000602637_5	[1 - 420] cdna:known chromosome:GRCh37:6:26124431:26139312:1 gene:ENSG00000180573 gene_biotype:protein_coding transcript_biotype:protein_coding	5	1					
233	0	2.93	46.1499989032745	25.3800004720688	14.6200001239777	sp|Q6FI13|H2A2A_HUMAN	Histone H2A type 2-A OS=Homo sapiens GN=HIST2H2AA3 PE=1 SV=3	HUMAN	1					
233	0	2.93	46.1499989032745	25.3800004720688	14.6200001239777	sp|P20671|H2A1D_HUMAN	Histone H2A type 1-D OS=Homo sapiens GN=HIST1H2AD PE=1 SV=2	HUMAN	1					
233	0	2.93	46.1499989032745	25.3800004720688	14.6200001239777	sp|P0C0S8|H2A1_HUMAN	Histone H2A type 1 OS=Homo sapiens GN=HIST1H2AG PE=1 SV=2	HUMAN	1					
233	0	2.93	39.0599995851517	25.780001282692	14.8399993777275	sp|Q99878|H2A1J_HUMAN	Histone H2A type 1-J OS=Homo sapiens GN=HIST1H2AJ PE=1 SV=3	HUMAN	1					
233	0	2.93	38.170000910759	25.1899987459183	14.4999995827675	sp|Q96QV6|H2A1A_HUMAN	Histone H2A type 1-A OS=Homo sapiens GN=HIST1H2AA PE=1 SV=3	HUMAN	1					
233	0	2.93	39.0599995851517	25.780001282692	14.8399993777275	sp|Q96KK5|H2A1H_HUMAN	Histone H2A type 1-H OS=Homo sapiens GN=HIST1H2AH PE=1 SV=3	HUMAN	1					
233	0	2.93	38.7600004673004	25.5800008773804	14.7300004959106	sp|Q16777|H2A2C_HUMAN	Histone H2A type 2-C OS=Homo sapiens GN=HIST2H2AC PE=1 SV=4	HUMAN	1					
233	0	2.93	37.8800004720688	25	14.3900007009506	ENST00000377459_6	[36 - 431] cdna:known chromosome:GRCh37:6:27114861:27115317:1 gene:ENSG00000184825 gene_biotype:protein_coding transcript_biotype:protein_coding	6	1					
233	0	2.9	35.6599986553192	23.0800002813339	13.289999961853	sp|P16104|H2AX_HUMAN	Histone H2AX OS=Homo sapiens GN=H2AFX PE=1 SV=2	HUMAN	1					
233	0	2.9	28.1599998474121	18.970000743866	10.9200000762939	ENST00000544848_7	[1 - 522] cdna:known chromosome:GRCh37:12:14927270:14930934:1 gene:ENSG00000246705 gene_biotype:protein_coding transcript_biotype:protein_coding	7	1					
233	0	2.9	32.5599998235703	25.5800008773804	14.7300004959106	sp|Q9BTM1|H2AJ_HUMAN	Histone H2A.J OS=Homo sapiens GN=H2AFJ PE=1 SV=1	HUMAN	1					
233	0	2.86	35.8700007200241	35.8700007200241	20.6499993801117	tr|H0YFX9|H0YFX9_HUMAN	Histone H2A (Fragment) OS=Homo sapiens GN=H2AFJ PE=3 SV=1	HUMAN	1					
233	0	2.68	33.8499993085861	20.7699999213219	14.6200001239777	sp|Q8IUE6|H2A2B_HUMAN	Histone H2A type 2-B OS=Homo sapiens GN=HIST2H2AB PE=1 SV=3	HUMAN	1					
234	2.86	2.86	13.3200004696846	3.38299982249737	3.38299982249737	tr|E9PFZ2|E9PFZ2_HUMAN	Ceruloplasmin OS=Homo sapiens GN=CP PE=4 SV=1	HUMAN	2					
234	0	2.86	11.8299998342991	3.00500001758337	3.00500001758337	sp|P00450|CERU_HUMAN	Ceruloplasmin OS=Homo sapiens GN=CP PE=1 SV=1	HUMAN	2					
234	0	2.86	12.2599996626377	3.11299990862608	3.11299990862608	ENST00000490639_46	[3 - 3086] cdna:known chromosome:GRCh37:3:148895572:148939611:-1 gene:ENSG00000047457 gene_biotype:protein_coding transcript_biotype:retained_intron	46	2					
234	0	2.86	13.1699994206429	3.3440001308918	3.3440001308918	ENST00000481169_43	[3 - 2873] cdna:known chromosome:GRCh37:3:148880197:148939614:-1 gene:ENSG00000047457 gene_biotype:protein_coding transcript_biotype:nonsense_mediated_decay	43	2					
234	0	2.84	12.559999525547	3.75600010156631	3.75600010156631	tr|H7C5R1|H7C5R1_HUMAN	Ceruloplasmin (Fragment) OS=Homo sapiens GN=CP PE=4 SV=1	HUMAN	2					
235	2.83	2.83	34.4900012016296	5.46399988234043	2.11699996143579	sp|P02452|CO1A1_HUMAN	Collagen alpha-1(I) chain OS=Homo sapiens GN=COL1A1 PE=1 SV=5	HUMAN	3					
236	2.83	2.83	57.4999988079071	9.375	9.375	ENST00000452924_7	[2 - 481] cdna:pseudogene chromosome:GRCh37:17:35500531:35501215:-1 gene:ENSG00000254982 gene_biotype:pseudogene transcript_biotype:transcribed_processed_pseudogene	7	2					
236	0	2.83	21.1500003933907	7.21200034022331	7.21200034022331	ENST00000569046_10	[20 - 643] cdna:pseudogene chromosome:GRCh37:15:71457109:71457754:-1 gene:ENSG00000259781 gene_biotype:pseudogene transcript_biotype:processed_pseudogene	10	2					
236	0	2.83	27.2700011730194	8.02100002765656	8.02100002765656	ENST00000395823_7	[1 - 561] cdna:pseudogene chromosome:GRCh37:22:26956492:26957054:1 gene:ENSG00000213707 gene_biotype:pseudogene transcript_biotype:processed_pseudogene	7	2					
236	0	2.83	25.3100007772446	9.25899967551231	9.25899967551231	tr|Q5T7C6|Q5T7C6_HUMAN	High mobility group protein B1 (Fragment) OS=Homo sapiens GN=HMGB1 PE=1 SV=1	HUMAN	2					
236	0	2.83	25.9499996900558	9.49399992823601	9.49399992823601	tr|Q5T7C4|Q5T7C4_HUMAN	High mobility group protein B1 OS=Homo sapiens GN=HMGB1 PE=1 SV=1	HUMAN	2					
236	0	2.83	19.0699994564056	6.97700008749962	6.97700008749962	sp|P09429|HMGB1_HUMAN	High mobility group protein B1 OS=Homo sapiens GN=HMGB1 PE=1 SV=3	HUMAN	2					
236	0	2.83	18.8899993896484	6.91199973225594	6.91199973225594	ENST00000405805_28	[936 - 1586] cdna:known chromosome:GRCh37:13:31032884:31191734:-1 gene:ENSG00000189403 gene_biotype:protein_coding transcript_biotype:protein_coding	28	2					
236	0	2.82	10.8999997377396	7.10899978876114	7.10899978876114	sp|B2RPK0|HGB1A_HUMAN	Putative high mobility group protein B1-like 1 OS=Homo sapiens GN=HMGB1P1 PE=5 SV=1	HUMAN	2					
237	2.82	4.29	46.0999995470047	29.789999127388	16.3100004196167	sp|P09228|CYTT_HUMAN	Cystatin-SA OS=Homo sapiens GN=CST2 PE=1 SV=1	HUMAN	2					
237	0	4.29	39.6299988031387	25.6099998950958	14.020000398159	ENST00000304725_6	[3 - 494] cdna:known chromosome:GRCh37:20:23804406:23807368:-1 gene:ENSG00000170369 gene_biotype:protein_coding transcript_biotype:protein_coding	6	2					
238	2.77	2.77	21.2599992752075	6.9410003721714	3.47100012004375	sp|P31146|COR1A_HUMAN	Coronin-1A OS=Homo sapiens GN=CORO1A PE=1 SV=4	HUMAN	1					
238	0	2.77	20.550000667572	6.70899972319603	3.35399992763996	ENST00000570045_24	[189 - 1619] cdna:known chromosome:GRCh37:16:30194930:30200285:1 gene:ENSG00000102879 gene_biotype:protein_coding transcript_biotype:protein_coding	24	1					
239	2.75	6	41.6299998760223	26.9400000572205	13.060000538826	sp|P27348|1433T_HUMAN	14-3-3 protein theta OS=Homo sapiens GN=YWHAQ PE=1 SV=1	HUMAN	3					
239	0	6	35.1700007915497	22.7599993348122	11.0299997031689	ENST00000381844_14	[30 - 899] cdna:known chromosome:GRCh37:2:9724101:9770745:-1 gene:ENSG00000134308 gene_biotype:protein_coding transcript_biotype:protein_coding	14	3					
239	0	3.38	42.9500013589859	19.4600000977516	14.7699996829033	tr|E9PG15|E9PG15_HUMAN	14-3-3 protein theta (Fragment) OS=Homo sapiens GN=YWHAQ PE=1 SV=1	HUMAN	2					
240	2.73	2.73	50.7000029087067	28.1699985265732	28.1699985265732	tr|H0YLF3|H0YLF3_HUMAN	Beta-2-microglobulin form pI 5.3 (Fragment) OS=Homo sapiens GN=B2M PE=1 SV=1	HUMAN	3					
240	0	2.73	29.5100003480911	16.3900002837181	16.3900002837181	tr|F5H6I0|F5H6I0_HUMAN	Beta-2-microglobulin form pI 5.3 OS=Homo sapiens GN=B2M PE=1 SV=1	HUMAN	3					
240	0	2.73	30.2500009536743	16.8099999427795	16.8099999427795	sp|P61769|B2MG_HUMAN	Beta-2-microglobulin OS=Homo sapiens GN=B2M PE=1 SV=1	HUMAN	3					
240	0	2.73	25.3500014543533	14.0799999237061	14.0799999237061	ENST00000559720_8	[1 - 426] cdna:known chromosome:GRCh37:15:45003685:45009963:1 gene:ENSG00000166710 gene_biotype:protein_coding transcript_biotype:nonsense_mediated_decay	8	3					
240	0	2.73	25.3500014543533	14.0799999237061	14.0799999237061	ENST00000558401_8	[2 - 427] cdna:known chromosome:GRCh37:15:45003675:45011075:1 gene:ENSG00000166710 gene_biotype:protein_coding transcript_biotype:protein_coding	8	3					
240	0	2.73	28.7499994039536	25	25	ENST00000349264_6	[15 - 254] cdna:known chromosome:GRCh37:15:45003715:45010265:1 gene:ENSG00000166710 gene_biotype:protein_coding transcript_biotype:nonsense_mediated_decay	6	3					
241	2.69	2.69	20.5899998545647	13.9699995517731	13.9699995517731	ENST00000390598_11	[23 - 430] cdna:known chromosome:GRCh37:14:106518400:106518932:-1 gene:ENSG00000211938 gene_biotype:IG_V_gene transcript_biotype:IG_V_gene	11	2					
241	0	2.66	18.1799992918968	13.289999961853	13.289999961853	ENST00000433072_11	[9 - 437] cdna:known chromosome:GRCh37:14:107198932:107199471:-1 gene:ENSG00000225698 gene_biotype:IG_V_gene transcript_biotype:IG_V_gene	11	2					
241	0	2.66	14.9599999189377	14.9599999189377	14.9599999189377	tr|S4R460|S4R460_HUMAN	Uncharacterized protein OS=Homo sapiens PE=4 SV=1	HUMAN	2					
241	0	2.66	16.3800001144409	16.3800001144409	16.3800001144409	tr|S4R3C0|S4R3C0_HUMAN	Uncharacterized protein (Fragment) OS=Homo sapiens PE=4 SV=1	HUMAN	2					
241	0	2.66	15.9700006246567	15.9700006246567	15.9700006246567	sp|P01777|HV316_HUMAN	Ig heavy chain V-III region TEI OS=Homo sapiens PE=1 SV=1	HUMAN	2					
241	0	2.66	15.8299997448921	15.8299997448921	15.8299997448921	sp|P01766|HV305_HUMAN	Ig heavy chain V-III region BRO OS=Homo sapiens PE=1 SV=1	HUMAN	2					
242	2.64	2.64	32.6900005340576	11.540000140667	6.25	sp|P62241|RS8_HUMAN	40S ribosomal protein S8 OS=Homo sapiens GN=RPS8 PE=1 SV=2	HUMAN	1					
242	0	2.64	30.91000020504	10.9099999070168	5.90899996459484	ENST00000396651_13	[125 - 784] cdna:known chromosome:GRCh37:1:45241109:45244451:1 gene:ENSG00000142937 gene_biotype:protein_coding transcript_biotype:protein_coding	13	1					
242	0	2.64	24.4699999690056	12.7700001001358	6.91500008106232	tr|Q5JR95|Q5JR95_HUMAN	40S ribosomal protein S8 OS=Homo sapiens GN=RPS8 PE=1 SV=1	HUMAN	1					
243	2.6	5.02	15.8600002527237	3.24199981987476	1.47299999371171	tr|G8JLL9|G8JLL9_HUMAN	Myosin-14 OS=Homo sapiens GN=MYH14 PE=1 SV=1	HUMAN	3					
243	0	5.02	17.6100000739098	3.22900004684925	1.46800000220537	ENST00000598205_77	[3 - 6134] cdna:known chromosome:GRCh37:19:50691443:50813047:1 gene:ENSG00000105357 gene_biotype:protein_coding transcript_biotype:protein_coding	77	3					
243	0	5.02	15.0399997830391	3.2540000975132	1.47900003939867	tr|F2Z2U8|F2Z2U8_HUMAN	Myosin-14 OS=Homo sapiens GN=MYH14 PE=1 SV=1	HUMAN	3					
243	0	5.02	15.2899995446205	3.30800004303455	1.50399999693036	sp|Q7Z406|MYH14_HUMAN	Myosin-14 OS=Homo sapiens GN=MYH14 PE=1 SV=2	HUMAN	3					
243	0	5.02	15.2300000190735	3.29499989748001	1.49800004437566	sp|Q7Z406-6|MYH14_HUMAN	Isoform 6 of Myosin-14 OS=Homo sapiens GN=MYH14	HUMAN	3					
243	0	5.02	14.9800002574921	3.24199981987476	1.47299999371171	sp|Q7Z406-2|MYH14_HUMAN	Isoform 2 of Myosin-14 OS=Homo sapiens GN=MYH14	HUMAN	3					
243	0	4.14	12.2500002384186	3.1479999423027	1.68600007891655	sp|Q7Z406-4|MYH14_HUMAN	Isoform 4 of Myosin-14 OS=Homo sapiens GN=MYH14	HUMAN	3					
244	2.59	2.59	23.6200004816055	23.6200004816055	23.6200004816055	ENST00000498435_8	[2 - 382] cdna:known chromosome:GRCh37:2:89512908:89513413:-1 gene:ENSG00000244575 gene_biotype:IG_V_gene transcript_biotype:IG_V_gene	8	2					
244	0	2.06	23.1499999761581	16.6700005531311	16.6700005531311	sp|P01610|KV118_HUMAN	Ig kappa chain V-I region WEA OS=Homo sapiens PE=1 SV=1	HUMAN	1					
244	0	2.06	23.1499999761581	16.6700005531311	16.6700005531311	sp|P01607|KV115_HUMAN	Ig kappa chain V-I region Rei OS=Homo sapiens PE=1 SV=1	HUMAN	1					
244	0	2.06	23.1499999761581	16.6700005531311	16.6700005531311	sp|P01594|KV102_HUMAN	Ig kappa chain V-I region AU OS=Homo sapiens PE=1 SV=1	HUMAN	1					
244	0	2.06	23.1499999761581	16.6700005531311	16.6700005531311	sp|P01593|KV101_HUMAN	Ig kappa chain V-I region AG OS=Homo sapiens PE=1 SV=1	HUMAN	1					
244	0	2	41.6700005531311	16.6700005531311	16.6700005531311	sp|P01599|KV107_HUMAN	Ig kappa chain V-I region Gal OS=Homo sapiens PE=1 SV=1	HUMAN	1					
244	0	2	19.3800002336502	13.9500007033348	13.9500007033348	sp|P04431|KV123_HUMAN	Ig kappa chain V-I region Walker OS=Homo sapiens PE=1 SV=1	HUMAN	1					
244	0	2	23.1499999761581	16.6700005531311	16.6700005531311	sp|P01609|KV117_HUMAN	Ig kappa chain V-I region Scw OS=Homo sapiens PE=1 SV=1	HUMAN	1					
244	0	2	38.4600013494492	15.3799995779991	15.3799995779991	sp|P01601|KV109_HUMAN	Ig kappa chain V-I region HK101 (Fragment) OS=Homo sapiens PE=4 SV=1	HUMAN	1					
244	0	2	15.6499996781349	15.6499996781349	15.6499996781349	tr|S4R394|S4R394_HUMAN	Uncharacterized protein (Fragment) OS=Homo sapiens PE=4 SV=2	HUMAN	1					
244	0	2	16.6700005531311	16.6700005531311	16.6700005531311	sp|P80362|KV125_HUMAN	Ig kappa chain V-I region WAT OS=Homo sapiens PE=1 SV=1	HUMAN	1					
244	0	2	13.9500007033348	13.9500007033348	13.9500007033348	sp|P04432|KV124_HUMAN	Ig kappa chain V-I region Daudi OS=Homo sapiens PE=4 SV=1	HUMAN	1					
244	0	2	16.6700005531311	16.6700005531311	16.6700005531311	sp|P01608|KV116_HUMAN	Ig kappa chain V-I region Roy OS=Homo sapiens PE=1 SV=1	HUMAN	1					
244	0	2	16.6700005531311	16.6700005531311	16.6700005531311	sp|P01600|KV108_HUMAN	Ig kappa chain V-I region Hau OS=Homo sapiens PE=1 SV=1	HUMAN	1					
245	2.57	2.57	20.2199995517731	8.08999985456467	8.08999985456467	tr|C9JEU5|C9JEU5_HUMAN	Fibrinogen gamma chain OS=Homo sapiens GN=FGG PE=1 SV=1	HUMAN	2					
245	0	2.57	19.5199996232986	7.80899971723557	7.80899971723557	tr|C9JC84|C9JC84_HUMAN	Fibrinogen gamma chain OS=Homo sapiens GN=FGG PE=1 SV=1	HUMAN	2					
245	0	2.57	19.8699995875359	7.94700011610985	7.94700011610985	sp|P02679|FIBG_HUMAN	Fibrinogen gamma chain OS=Homo sapiens GN=FGG PE=1 SV=3	HUMAN	2					
245	0	2.57	20.5899998545647	8.23799967765808	8.23799967765808	sp|P02679-2|FIBG_HUMAN	Isoform Gamma-A of Fibrinogen gamma chain OS=Homo sapiens GN=FGG	HUMAN	2					
245	0	1.72	26.0199993848801	10.5700001120567	10.5700001120567	tr|C9JU00|C9JU00_HUMAN	Fibrinogen gamma chain (Fragment) OS=Homo sapiens GN=FGG PE=1 SV=1	HUMAN	1					
245	0	1.72	26.8900007009506	10.9200000762939	10.9200000762939	tr|C9JPQ9|C9JPQ9_HUMAN	Fibrinogen gamma chain (Fragment) OS=Homo sapiens GN=FGG PE=1 SV=1	HUMAN	1					
246	2.56	2.56	16.7199999094009	4.14000004529953	4.14000004529953	ENST00000373145_27	[22 - 1905] cdna:known chromosome:GRCh37:X:84537121:84634722:-1 gene:ENSG00000124429 gene_biotype:protein_coding transcript_biotype:protein_coding	27	2					
246	0	2.54	15.7900005578995	4.41399998962879	4.41399998962879	sp|Q8WVV4|POF1B_HUMAN	Protein POF1B OS=Homo sapiens GN=POF1B PE=1 SV=3	HUMAN	2					
246	0	2.54	15.6299993395805	4.3699998408556	4.3699998408556	sp|Q8WVV4-1|POF1B_HUMAN	Isoform 1 of Protein POF1B OS=Homo sapiens GN=POF1B	HUMAN	2					
246	0	1.26	5.22900000214577	5.22900000214577	5.22900000214577	sp|Q8WVV4-3|POF1B_HUMAN	Isoform 3 of Protein POF1B OS=Homo sapiens GN=POF1B	HUMAN	1					
247	2.51	2.51	17.4500003457069	11.6400003433228	7.63600021600723	sp|Q6ZVX7|FBX50_HUMAN	F-box only protein 50 OS=Homo sapiens GN=NCCRP1 PE=1 SV=1	HUMAN	1					
248	2.5	2.5	24.8199999332428	2.65100002288818	2.65100002288818	aot178_c_101_33	Actinomyces sp. oral taxon 178 F0338 [7374 - 6130] hypothetical protein	c_101_33	1					
249	2.48	2.48	29.1500002145767	4.6560000628233	4.6560000628233	sp|P49189|AL9A1_HUMAN	4-trimethylaminobutyraldehyde dehydrogenase OS=Homo sapiens GN=ALDH9A1 PE=1 SV=3	HUMAN	2					
249	0	2.48	26.0399997234344	4.15900014340878	4.15900014340878	ENST00000354775_30	[201 - 1859] cdna:known chromosome:GRCh37:1:165631453:165668100:-1 gene:ENSG00000143149 gene_biotype:protein_coding transcript_biotype:protein_coding	30	2					
250	2.46	9.91	22.6500004529953	10.4299999773502	9.52899977564812	sp|P12814|ACTN1_HUMAN	Alpha-actinin-1 OS=Homo sapiens GN=ACTN1 PE=1 SV=2	HUMAN	7					
250	0	9.91	21.7199996113777	10.0000001490116	9.13999974727631	sp|P12814-4|ACTN1_HUMAN	Isoform 4 of Alpha-actinin-1 OS=Homo sapiens GN=ACTN1	HUMAN	7					
250	0	9.91	22.1000000834465	10.1800002157688	9.30000022053719	sp|P12814-3|ACTN1_HUMAN	Isoform 3 of Alpha-actinin-1 OS=Homo sapiens GN=ACTN1	HUMAN	7					
250	0	9.91	22.7699995040894	10.4800000786781	9.5830000936985	sp|P12814-2|ACTN1_HUMAN	Isoform 2 of Alpha-actinin-1 OS=Homo sapiens GN=ACTN1	HUMAN	7					
250	0	6.54	8.38899984955788	5.816999822855	5.816999822855	sp|P35609|ACTN2_HUMAN	Alpha-actinin-2 OS=Homo sapiens GN=ACTN2 PE=1 SV=1	HUMAN	4					
250	0	6.54	8.38899984955788	5.816999822855	5.816999822855	sp|P35609-2|ACTN2_HUMAN	Isoform 2 of Alpha-actinin-2 OS=Homo sapiens GN=ACTN2	HUMAN	4					
250	0	4.03	7.99100026488304	3.88499982655048	2.99699995666742	sp|Q08043|ACTN3_HUMAN	Alpha-actinin-3 OS=Homo sapiens GN=ACTN3 PE=1 SV=2	HUMAN	2					
250	0	4.01	20.7699999213219	13.459999859333	10.3799998760223	tr|G3V2N5|G3V2N5_HUMAN	Alpha-actinin-1 (Fragment) OS=Homo sapiens GN=ACTN1 PE=1 SV=2	HUMAN	2					
250	0	4.01	30.9500008821487	27.7799993753433	21.4300006628037	tr|G3V5M4|G3V5M4_HUMAN	Alpha-actinin-1 (Fragment) OS=Homo sapiens GN=ACTN1 PE=1 SV=1	HUMAN	2					
250	0	1.77	23.6100003123283	18.0600002408028	18.0600002408028	tr|G3V380|G3V380_HUMAN	Alpha-actinin-1 (Fragment) OS=Homo sapiens GN=ACTN1 PE=1 SV=1	HUMAN	1					
251	2.44	2.44	14.4500002264977	6.33099973201752	4.38299998641014	ENST00000552789_31	[16 - 1863] cdna:putative chromosome:GRCh37:12:96394608:96437255:-1 gene:ENSG00000111144 gene_biotype:protein_coding transcript_biotype:protein_coding	31	2					
251	0	2.44	8.18300023674965	6.38300031423569	4.41900007426739	sp|P09960|LKHA4_HUMAN	Leukotriene A-4 hydrolase OS=Homo sapiens GN=LTA4H PE=1 SV=2	HUMAN	2					
251	0	2.44	8.51799994707108	6.64400011301041	4.6000000089407	sp|P09960-4|LKHA4_HUMAN	Isoform 4 of Leukotriene A-4 hydrolase OS=Homo sapiens GN=LTA4H	HUMAN	2					
251	0	2.44	9.84300002455711	7.67700001597404	5.31499981880188	sp|P09960-3|LKHA4_HUMAN	Isoform 3 of Leukotriene A-4 hydrolase OS=Homo sapiens GN=LTA4H	HUMAN	2					
251	0	2.44	9.3979999423027	7.33100026845932	5.07499985396862	sp|P09960-2|LKHA4_HUMAN	Isoform 2 of Leukotriene A-4 hydrolase OS=Homo sapiens GN=LTA4H	HUMAN	2					
252	2.44	2.44	31.9499999284744	12.4300003051758	12.4300003051758	sp|Q9NZH8|IL36G_HUMAN	Interleukin-36 gamma OS=Homo sapiens GN=IL36G PE=1 SV=1	HUMAN	2					
252	0	2.44	34.3300014734268	15.6700000166893	15.6700000166893	sp|Q9NZH8-2|IL36G_HUMAN	Isoform 2 of Interleukin-36 gamma OS=Homo sapiens GN=IL36G	HUMAN	2					
253	2.36	2.36	29.5800000429153	24.6500000357628	17.6100000739098	sp|P28325|CYTD_HUMAN	Cystatin-D OS=Homo sapiens GN=CST5 PE=1 SV=1	HUMAN	2					
254	2.35	2.35	31.2200009822845	12.6599997282028	4.64100018143654	ENST00000498623_12	[2 - 712] cdna:known chromosome:GRCh37:3:9834179:9848126:1 gene:ENSG00000241553 gene_biotype:protein_coding transcript_biotype:protein_coding	12	1					
254	0	2.34	33.1499993801117	16.5700003504753	6.07700012624264	tr|F8WCF6|F8WCF6_HUMAN	Protein ARPC4-TTLL3 OS=Homo sapiens GN=ARPC4-TTLL3 PE=4 SV=1	HUMAN	1					
254	0	2.34	42.4800008535385	26.5500009059906	9.7350001335144	tr|F8WDD7|F8WDD7_HUMAN	Actin-related protein 2/3 complex subunit 4 OS=Homo sapiens GN=ARPC4 PE=4 SV=1	HUMAN	1					
254	0	2.34	28.5699993371964	17.8599998354912	6.5480001270771	sp|P59998|ARPC4_HUMAN	Actin-related protein 2/3 complex subunit 4 OS=Homo sapiens GN=ARPC4 PE=1 SV=3	HUMAN	1					
254	0	2.34	25.670000910759	16.0400003194809	5.88200017809868	sp|P59998-3|ARPC4_HUMAN	Isoform 3 of Actin-related protein 2/3 complex subunit 4 OS=Homo sapiens GN=ARPC4	HUMAN	1					
254	0	2.34	7.68000036478043	4.80000004172325	1.75999999046326	sp|P59998-2|ARPC4_HUMAN	Isoform 2 of Actin-related protein 2/3 complex subunit 4 OS=Homo sapiens GN=ARPC4	HUMAN	1					
254	0	1.63	13.1699994206429	13.1699994206429	6.5870001912117	tr|H7C0A3|H7C0A3_HUMAN	Protein ARPC4-TTLL3 (Fragment) OS=Homo sapiens GN=ARPC4-TTLL3 PE=4 SV=1	HUMAN	1					
255	2.32	2.32	35.0400000810623	11.4200003445148	11.4200003445148	sp|P18669|PGAM1_HUMAN	Phosphoglycerate mutase 1 OS=Homo sapiens GN=PGAM1 PE=1 SV=2	HUMAN	2					
255	0	2.32	35.0400000810623	11.4200003445148	11.4200003445148	ENST00000547454_18	[1 - 762] cdna:pseudogene chromosome:GRCh37:12:104424557:104425321:1 gene:ENSG00000216285 gene_biotype:pseudogene transcript_biotype:processed_pseudogene	18	2					
255	0	2.32	33.5799992084503	10.9399996697903	10.9399996697903	ENST00000334828_19	[116 - 910] cdna:known chromosome:GRCh37:10:99185917:99193198:1 gene:ENSG00000171314 gene_biotype:protein_coding transcript_biotype:protein_coding	19	2					
256	2.31	2.31	42.1099990606308	28.9499998092651	18.4200003743172	sp|Q15847|ADIRF_HUMAN	Adipogenesis regulatory factor OS=Homo sapiens GN=ADIRF PE=1 SV=1	HUMAN	1					
256	0	2.31	38.1000012159348	26.1900007724762	16.6700005531311	ENST00000372013_8	[330 - 581] cdna:known chromosome:GRCh37:10:88727949:88730672:1 gene:ENSG00000148671 gene_biotype:protein_coding transcript_biotype:protein_coding	8	1					
257	2.29	2.29	15.0800004601479	3.40100005269051	1.58699993044138	sp|P12830|CADH1_HUMAN	Cadherin-1 OS=Homo sapiens GN=CDH1 PE=1 SV=3	HUMAN	1					
257	0	2.29	14.0699997544289	3.1750001013279	1.4809999614954	ENST00000261769_44	[3 - 2837] cdna:known chromosome:GRCh37:16:68771128:68869451:1 gene:ENSG00000039068 gene_biotype:protein_coding transcript_biotype:protein_coding	44	1					
257	0	2.29	10.3000000119209	3.55000011622906	1.65699999779463	ENST00000562836_44	[183 - 2717] cdna:known chromosome:GRCh37:16:68797197:68867441:1 gene:ENSG00000039068 gene_biotype:protein_coding transcript_biotype:processed_transcript	44	1					
257	0	2.29	19.930000603199	5.58700002729893	2.60700006037951	tr|H3BNC6|H3BNC6_HUMAN	Cadherin-1 OS=Homo sapiens GN=CDH1 PE=1 SV=1	HUMAN	1					
257	0	2.29	20.0499996542931	7.24600031971931	3.38199995458126	tr|H3BVI7|H3BVI7_HUMAN	Cadherin-1 OS=Homo sapiens GN=CDH1 PE=1 SV=1	HUMAN	1					
257	0	2	14.2499998211861	1.70499999076128	1.70499999076128	tr|Q9UII8|Q9UII8_HUMAN	Cadherin 1, type 1, E-cadherin (Epithelial), isoform CRA_c OS=Homo sapiens GN=CDH1 PE=1 SV=1	HUMAN	1					
258	2.27	2.27	16.7999997735024	1.91099997609854	1.10700000077486	mot186_c_6_1273	Microbacterium sp. oral taxon 186 F0373 [121185 - 118204] (REVERSE SENSE) ORF	c_6_1273	1					
259	2.27	2.27	7.96800032258034	5.17899990081787	5.17899990081787	sp|P20160|CAP7_HUMAN	Azurocidin OS=Homo sapiens GN=AZU1 PE=1 SV=3	HUMAN	2					
259	0	2.27	7.78200030326843	5.05799986422062	5.05799986422062	ENST00000233997_9	[4 - 774] cdna:known chromosome:GRCh37:19:827826:832017:1 gene:ENSG00000172232 gene_biotype:protein_coding transcript_biotype:protein_coding	9	2					
260	2.25	2.25	30.2500009536743	14.2000004649162	6.79000020027161	ENST00000519807_10	[67 - 552] cdna:putative chromosome:GRCh37:8:56979854:56987068:-1 gene:ENSG00000008988 gene_biotype:protein_coding transcript_biotype:protein_coding	10	1					
260	0	2.25	31.0900002717972	19.3299993872643	9.24400016665459	sp|P60866|RS20_HUMAN	40S ribosomal protein S20 OS=Homo sapiens GN=RPS20 PE=1 SV=1	HUMAN	1					
260	0	2.25	26.0600000619888	16.2000000476837	7.74599984288216	sp|P60866-2|RS20_HUMAN	Isoform 2 of 40S ribosomal protein S20 OS=Homo sapiens GN=RPS20	HUMAN	1					
260	0	2.25	29.3700009584427	18.2500004768372	8.73000025749207	ENST00000521262_10	[234 - 611] cdna:known chromosome:GRCh37:8:56985613:56987069:-1 gene:ENSG00000008988 gene_biotype:protein_coding transcript_biotype:protein_coding	10	1					
260	0	2	40.9799993038177	18.0299997329712	18.0299997329712	tr|E5RJX2|E5RJX2_HUMAN	40S ribosomal protein S20 OS=Homo sapiens GN=RPS20 PE=1 SV=1	HUMAN	1					
260	0	2	23.9099994301796	23.9099994301796	23.9099994301796	tr|E5RIP1|E5RIP1_HUMAN	40S ribosomal protein S20 OS=Homo sapiens GN=RPS20 PE=1 SV=1	HUMAN	1					
261	2.23	2.23	14.6300002932549	4.44400012493134	2.59300004690886	sp|Q16610|ECM1_HUMAN	Extracellular matrix protein 1 OS=Homo sapiens GN=ECM1 PE=1 SV=2	HUMAN	1					
261	0	2.23	13.9300003647804	4.23300005495548	2.46900003403425	sp|Q16610-4|ECM1_HUMAN	Isoform 4 of Extracellular matrix protein 1 OS=Homo sapiens GN=ECM1	HUMAN	1					
261	0	2.23	13.2100000977516	4.01300005614758	2.34099999070168	ENST00000369049_34	[42 - 1835] cdna:known chromosome:GRCh37:1:150480552:150486030:1 gene:ENSG00000143369 gene_biotype:protein_coding transcript_biotype:protein_coding	34	1					
261	0	2.23	16.6299998760223	5.78299984335899	3.37300002574921	sp|Q16610-2|ECM1_HUMAN	Isoform 2 of Extracellular matrix protein 1 OS=Homo sapiens GN=ECM1	HUMAN	1					
261	0	2.23	22.9399994015694	14.1200006008148	8.23500007390976	sp|Q16610-3|ECM1_HUMAN	Isoform 3 of Extracellular matrix protein 1 OS=Homo sapiens GN=ECM1	HUMAN	1					
262	2.23	2.23	23.8399997353554	15.2999997138977	4.27000001072884	tr|F8VWS0|F8VWS0_HUMAN	60S acidic ribosomal protein P0 OS=Homo sapiens GN=RPLP0 PE=1 SV=1	HUMAN	1					
262	0	2.23	21.1400002241135	13.5600000619888	3.78499999642372	sp|P05388|RLA0_HUMAN	60S acidic ribosomal protein P0 OS=Homo sapiens GN=RPLP0 PE=1 SV=1	HUMAN	1					
262	0	2.23	20.8700001239777	13.400000333786	3.73799987137318	ENST00000392514_14	[166 - 1128] cdna:known chromosome:GRCh37:12:120634489:120639014:-1 gene:ENSG00000089157 gene_biotype:protein_coding transcript_biotype:protein_coding	14	1					
262	0	2.23	23.9199995994568	16.8599992990494	4.70600016415119	tr|Q3B7A4|Q3B7A4_HUMAN	60S acidic ribosomal protein P0 OS=Homo sapiens GN=RPLP0 PE=1 SV=1	HUMAN	1					
262	0	1.77	14.7499993443489	4.91800010204315	4.91800010204315	tr|F8VW21|F8VW21_HUMAN	60S acidic ribosomal protein P0 (Fragment) OS=Homo sapiens GN=RPLP0 PE=1 SV=1	HUMAN	1					
262	0	1.77	14.5699992775917	4.85799983143806	4.85799983143806	tr|F8VU65|F8VU65_HUMAN	60S acidic ribosomal protein P0 (Fragment) OS=Homo sapiens GN=RPLP0 PE=1 SV=1	HUMAN	1					
262	0	1.77	11.3600000739098	3.78499999642372	3.78499999642372	sp|Q8NHW5|RLA0L_HUMAN	60S acidic ribosomal protein P0-like OS=Homo sapiens GN=RPLP0P6 PE=5 SV=1	HUMAN	1					
262	0	1.77	18.07000041008	7.22900032997131	7.22900032997131	tr|G3V210|G3V210_HUMAN	60S acidic ribosomal protein P0 OS=Homo sapiens GN=RPLP0 PE=1 SV=1	HUMAN	1					
262	0	1.77	19.6099996566772	7.84299969673157	7.84299969673157	tr|F8VPE8|F8VPE8_HUMAN	60S acidic ribosomal protein P0 (Fragment) OS=Homo sapiens GN=RPLP0 PE=1 SV=1	HUMAN	1					
263	2.2	2.2	24.0799993276596	6.65099993348122	3.66999991238117	ENST00000370995_16	[3 - 1310] cdna:known chromosome:GRCh37:1:67876721:67896069:-1 gene:ENSG00000142864 gene_biotype:protein_coding transcript_biotype:protein_coding	16	1					
263	0	2.2	24.7099995613098	6.82400017976761	3.76500003039837	ENST00000370994_14	[2 - 1276] cdna:known chromosome:GRCh37:1:67873493:67896098:-1 gene:ENSG00000142864 gene_biotype:protein_coding transcript_biotype:protein_coding	14	1					
263	0	2.2	18.3799996972084	7.10799992084503	3.92200015485287	sp|Q8NC51|PAIRB_HUMAN	Plasminogen activator inhibitor 1 RNA-binding protein OS=Homo sapiens GN=SERBP1 PE=1 SV=2	HUMAN	1					
263	0	2.2	19.3800002336502	7.49400034546852	4.13400009274483	sp|Q8NC51-4|PAIRB_HUMAN	Isoform 4 of Plasminogen activator inhibitor 1 RNA-binding protein OS=Homo sapiens GN=SERBP1	HUMAN	1					
263	0	2.2	19.0799996256828	7.37899988889694	4.07099984586239	sp|Q8NC51-3|PAIRB_HUMAN	Isoform 3 of Plasminogen activator inhibitor 1 RNA-binding protein OS=Homo sapiens GN=SERBP1	HUMAN	1					
263	0	2.2	18.6599999666214	7.21400007605553	3.97999994456768	sp|Q8NC51-2|PAIRB_HUMAN	Isoform 2 of Plasminogen activator inhibitor 1 RNA-binding protein OS=Homo sapiens GN=SERBP1	HUMAN	1					
264	2.2	2.2	19.5800006389618	4.71699982881546	4.71699982881546	elen_c_1_10806	Eggerthella lenta VPI 0255, DSM 2243 [3398320 - 3399591] hypothetical protein	c_1_10806	2					
265	2.2	2.2	31.4900010824203	7.46800005435944	3.24699990451336	ENST00000340857_9	[97 - 1020] cdna:known chromosome:GRCh37:22:38201114:38203442:1 gene:ENSG00000189060 gene_biotype:protein_coding transcript_biotype:protein_coding	9	1					
265	0	2.2	16.4900004863739	11.8600003421307	5.15500009059906	sp|P07305|H10_HUMAN	Histone H1.0 OS=Homo sapiens GN=H1F0 PE=1 SV=3	HUMAN	1					
265	0	1.94	10.7299998402596	5.64999990165234	5.64999990165234	sp|P07305-2|H10_HUMAN	Isoform 2 of Histone H1.0 OS=Homo sapiens GN=H1F0	HUMAN	1					
266	2.19	2.19	17.2900006175041	4.37499992549419	2.91700009256601	ENST00000329251_20	[3 - 1442] cdna:known chromosome:GRCh37:11:62327073:62341445:-1 gene:ENSG00000254772 gene_biotype:protein_coding transcript_biotype:protein_coding	20	1					
266	0	2.19	14.9900004267693	4.31200005114079	2.87500005215406	tr|B4DTG2|B4DTG2_HUMAN	Elongation factor 1-gamma OS=Homo sapiens GN=EEF1G PE=1 SV=1	HUMAN	1					
266	0	2.19	16.6999995708466	4.80500012636185	3.2039999961853	sp|P26641|EF1G_HUMAN	Elongation factor 1-gamma OS=Homo sapiens GN=EEF1G PE=1 SV=3	HUMAN	1					
267	2.16	2.16	14.8800000548363	9.75600033998489	5.12199997901917	sp|P21128|ENDOU_HUMAN	Poly(U)-specific endoribonuclease OS=Homo sapiens GN=ENDOU PE=1 SV=2	HUMAN	1					
267	0	2.16	17.5799995660782	11.5299999713898	6.05200007557869	sp|P21128-3|ENDOU_HUMAN	Isoform 3 of Poly(U)-specific endoribonuclease OS=Homo sapiens GN=ENDOU	HUMAN	1					
267	0	2.16	16.5299996733665	10.8400002121925	5.69100007414818	sp|P21128-2|ENDOU_HUMAN	Isoform 2 of Poly(U)-specific endoribonuclease OS=Homo sapiens GN=ENDOU	HUMAN	1					
267	0	2.16	16.8999999761581	11.0799998044968	5.816999822855	ENST00000545824_16	[80 - 1162] cdna:novel chromosome:GRCh37:12:48104237:48119317:-1 gene:ENSG00000111405 gene_biotype:protein_coding transcript_biotype:protein_coding	16	1					
268	2.15	2.15	19.8599994182587	6.85900002717972	3.97100001573563	ENST00000352983_20	[200 - 1030] cdna:known chromosome:GRCh37:8:74202874:74206133:-1 gene:ENSG00000147604 gene_biotype:protein_coding transcript_biotype:protein_coding	20	1					
268	0	2.15	15.7299995422363	7.66099989414215	4.43499982357025	sp|P18124|RL7_HUMAN	60S ribosomal protein L7 OS=Homo sapiens GN=RPL7 PE=1 SV=1	HUMAN	1					
268	0	2.15	13.9400005340576	9.13499966263771	5.28800003230572	tr|A8MUD9|A8MUD9_HUMAN	60S ribosomal protein L7 OS=Homo sapiens GN=RPL7 PE=1 SV=1	HUMAN	1					
269	2.13	9.29	31.1800003051758	26.7599999904633	21.7600002884865	ENST00000390539_12	[1 - 1020] cdna:known chromosome:GRCh37:14:106053226:106054732:-1 gene:ENSG00000211890 gene_biotype:IG_C_gene transcript_biotype:IG_C_gene	12	9					
269	0	9.29	31.1800003051758	26.7599999904633	21.7600002884865	sp|P01877|IGHA2_HUMAN	Ig alpha-2 chain C region OS=Homo sapiens GN=IGHA2 PE=1 SV=3	HUMAN	9					
270	2.12	2.12	18.350000679493	18.350000679493	11.9300000369549	sp|P04208|LV106_HUMAN	Ig lambda chain V-I region WAH OS=Homo sapiens PE=1 SV=1	HUMAN	1					
270	0	2.12	17.8599998354912	17.8599998354912	11.6099998354912	sp|P01700|LV102_HUMAN	Ig lambda chain V-I region HA OS=Homo sapiens PE=1 SV=1	HUMAN	1					
270	0	2.12	14.8100003600121	14.8100003600121	9.62999984622002	ENST00000390294_6	[3 - 407] cdna:known chromosome:GRCh37:22:22712087:22712608:1 gene:ENSG00000211648 gene_biotype:IG_V_gene transcript_biotype:IG_V_gene	6	1					
271	2.11	2.11	18.6100006103516	10.8199998736382	4.76199984550476	tr|G3XAL0|G3XAL0_HUMAN	Malate dehydrogenase OS=Homo sapiens GN=MDH2 PE=1 SV=1	HUMAN	1					
271	0	2.11	12.720000743866	7.39599987864494	3.2540000975132	sp|P40926|MDHM_HUMAN	Malate dehydrogenase, mitochondrial OS=Homo sapiens GN=MDH2 PE=1 SV=3	HUMAN	1					
271	0	2.11	11.6499997675419	6.77499994635582	2.98100002110004	ENST00000315758_17	[2 - 1108] cdna:known chromosome:GRCh37:7:75677385:75696826:1 gene:ENSG00000146701 gene_biotype:protein_coding transcript_biotype:protein_coding	17	1					
272	2.1	10.58	30.4800003767014	17.1200007200241	14.7300004959106	ENST00000392088_23	[104 - 1855] cdna:putative chromosome:GRCh37:2:220114433:220119330:-1 gene:ENSG00000127824 gene_biotype:protein_coding transcript_biotype:protein_coding	23	6					
272	0	10.58	29.4600009918213	22.3199993371964	19.200000166893	sp|P68366|TBA4A_HUMAN	Tubulin alpha-4A chain OS=Homo sapiens GN=TUBA4A PE=1 SV=1	HUMAN	6					
272	0	10.58	30.4800003767014	23.0900004506111	19.8599994182587	sp|P68366-2|TBA4A_HUMAN	Isoform 2 of Tubulin alpha-4A chain OS=Homo sapiens GN=TUBA4A	HUMAN	6					
273	2.1	2.1	17.0800000429153	8.88400003314018	6.37800022959709	ENST00000437033_30	[310 - 1626] cdna:known chromosome:GRCh37:4:100333418:100356894:-1 gene:ENSG00000196344 gene_biotype:protein_coding transcript_biotype:protein_coding	30	2					
273	0	2.1	16.3200005888939	10.1000003516674	7.25400000810623	sp|P40394|ADH7_HUMAN	Alcohol dehydrogenase class 4 mu/sigma chain OS=Homo sapiens GN=ADH7 PE=1 SV=2	HUMAN	2					
273	0	2.1	15.9899994730949	9.89800021052361	7.10700005292892	sp|P40394-2|ADH7_HUMAN	Isoform 2 of Alcohol dehydrogenase class 4 mu/sigma chain OS=Homo sapiens GN=ADH7	HUMAN	2					
273	0	2.05	14.2000004649162	8.83300006389618	8.83300006389618	tr|E9PFG0|E9PFG0_HUMAN	Alcohol dehydrogenase class 4 mu/sigma chain OS=Homo sapiens GN=ADH7 PE=3 SV=1	HUMAN	2					
274	2.09	2.09	9.56299975514412	3.00500001758337	3.00500001758337	ENST00000244333_15	[30 - 1127] cdna:known chromosome:GRCh37:19:43964939:43969812:-1 gene:ENSG00000124466 gene_biotype:protein_coding transcript_biotype:protein_coding	15	1					
274	0	2.07	7.22500011324883	3.17899994552135	3.17899994552135	sp|O95274|LYPD3_HUMAN	Ly6/PLAUR domain-containing protein 3 OS=Homo sapiens GN=LYPD3 PE=1 SV=2	HUMAN	1					
275	2.08	4.58	19.1699996590614	8.98099988698959	5.33999986946583	sp|K1M1_SHEEP			2					
275	0	3.7	13.400000333786	5.45900017023087	5.45900017023087	sp|K1M2_SHEEP			2					
276	2.08	2.08	29.1000008583069	6.05500005185604	3.90600003302097	ENST00000311223_30	[481 - 2016] cdna:known chromosome:GRCh37:1:182350840:182361341:-1 gene:ENSG00000135821 gene_biotype:protein_coding transcript_biotype:protein_coding	30	1					
276	0	2.08	20.720000565052	5.83800002932549	3.76599989831448	ENST00000339526_37	[836 - 2428] cdna:known chromosome:GRCh37:1:182352029:182360927:-1 gene:ENSG00000135821 gene_biotype:protein_coding transcript_biotype:protein_coding	37	1					
276	0	2.08	25.7400006055832	8.31099972128868	5.36199994385242	sp|P15104|GLNA_HUMAN	Glutamine synthetase OS=Homo sapiens GN=GLUL PE=1 SV=4	HUMAN	1					
277	2.07	2.07	24.8500004410744	4.8480000346899	4.8480000346899	ENST00000290349_16	[17 - 1006] cdna:known chromosome:GRCh37:21:37442239:37445464:1 gene:ENSG00000159228 gene_biotype:protein_coding transcript_biotype:protein_coding	16	2					
277	0	2.07	11.1900001764297	5.77600002288818	5.77600002288818	sp|P16152|CBR1_HUMAN	Carbonyl reductase [NADPH] 1 OS=Homo sapiens GN=CBR1 PE=1 SV=3	HUMAN	2					
278	2.06	2.06	17.509999871254	5.05100004374981	5.05100004374981	ENST00000607197_12	[2 - 892] cdna:known chromosome:GRCh37:6:138725356:138743334:1 gene:ENSG00000051620 gene_biotype:protein_coding transcript_biotype:protein_coding	12	1					
278	0	2	18.0500000715256	7.31699988245964	7.31699988245964	sp|Q9Y5Z4|HEBP2_HUMAN	Heme-binding protein 2 OS=Homo sapiens GN=HEBP2 PE=1 SV=1	HUMAN	1					
278	0	2	25	12.9299998283386	12.9299998283386	tr|Q5THN1|Q5THN1_HUMAN	Heme-binding protein 2 OS=Homo sapiens GN=HEBP2 PE=1 SV=1	HUMAN	1					
279	2.06	2.06	8.53699967265129	5.48800006508827	2.43900008499622	axyl_c_1_3629	Achromobacter xylosoxidans A8 [1089159 - 1090142] hypothetical protein	c_1_3629	1					
279	0	1.34	1.09099997207522	1.09099997207522	1.09099997207522	ksed_c_1_4230	Kytococcus sedentarius DSM 20547 [1447916 - 1450114] hypothetical protein	c_1_4230	1					
279	0	1.34	12.5	12.5	12.5	ENST00000551692_14	[1176 - 1367] cdna:known chromosome:GRCh37:14:105834422:105861550:1 gene:ENSG00000179364 gene_biotype:protein_coding transcript_biotype:retained_intron	14	1					
280	2.05	2.05	43.3699995279312	7.44299963116646	3.88300009071827	ENST00000343262_12	[10 - 936] cdna:known chromosome:GRCh37:16:2012053:2014861:-1 gene:ENSG00000140988 gene_biotype:protein_coding transcript_biotype:protein_coding	12	1					
280	0	2.05	42.3200011253357	7.85000026226044	4.09599989652634	sp|P15880|RS2_HUMAN	40S ribosomal protein S2 OS=Homo sapiens GN=RPS2 PE=1 SV=2	HUMAN	1					
280	0	2.05	48.5100001096725	9.78699997067451	5.10599985718727	tr|E9PQD7|E9PQD7_HUMAN	40S ribosomal protein S2 OS=Homo sapiens GN=RPS2 PE=1 SV=1	HUMAN	1					
280	0	2.05	32.820001244545	11.7899999022484	6.1540000140667	tr|H0YEN5|H0YEN5_HUMAN	40S ribosomal protein S2 (Fragment) OS=Homo sapiens GN=RPS2 PE=1 SV=1	HUMAN	1					
280	0	2.04	30.0700008869171	7.76999965310097	4.05399985611439	ENST00000491637_14	[1 - 888] cdna:pseudogene chromosome:GRCh37:14:105302331:105303221:-1 gene:ENSG00000196183 gene_biotype:pseudogene transcript_biotype:processed_pseudogene	14	1					
281	2.03	2.03	15.1399999856949	15.1399999856949	10.809999704361	tr|B1AH80|B1AH80_HUMAN	Ras-related C3 botulinum toxin substrate 2 OS=Homo sapiens GN=RAC2 PE=1 SV=1	HUMAN	2					
281	0	2.03	18.91999989748	18.91999989748	13.510000705719	tr|B1AH77|B1AH77_HUMAN	Ras-related C3 botulinum toxin substrate 2 OS=Homo sapiens GN=RAC2 PE=1 SV=1	HUMAN	2					
281	0	2.03	14.5799994468689	14.5799994468689	10.419999808073	sp|P15153|RAC2_HUMAN	Ras-related C3 botulinum toxin substrate 2 OS=Homo sapiens GN=RAC2 PE=1 SV=1	HUMAN	2					
281	0	1.96	30.0399988889694	10.6499999761581	7.60499984025955	ENST00000348035_14	[1 - 789] cdna:known chromosome:GRCh37:7:6414154:6443608:1 gene:ENSG00000136238 gene_biotype:protein_coding transcript_biotype:protein_coding	14	2					
281	0	1.96	30.2100002765656	14.5799994468689	10.419999808073	sp|P63000|RAC1_HUMAN	Ras-related C3 botulinum toxin substrate 1 OS=Homo sapiens GN=RAC1 PE=1 SV=1	HUMAN	2					
281	0	1.96	27.4899989366531	13.2699996232986	9.47899967432022	sp|P63000-2|RAC1_HUMAN	Isoform B of Ras-related C3 botulinum toxin substrate 1 OS=Homo sapiens GN=RAC1	HUMAN	2					
281	0	1.87	12.049999833107	12.049999833107	12.049999833107	tr|B1AH78|B1AH78_HUMAN	Ras-related C3 botulinum toxin substrate 2 (Fragment) OS=Homo sapiens GN=RAC2 PE=1 SV=1	HUMAN	2					
282	2.03	2.03	12.780000269413	4.47300001978874	4.47300001978874	sp|Q96LJ7|DHRS1_HUMAN	Dehydrogenase/reductase SDR family member 1 OS=Homo sapiens GN=DHRS1 PE=1 SV=1	HUMAN	1					
282	0	2.03	12.7399995923042	4.45900000631809	4.45900000631809	ENST00000288111_18	[275 - 1216] cdna:known chromosome:GRCh37:14:24759804:24769039:-1 gene:ENSG00000157379 gene_biotype:protein_coding transcript_biotype:protein_coding	18	1					
283	2.02	2.02	18.9999997615814	2.21400000154972	2.21400000154972	ENST00000380191_24	[1 - 1626] cdna:known chromosome:GRCh37:10:5807186:5855512:-1 gene:ENSG00000057608 gene_biotype:protein_coding transcript_biotype:protein_coding	24	1					
283	0	2.02	19.1499993205071	2.67299991101027	2.67299991101027	tr|E7EU23|E7EU23_HUMAN	Rab GDP dissociation inhibitor beta OS=Homo sapiens GN=GDI2 PE=1 SV=1	HUMAN	1					
283	0	2.02	19.3299993872643	2.69699990749359	2.69699990749359	sp|P50395|GDIB_HUMAN	Rab GDP dissociation inhibitor beta OS=Homo sapiens GN=GDI2 PE=1 SV=2	HUMAN	1					
283	0	2.02	19.2499995231628	2.99999993294477	2.99999993294477	sp|P50395-2|GDIB_HUMAN	Isoform 2 of Rab GDP dissociation inhibitor beta OS=Homo sapiens GN=GDI2	HUMAN	1					
284	2.02	2.02	4.04799990355968	3.21400016546249	1.6669999808073	sp|P34932|HSP74_HUMAN	Heat shock 70 kDa protein 4 OS=Homo sapiens GN=HSPA4 PE=1 SV=4	HUMAN	1					
284	0	2.02	3.94000001251698	3.12899984419346	1.621999964118	ENST00000304858_42	[221 - 2809] cdna:known chromosome:GRCh37:5:132387654:132442141:1 gene:ENSG00000170606 gene_biotype:protein_coding transcript_biotype:protein_coding	42	1					
285	2.01	2.01	15.3799995779991	8.09699967503548	8.09699967503548	sp|P07478|TRY2_HUMAN	Trypsin-2 OS=Homo sapiens GN=PRSS2 PE=1 SV=1	HUMAN	1					
285	0	2.12	18.0099993944168	11.4900000393391	11.4900000393391	tr|E7EQ64|E7EQ64_HUMAN	Trypsin-1 OS=Homo sapiens GN=PRSS1 PE=3 SV=1	HUMAN	2					
285	0	2.12	19.030000269413	12.1500000357628	12.1500000357628	sp|P07477|TRY1_HUMAN	Trypsin-1 OS=Homo sapiens GN=PRSS1 PE=1 SV=1	HUMAN	2					
285	0	2.12	23.8600000739098	15.2300000190735	15.2300000190735	ENST00000564889_25	[615 - 1205] cdna:known chromosome:GRCh37:HG7_PATCH:142491627:142493589:1 gene:ENSG00000261473 gene_biotype:protein_coding transcript_biotype:retained_intron	25	2					
285	0	2.12	27.4599999189377	21.1300000548363	21.1300000548363	tr|H0Y8D1|H0Y8D1_HUMAN	Trypsin-1 (Fragment) OS=Homo sapiens GN=PRSS1 PE=3 SV=1	HUMAN	2					
285	0	2	8.09699967503548	8.09699967503548	8.09699967503548	sp|Q8NHM4|TRY6_HUMAN	Putative trypsin-6 OS=Homo sapiens GN=PRSS3P2 PE=5 SV=2	HUMAN	1					
286	2	59.72	76.3999998569489	76.3999998569489	76.3999998569489	ENST00000381847_6	[3 - 536] cdna:known chromosome:GRCh37:12:11081835:11083763:1 gene:ENSG00000134551 gene_biotype:protein_coding transcript_biotype:protein_coding	6	47					
286	0	59.72	81.92999958992	81.92999958992	81.92999958992	sp|P02810|PRPC_HUMAN	Salivary acidic proline-rich phosphoprotein 1/2 OS=Homo sapiens GN=PRH1 PE=1 SV=2	HUMAN	44					
287	2	16.75	43.5000002384186	35.809999704361	33.6899995803833	sp|P68133|ACTS_HUMAN	Actin, alpha skeletal muscle OS=Homo sapiens GN=ACTA1 PE=1 SV=1	HUMAN	16					
287	0	16.75	43.5000002384186	35.809999704361	33.6899995803833	sp|P68032|ACTC_HUMAN	Actin, alpha cardiac muscle 1 OS=Homo sapiens GN=ACTC1 PE=1 SV=1	HUMAN	16					
287	0	16.36	54.3600022792816	44.2499995231628	44.2499995231628	tr|Q5T8M8|Q5T8M8_HUMAN	Actin, alpha skeletal muscle OS=Homo sapiens GN=ACTA1 PE=3 SV=1	HUMAN	16					
287	0	16.36	53.9799988269806	43.9399987459183	43.9399987459183	tr|A6NL76|A6NL76_HUMAN	Actin, alpha skeletal muscle OS=Homo sapiens GN=ACTA1 PE=3 SV=2	HUMAN	16					
287	0	14.67	43.5000002384186	32.8900009393692	30.7700008153915	sp|P62736|ACTA_HUMAN	Actin, aortic smooth muscle OS=Homo sapiens GN=ACTA2 PE=1 SV=1	HUMAN	15					
287	0	14.67	40.1600003242493	32.9800009727478	30.8499991893768	sp|P63267|ACTH_HUMAN	Actin, gamma-enteric smooth muscle OS=Homo sapiens GN=ACTG2 PE=1 SV=1	HUMAN	15					
287	0	9.26	63.5800004005432	50.330001115799	50.330001115799	tr|F6UVQ4|F6UVQ4_HUMAN	Actin, aortic smooth muscle (Fragment) OS=Homo sapiens GN=ACTA2 PE=1 SV=1	HUMAN	9					
287	0	9.26	66.6700005531311	52.7800023555756	52.7800023555756	tr|C9JFL5|C9JFL5_HUMAN	Actin, gamma-enteric smooth muscle (Fragment) OS=Homo sapiens GN=ACTG2 PE=3 SV=2	HUMAN	9					
287	0	9.14	63.8100028038025	55.239999294281	55.239999294281	tr|F8WB63|F8WB63_HUMAN	Actin, gamma-enteric smooth muscle OS=Homo sapiens GN=ACTG2 PE=3 SV=1	HUMAN	8					
287	0	9.14	56.3000023365021	48.7399995326996	48.7399995326996	tr|B8ZZJ2|B8ZZJ2_HUMAN	Actin, gamma-enteric smooth muscle OS=Homo sapiens GN=ACTG2 PE=3 SV=1	HUMAN	8					
288	2	2.06	72.1700012683868	23.479999601841	11.2999998033047	sp|P01614|KV201_HUMAN	Ig kappa chain V-II region Cum OS=Homo sapiens PE=1 SV=1	HUMAN	1					
288	0	2.06	20.2999994158745	9.774000197649	9.774000197649	sp|P06310|KV206_HUMAN	Ig kappa chain V-II region RPMI 6410 OS=Homo sapiens PE=4 SV=1	HUMAN	1					
288	0	2.06	23.0800002813339	11.1100003123283	11.1100003123283	sp|P06309|KV205_HUMAN	Ig kappa chain V-II region GM607 (Fragment) OS=Homo sapiens PE=4 SV=1	HUMAN	1					
288	0	2	23.8900005817413	11.5000002086163	11.5000002086163	sp|P01617|KV204_HUMAN	Ig kappa chain V-II region TEW OS=Homo sapiens PE=1 SV=1	HUMAN	1					
289	2	2	24.040000140667	2.01799999922514	2.01799999922514	sp|P11413-3|G6PD_HUMAN	Isoform 3 of Glucose-6-phosphate 1-dehydrogenase OS=Homo sapiens GN=G6PD	HUMAN	1					
289	0	1.98	22.6400002837181	1.96100007742643	1.96100007742643	sp|P11413-2|G6PD_HUMAN	Isoform Long of Glucose-6-phosphate 1-dehydrogenase OS=Homo sapiens GN=G6PD	HUMAN	1					
289	0	1.98	23.1099992990494	2.13600005954504	2.13600005954504	sp|P11413|G6PD_HUMAN	Glucose-6-phosphate 1-dehydrogenase OS=Homo sapiens GN=G6PD PE=1 SV=4	HUMAN	1					
289	0	1.96	23.6699998378754	3.2540000975132	3.2540000975132	tr|E7EUI8|E7EUI8_HUMAN	Glucose-6-phosphate 1-dehydrogenase (Fragment) OS=Homo sapiens GN=G6PD PE=1 SV=2	HUMAN	1					
289	0	1.96	11.2499997019768	3.43800000846386	3.43800000846386	tr|E7EM57|E7EM57_HUMAN	Glucose-6-phosphate 1-dehydrogenase (Fragment) OS=Homo sapiens GN=G6PD PE=1 SV=1	HUMAN	1					
290	2	2	20.2900007367134	2.59700007736683	2.59700007736683	tr|E7EX17|E7EX17_HUMAN	Eukaryotic translation initiation factor 4B OS=Homo sapiens GN=EIF4B PE=1 SV=1	HUMAN	1					
290	0	2	21.8500003218651	2.79699992388487	2.79699992388487	tr|B4DS13|B4DS13_HUMAN	Eukaryotic translation initiation factor 4B OS=Homo sapiens GN=EIF4B PE=1 SV=1	HUMAN	1					
290	0	2	20.4600006341934	2.61899996548891	2.61899996548891	sp|P23588|IF4B_HUMAN	Eukaryotic translation initiation factor 4B OS=Homo sapiens GN=EIF4B PE=1 SV=2	HUMAN	1					
290	0	2	20.0000002980232	2.55999993532896	2.55999993532896	ENST00000420463_30	[2 - 1876] cdna:novel chromosome:GRCh37:12:53400240:53434064:1 gene:ENSG00000063046 gene_biotype:protein_coding transcript_biotype:protein_coding	30	1					
290	0	2	21.5100005269051	2.75400001555681	2.75400001555681	ENST00000416762_27	[1 - 1743] cdna:novel chromosome:GRCh37:12:53400241:53434246:1 gene:ENSG00000063046 gene_biotype:protein_coding transcript_biotype:protein_coding	27	1					
291	2	2	56.2099993228912	7.69200026988983	7.69200026988983	ENST00000465387_7	[2 - 508] cdna:putative chromosome:GRCh37:1:6246783:6259613:-1 gene:ENSG00000116251 gene_biotype:protein_coding transcript_biotype:protein_coding	7	1					
291	0	2	67.1899974346161	10.1599998772144	10.1599998772144	sp|P35268|RL22_HUMAN	60S ribosomal protein L22 OS=Homo sapiens GN=RPL22 PE=1 SV=2	HUMAN	1					
291	0	2	45.2600002288818	13.680000603199	13.680000603199	tr|K7ERI7|K7ERI7_HUMAN	60S ribosomal protein L22 OS=Homo sapiens GN=RPL22 PE=1 SV=1	HUMAN	1					
291	0	2	48.309999704361	14.6099999547005	14.6099999547005	tr|K7EMH1|K7EMH1_HUMAN	60S ribosomal protein L22 (Fragment) OS=Homo sapiens GN=RPL22 PE=1 SV=1	HUMAN	1					
291	0	2	54.4300019741058	16.4599999785423	16.4599999785423	tr|K7ELC4|K7ELC4_HUMAN	60S ribosomal protein L22 (Fragment) OS=Homo sapiens GN=RPL22 PE=1 SV=1	HUMAN	1					
291	0	2	50	27.0799994468689	27.0799994468689	tr|K7EP65|K7EP65_HUMAN	60S ribosomal protein L22 (Fragment) OS=Homo sapiens GN=RPL22 PE=1 SV=1	HUMAN	1					
291	0	2	45.2800005674362	24.5299994945526	24.5299994945526	tr|K7EKS7|K7EKS7_HUMAN	60S ribosomal protein L22 OS=Homo sapiens GN=RPL22 PE=1 SV=1	HUMAN	1					
291	0	2	51.0599970817566	27.6600003242493	27.6600003242493	tr|K7EJT5|K7EJT5_HUMAN	60S ribosomal protein L22 (Fragment) OS=Homo sapiens GN=RPL22 PE=1 SV=1	HUMAN	1					
292	2	2	17.6300004124641	2.41199992597103	2.41199992597103	sp|P50991|TCPD_HUMAN	T-complex protein 1 subunit delta OS=Homo sapiens GN=CCT4 PE=1 SV=4	HUMAN	1					
292	0	2	18.6599999666214	2.55399998277426	2.55399998277426	sp|P50991-2|TCPD_HUMAN	Isoform 2 of T-complex protein 1 subunit delta OS=Homo sapiens GN=CCT4	HUMAN	1					
292	0	2	14.9399995803833	2.04399991780519	2.04399991780519	ENST00000394440_27	[7 - 1914] cdna:known chromosome:GRCh37:2:62095224:62115939:-1 gene:ENSG00000115484 gene_biotype:protein_coding transcript_biotype:protein_coding	27	1					
292	0	2	16.3599997758865	2.69200000911951	2.69200000911951	tr|B7Z9L0|B7Z9L0_HUMAN	T-complex protein 1 subunit delta OS=Homo sapiens GN=CCT4 PE=1 SV=1	HUMAN	1					
292	0	2	20.3099995851517	3.34200002253056	3.34200002253056	tr|B7Z2F4|B7Z2F4_HUMAN	T-complex protein 1 subunit delta OS=Homo sapiens GN=CCT4 PE=1 SV=1	HUMAN	1					
293	2	2	29.5300006866455	4.36200015246868	4.36200015246868	sp|P05141|ADT2_HUMAN	ADP/ATP translocase 2 OS=Homo sapiens GN=SLC25A5 PE=1 SV=7	HUMAN	1					
293	0	2	26.1900007724762	3.86900007724762	3.86900007724762	ENST00000317881_13	[3 - 1010] cdna:known chromosome:GRCh37:X:118602363:118605282:1 gene:ENSG00000005022 gene_biotype:protein_coding transcript_biotype:protein_coding	13	1					
294	2	2	26.4099985361099	6.06100000441074	6.06100000441074	ENST00000233893_14	[57 - 749] cdna:known chromosome:GRCh37:2:198364718:198368181:1 gene:ENSG00000115541 gene_biotype:protein_coding transcript_biotype:protein_coding	14	1					
294	0	2	32.6700001955032	13.8600006699562	13.8600006699562	tr|B8ZZL8|B8ZZL8_HUMAN	10 kDa heat shock protein, mitochondrial OS=Homo sapiens GN=HSPE1 PE=1 SV=1	HUMAN	1					
294	0	2	23.5300004482269	13.7299999594688	13.7299999594688	sp|P61604|CH10_HUMAN	10 kDa heat shock protein, mitochondrial OS=Homo sapiens GN=HSPE1 PE=1 SV=2	HUMAN	1					
294	0	2	5.36400005221367	5.36400005221367	5.36400005221367	tr|S4R3N1|S4R3N1_HUMAN	Protein HSPE1-MOB4 OS=Homo sapiens GN=HSPE1-MOB4 PE=3 SV=1	HUMAN	1					
295	2	2	18.5499995946884	6.78699985146523	6.78699985146523	tr|G3V5M2|G3V5M2_HUMAN	Purine nucleoside phosphorylase (Fragment) OS=Homo sapiens GN=PNP PE=1 SV=1	HUMAN	1					
295	0	2	17.0100003480911	6.22400008141994	6.22400008141994	ENST00000553591_13	[48 - 770] cdna:putative chromosome:GRCh37:14:20937700:20943305:1 gene:ENSG00000198805 gene_biotype:protein_coding transcript_biotype:protein_coding	13	1					
295	0	2	21.7999994754791	5.18999993801117	5.18999993801117	sp|P00491|PNPH_HUMAN	Purine nucleoside phosphorylase OS=Homo sapiens GN=PNP PE=1 SV=2	HUMAN	1					
296	2	2	33.3299994468689	8.48499983549118	8.48499983549118	sp|P46783|RS10_HUMAN	40S ribosomal protein S10 OS=Homo sapiens GN=RPS10 PE=1 SV=1	HUMAN	1					
296	0	2	32.1599990129471	8.18699970841408	8.18699970841408	ENST00000494077_11	[214 - 726] cdna:known chromosome:GRCh37:6:34385231:34393803:-1 gene:ENSG00000124614 gene_biotype:protein_coding transcript_biotype:processed_transcript	11	1					
296	0	2	20.4500004649162	7.95499980449677	7.95499980449677	sp|Q9NQ39|RS10L_HUMAN	Putative 40S ribosomal protein S10-like OS=Homo sapiens GN=RPS10P5 PE=5 SV=1	HUMAN	1					
297	2	2	24.5900005102158	5.32799996435642	5.32799996435642	ENST00000296503_27	[770 - 1501] cdna:known chromosome:GRCh37:4:174252846:174256276:-1 gene:ENSG00000164104 gene_biotype:protein_coding transcript_biotype:protein_coding	27	1					
297	0	2	22.4900007247925	6.21999986469746	6.21999986469746	sp|P26583|HMGB2_HUMAN	High mobility group protein B2 OS=Homo sapiens GN=HMGB2 PE=1 SV=2	HUMAN	1					
297	0	2	20.4300001263618	5.65200001001358	5.65200001001358	ENST00000446922_9	[104 - 793] cdna:known chromosome:GRCh37:4:174252852:174255542:-1 gene:ENSG00000164104 gene_biotype:protein_coding transcript_biotype:protein_coding	9	1					
297	0	2	27.6100009679794	9.7010001540184	9.7010001540184	tr|D6R9A6|D6R9A6_HUMAN	High mobility group protein B2 (Fragment) OS=Homo sapiens GN=HMGB2 PE=1 SV=1	HUMAN	1					
298	2	2	17.2499999403954	4.22499999403954	4.22499999403954	ENST00000206451_16	[1 - 852] cdna:known chromosome:GRCh37:14:24605367:24608176:1 gene:ENSG00000092010 gene_biotype:protein_coding transcript_biotype:protein_coding	16	1					
298	0	2	16.0600006580353	4.8190001398325	4.8190001398325	sp|Q06323|PSME1_HUMAN	Proteasome activator complex subunit 1 OS=Homo sapiens GN=PSME1 PE=1 SV=1	HUMAN	1					
298	0	2	9.87100005149841	5.15000000596046	5.15000000596046	sp|Q06323-3|PSME1_HUMAN	Isoform 3 of Proteasome activator complex subunit 1 OS=Homo sapiens GN=PSME1	HUMAN	1					
298	0	2	9.20000001788139	4.80000004172325	4.80000004172325	sp|Q06323-2|PSME1_HUMAN	Isoform 2 of Proteasome activator complex subunit 1 OS=Homo sapiens GN=PSME1	HUMAN	1					
299	2	2	16.6700005531311	6.66700005531311	6.66700005531311	tr|H0YA96|H0YA96_HUMAN	Heterogeneous nuclear ribonucleoprotein D0 (Fragment) OS=Homo sapiens GN=HNRNPD PE=1 SV=1	HUMAN	1					
299	0	2	13.459999859333	5.38499988615513	5.38499988615513	tr|H0Y8G5|H0Y8G5_HUMAN	Heterogeneous nuclear ribonucleoprotein D0 (Fragment) OS=Homo sapiens GN=HNRNPD PE=1 SV=2	HUMAN	1					
299	0	2	17.4099996685982	6.96500018239021	6.96500018239021	tr|F5H6R6|F5H6R6_HUMAN	Heterogeneous nuclear ribonucleoprotein D0 OS=Homo sapiens GN=HNRNPD PE=1 SV=1	HUMAN	1					
299	0	2	11.5500003099442	4.61999997496605	4.61999997496605	tr|B4DTC3|B4DTC3_HUMAN	Heterogeneous nuclear ribonucleoprotein D0 OS=Homo sapiens GN=HNRNPD PE=1 SV=1	HUMAN	1					
299	0	2	9.85900014638901	3.94399985671043	3.94399985671043	sp|Q14103|HNRPD_HUMAN	Heterogeneous nuclear ribonucleoprotein D0 OS=Homo sapiens GN=HNRNPD PE=1 SV=1	HUMAN	1					
299	0	2	12.2000001370907	4.87800016999245	4.87800016999245	sp|Q14103-4|HNRPD_HUMAN	Isoform 4 of Heterogeneous nuclear ribonucleoprotein D0 OS=Homo sapiens GN=HNRNPD	HUMAN	1					
299	0	2	11.4399999380112	4.57499995827675	4.57499995827675	sp|Q14103-3|HNRPD_HUMAN	Isoform 3 of Heterogeneous nuclear ribonucleoprotein D0 OS=Homo sapiens GN=HNRNPD	HUMAN	1					
299	0	2	10.419999808073	4.16699983179569	4.16699983179569	sp|Q14103-2|HNRPD_HUMAN	Isoform 2 of Heterogeneous nuclear ribonucleoprotein D0 OS=Homo sapiens GN=HNRNPD	HUMAN	1					
299	0	2	10.3200003504753	4.12999987602234	4.12999987602234	ENST00000353341_18	[210 - 1226] cdna:known chromosome:GRCh37:4:83274982:83295139:-1 gene:ENSG00000138668 gene_biotype:protein_coding transcript_biotype:protein_coding	18	1					
299	0	2	12.610000371933	12.610000371933	12.610000371933	tr|D6RF44|D6RF44_HUMAN	Heterogeneous nuclear ribonucleoprotein D0 (Fragment) OS=Homo sapiens GN=HNRNPD PE=1 SV=2	HUMAN	1					
299	0	2	6.33499994874001	6.33499994874001	6.33499994874001	tr|D6RAF8|D6RAF8_HUMAN	Heterogeneous nuclear ribonucleoprotein D0 (Fragment) OS=Homo sapiens GN=HNRNPD PE=1 SV=1	HUMAN	1					
300	2	2	12.4600000679493	6.5420001745224	6.5420001745224	tr|F8VZX2|F8VZX2_HUMAN	Poly(rC)-binding protein 2 OS=Homo sapiens GN=PCBP2 PE=1 SV=1	HUMAN	1					
300	0	2	12.4200001358986	6.52199983596802	6.52199983596802	tr|B4DXP5|B4DXP5_HUMAN	Poly(rC)-binding protein 2 OS=Homo sapiens GN=PCBP2 PE=1 SV=1	HUMAN	1					
300	0	2	10.9600000083447	5.75300008058548	5.75300008058548	sp|Q15366|PCBP2_HUMAN	Poly(rC)-binding protein 2 OS=Homo sapiens GN=PCBP2 PE=1 SV=1	HUMAN	1					
300	0	2	12.5799998641014	6.6040001809597	6.6040001809597	sp|Q15366-7|PCBP2_HUMAN	Isoform 7 of Poly(rC)-binding protein 2 OS=Homo sapiens GN=PCBP2	HUMAN	1					
300	0	2	11.0799998044968	5.816999822855	5.816999822855	sp|Q15366-6|PCBP2_HUMAN	Isoform 6 of Poly(rC)-binding protein 2 OS=Homo sapiens GN=PCBP2	HUMAN	1					
300	0	2	11.9400002062321	6.26899972558022	6.26899972558022	sp|Q15366-5|PCBP2_HUMAN	Isoform 5 of Poly(rC)-binding protein 2 OS=Homo sapiens GN=PCBP2	HUMAN	1					
300	0	2	12.0800003409386	6.34400025010109	6.34400025010109	sp|Q15366-4|PCBP2_HUMAN	Isoform 4 of Poly(rC)-binding protein 2 OS=Homo sapiens GN=PCBP2	HUMAN	1					
300	0	2	11.0500000417233	5.80100007355213	5.80100007355213	sp|Q15366-3|PCBP2_HUMAN	Isoform 3 of Poly(rC)-binding protein 2 OS=Homo sapiens GN=PCBP2	HUMAN	1					
300	0	2	10.9300002455711	5.73799982666969	5.73799982666969	sp|Q15366-2|PCBP2_HUMAN	Isoform 2 of Poly(rC)-binding protein 2 OS=Homo sapiens GN=PCBP2	HUMAN	1					
300	0	2	10.6100000441074	5.57000003755093	5.57000003755093	ENST00000603815_20	[315 - 1445] cdna:known chromosome:GRCh37:12:53845886:53874945:1 gene:ENSG00000197111 gene_biotype:protein_coding transcript_biotype:protein_coding	20	1					
300	0	2	15.7600000500679	11.4100001752377	11.4100001752377	tr|H3BSS4|H3BSS4_HUMAN	Poly(rC)-binding protein 2 (Fragment) OS=Homo sapiens GN=PCBP2 PE=1 SV=1	HUMAN	1					
300	0	2	9.63499993085861	6.97700008749962	6.97700008749962	tr|H3BRU6|H3BRU6_HUMAN	Poly(rC)-binding protein 2 (Fragment) OS=Homo sapiens GN=PCBP2 PE=1 SV=1	HUMAN	1					
301	2	2	37.2500002384186	9.1499999165535	9.1499999165535	sp|SODC_HUMAN			1					
301	0	2	37.0099991559982	9.09100025892258	9.09100025892258	sp|P00441|SODC_HUMAN	Superoxide dismutase [Cu-Zn] OS=Homo sapiens GN=SOD1 PE=1 SV=2	HUMAN	1					
301	0	2	16.4700001478195	16.4700001478195	16.4700001478195	ENST00000470944_4	[56 - 310] cdna:known chromosome:GRCh37:21:33032022:33041244:1 gene:ENSG00000142168 gene_biotype:protein_coding transcript_biotype:processed_transcript	4	1					
302	2	2	28.1699985265732	10.5599999427795	10.5599999427795	sp|P69905|HBA_HUMAN	Hemoglobin subunit alpha OS=Homo sapiens GN=HBA1 PE=1 SV=2	HUMAN	1					
302	0	2	28.3699989318848	10.639999806881	10.639999806881	sp|HBA_HUMAN			1					
302	0	2	24.3900001049042	9.14599969983101	9.14599969983101	ENST00000251595_8	[1 - 492] cdna:known chromosome:GRCh37:16:222846:223709:1 gene:ENSG00000188536 gene_biotype:protein_coding transcript_biotype:protein_coding	8	1					
303	2	2	30.5599987506866	16.6700005531311	16.6700005531311	sp|P01598|KV106_HUMAN	Ig kappa chain V-I region EU OS=Homo sapiens PE=1 SV=1	HUMAN	1					
303	0	2	31.6199988126755	15.3799995779991	15.3799995779991	sp|P01602|KV110_HUMAN	Ig kappa chain V-I region HK102 (Fragment) OS=Homo sapiens GN=IGKV1-5 PE=4 SV=1	HUMAN	1					
303	0	2	16.8200001120567	16.8200001120567	16.8200001120567	sp|P01596|KV104_HUMAN	Ig kappa chain V-I region CAR OS=Homo sapiens PE=1 SV=1	HUMAN	1					
304	2	2	22.1100002527237	8.94699990749359	8.94699990749359	ENST00000393085_8	[1 - 570] cdna:known chromosome:GRCh37:7:135611509:135662064:-1 gene:ENSG00000105887 gene_biotype:protein_coding transcript_biotype:protein_coding	8	1					
304	0	2	20.3400000929832	14.4099995493889	14.4099995493889	sp|P58546|MTPN_HUMAN	Myotrophin OS=Homo sapiens GN=MTPN PE=1 SV=2	HUMAN	1					
304	0	2	25.7400006055832	12.5	12.5	ENST00000435723_4	[2 - 409] cdna:putative chromosome:GRCh37:7:135614207:135662101:-1 gene:ENSG00000105887 gene_biotype:protein_coding transcript_biotype:protein_coding	4	1					
304	0	2	32.6900005340576	32.6900005340576	32.6900005340576	tr|C9JL85|C9JL85_HUMAN	Myotrophin OS=Homo sapiens GN=MTPN PE=1 SV=1	HUMAN	1					
305	2	2	5.08100017905235	3.45499999821186	3.45499999821186	sp|Q15084-2|PDIA6_HUMAN	Isoform 2 of Protein disulfide-isomerase A6 OS=Homo sapiens GN=PDIA6	HUMAN	1					
305	0	2	4.90799993276596	3.47599983215332	3.47599983215332	ENST00000272227_25	[2 - 1468] cdna:known chromosome:GRCh37:2:10923517:10952970:-1 gene:ENSG00000143870 gene_biotype:protein_coding transcript_biotype:protein_coding	25	1					
305	0	2	3.86399999260902	3.86399999260902	3.86399999260902	sp|Q15084|PDIA6_HUMAN	Protein disulfide-isomerase A6 OS=Homo sapiens GN=PDIA6 PE=1 SV=1	HUMAN	1					
305	0	2	3.48399989306927	3.48399989306927	3.48399989306927	sp|Q15084-5|PDIA6_HUMAN	Isoform 5 of Protein disulfide-isomerase A6 OS=Homo sapiens GN=PDIA6	HUMAN	1					
305	0	2	3.81999984383583	3.81999984383583	3.81999984383583	sp|Q15084-4|PDIA6_HUMAN	Isoform 4 of Protein disulfide-isomerase A6 OS=Homo sapiens GN=PDIA6	HUMAN	1					
305	0	2	3.88999991118908	3.88999991118908	3.88999991118908	sp|Q15084-3|PDIA6_HUMAN	Isoform 3 of Protein disulfide-isomerase A6 OS=Homo sapiens GN=PDIA6	HUMAN	1					
305	0	2	3.35300005972385	3.35300005972385	3.35300005972385	ENST00000404824_36	[316 - 1836] cdna:putative chromosome:GRCh37:2:10923987:10978103:-1 gene:ENSG00000143870 gene_biotype:protein_coding transcript_biotype:protein_coding	36	1					
306	2	2	24.210000038147	13.680000603199	13.680000603199	sp|P25815|S100P_HUMAN	Protein S100-P OS=Homo sapiens GN=S100P PE=1 SV=2	HUMAN	1					
307	2	2	7.42999985814095	4.95399981737137	4.95399981737137	sp|P09758|TACD2_HUMAN	Tumor-associated calcium signal transducer 2 OS=Homo sapiens GN=TACSTD2 PE=1 SV=3	HUMAN	1					
307	0	2	5.91100007295609	3.94099988043308	3.94099988043308	ENST00000371225_15	[90 - 1307] cdna:known chromosome:GRCh37:1:59041099:59043166:-1 gene:ENSG00000184292 gene_biotype:protein_coding transcript_biotype:protein_coding	15	1					
308	2	2	17.8800001740456	7.94700011610985	7.94700011610985	sp|O15511|ARPC5_HUMAN	Actin-related protein 2/3 complex subunit 5 OS=Homo sapiens GN=ARPC5 PE=1 SV=3	HUMAN	1					
308	0	2	17.5300002098084	7.79199972748756	7.79199972748756	sp|O15511-2|ARPC5_HUMAN	Isoform 2 of Actin-related protein 2/3 complex subunit 5 OS=Homo sapiens GN=ARPC5	HUMAN	1					
309	2	2	4.86100018024445	2.77800001204014	2.77800001204014	sinf_c_1_1212	Streptococcus infantarius subsp. infantarius ATCC BAA-102 [116325 - 115030] enolase	c_1_1212	1					
310	2	2	3.0069999396801	1.83000005781651	1.83000005781651	pot306_c_11_63	Prevotella sp. oral taxon 306 str. F0472 [32814 - 35108]  ORF	c_11_63	2					
311	2	2	10.1899996399879	10.1899996399879	10.1899996399879	sp|Q9HD89|RETN_HUMAN	Resistin OS=Homo sapiens GN=RETN PE=2 SV=1	HUMAN	1					
312	2	2	16.3800001144409	16.3800001144409	16.3800001144409	sp|P01779|HV318_HUMAN	Ig heavy chain V-III region TUR OS=Homo sapiens PE=1 SV=1	HUMAN	1					
312	0	2	16.2400007247925	16.2400007247925	16.2400007247925	sp|P01776|HV315_HUMAN	Ig heavy chain V-III region WAS OS=Homo sapiens PE=1 SV=1	HUMAN	1					
312	0	2	15.9700006246567	15.9700006246567	15.9700006246567	sp|P01774|HV313_HUMAN	Ig heavy chain V-III region POM OS=Homo sapiens PE=1 SV=1	HUMAN	1					
312	0	2	16.5199995040894	16.5199995040894	16.5199995040894	sp|P01765|HV304_HUMAN	Ig heavy chain V-III region TIL OS=Homo sapiens PE=1 SV=1	HUMAN	1					
312	0	2	16.2400007247925	16.2400007247925	16.2400007247925	sp|P01764|HV303_HUMAN	Ig heavy chain V-III region VH26 OS=Homo sapiens PE=1 SV=1	HUMAN	1					
313	2	2	4.18700017035007	4.18700017035007	4.18700017035007	rmuc_c_1_709	Rothia mucilaginosa ATCC 25296 [262982 - 264199] translation elongation factor GTPase	c_1_709	1					
314	1.95	1.95	32.3500007390976	24.2599993944168	13.9699995517731	tr|D6RHX1|D6RHX1_HUMAN	Mucin-7 (Fragment) OS=Homo sapiens GN=MUC7 PE=4 SV=1	HUMAN	2					
314	0	1.95	11.6700001060963	8.75300019979477	5.04000000655651	sp|Q8TAX7|MUC7_HUMAN	Mucin-7 OS=Homo sapiens GN=MUC7 PE=1 SV=2	HUMAN	2					
314	0	1.95	11.2800002098083	8.46199989318848	4.87199984490871	ENST00000304887_19	[152 - 1321] cdna:known chromosome:GRCh37:4:71337834:71348714:1 gene:ENSG00000171195 gene_biotype:protein_coding transcript_biotype:protein_coding	19	2					
315	1.95	1.95	11.1400000751019	4.8030000180006	2.40199994295836	sp|Q8N4F0|BPIB2_HUMAN	BPI fold-containing family B member 2 OS=Homo sapiens GN=BPIFB2 PE=1 SV=2	HUMAN	1					
315	0	1.95	10.6499999761581	4.59299981594086	2.29599997401237	ENST00000170150_26	[133 - 1569] cdna:known chromosome:GRCh37:20:31595406:31611515:1 gene:ENSG00000078898 gene_biotype:protein_coding transcript_biotype:protein_coding	26	1					
316	1.94	1.94	19.1200003027916	4.9100000411272	4.9100000411272	ENST00000435711_17	[2 - 1162] cdna:known chromosome:GRCh37:2:178077500:178084593:1 gene:ENSG00000170144 gene_biotype:protein_coding transcript_biotype:protein_coding	17	2					
316	0	1.94	17.7200004458427	5.02599999308586	5.02599999308586	sp|P51991|ROA3_HUMAN	Heterogeneous nuclear ribonucleoprotein A3 OS=Homo sapiens GN=HNRNPA3 PE=1 SV=2	HUMAN	2					
316	0	1.94	18.8199996948242	5.33699989318848	5.33699989318848	sp|P51991-2|ROA3_HUMAN	Isoform 2 of Heterogeneous nuclear ribonucleoprotein A3 OS=Homo sapiens GN=HNRNPA3	HUMAN	2					
317	1.94	1.94	26.0899990797043	2.97500006854534	2.97500006854534	ENST00000455662_21	[105 - 1415] cdna:novel chromosome:GRCh37:2:71295431:71305998:1 gene:ENSG00000124357 gene_biotype:protein_coding transcript_biotype:protein_coding	21	1					
317	0	1.94	18.970000743866	3.3330000936985	3.3330000936985	sp|Q9UJ70-2|NAGK_HUMAN	Isoform 2 of N-acetyl-D-glucosamine kinase OS=Homo sapiens GN=NAGK	HUMAN	1					
317	0	1.94	18.8199996948242	3.82400006055832	3.82400006055832	tr|H7C3G9|H7C3G9_HUMAN	N-acetyl-D-glucosamine kinase OS=Homo sapiens GN=NAGK PE=1 SV=2	HUMAN	1					
317	0	1.94	18.6000004410744	3.77900004386902	3.77900004386902	sp|Q9UJ70|NAGK_HUMAN	N-acetyl-D-glucosamine kinase OS=Homo sapiens GN=NAGK PE=1 SV=4	HUMAN	1					
317	0	1.94	18.0899992585182	4.4369999319315	4.4369999319315	tr|C9JEV6|C9JEV6_HUMAN	N-acetyl-D-glucosamine kinase OS=Homo sapiens GN=NAGK PE=1 SV=3	HUMAN	1					
317	0	1.94	19.9000000953674	6.63300007581711	6.63300007581711	tr|H7C286|H7C286_HUMAN	N-acetyl-D-glucosamine kinase OS=Homo sapiens GN=NAGK PE=1 SV=2	HUMAN	1					
317	0	1.92	13.8300001621246	13.8300001621246	13.8300001621246	tr|E9PPU6|E9PPU6_HUMAN	Uncharacterized protein OS=Homo sapiens GN=NAGK PE=4 SV=2	HUMAN	1					
318	1.94	1.94	17.4999997019768	9.375	2.81199999153614	ksed_c_1_4670	Kytococcus sedentarius DSM 20547 [1597344 - 1598303] hypothetical protein	c_1_4670	1					
319	1.93	1.93	32.4000000953674	11.2000003457069	5.99999986588955	sp|P17931|LEG3_HUMAN	Galectin-3 OS=Homo sapiens GN=LGALS3 PE=1 SV=5	HUMAN	1					
319	0	1.93	29.3500006198883	10.1400002837181	5.43499998748302	ENST00000254301_9	[184 - 1011] cdna:known chromosome:GRCh37:14:55595762:55612121:1 gene:ENSG00000131981 gene_biotype:protein_coding transcript_biotype:protein_coding	9	1					
319	0	1.86	19.7400003671646	12.0200000703335	6.43799975514412	tr|G3V3R6|G3V3R6_HUMAN	Galectin OS=Homo sapiens GN=LGALS3 PE=1 SV=1	HUMAN	1					
320	1.92	56.85	78.0900001525879	67.9799973964691	62.9199981689453	tr|G3V1R1|G3V1R1_HUMAN	Basic peptide IB-6 OS=Homo sapiens GN=PRB1 PE=4 SV=1	HUMAN	47					
321	1.92	1.92	3.02000008523464	1.09099997207522	1.09099997207522	sp|Q9NQC3|RTN4_HUMAN	Reticulon-4 OS=Homo sapiens GN=RTN4 PE=1 SV=2	HUMAN	1					
321	0	1.92	2.92000006884336	1.05400001630187	1.05400001630187	ENST00000337526_55	[122 - 3820] cdna:known chromosome:GRCh37:2:55199325:55277680:-1 gene:ENSG00000115310 gene_biotype:protein_coding transcript_biotype:protein_coding	55	1					
321	0	1.92	3.76800000667572	3.76800000667572	3.76800000667572	tr|F8W914|F8W914_HUMAN	Reticulon OS=Homo sapiens GN=RTN4 PE=1 SV=1	HUMAN	1					
321	0	1.92	3.3160001039505	3.3160001039505	3.3160001039505	sp|Q9NQC3-5|RTN4_HUMAN	Isoform 5 of Reticulon-4 OS=Homo sapiens GN=RTN4	HUMAN	1					
321	0	1.92	3.4850001335144	3.4850001335144	3.4850001335144	sp|Q9NQC3-2|RTN4_HUMAN	Isoform 2 of Reticulon-4 OS=Homo sapiens GN=RTN4	HUMAN	1					
322	1.91	1.91	17.4999997019768	3.91700007021427	1.59099996089935	ENST00000262290_36	[2 - 2452] cdna:known chromosome:GRCh37:17:56315787:56345879:1 gene:ENSG00000167419 gene_biotype:protein_coding transcript_biotype:protein_coding	36	1					
322	0	1.91	18.9600005745888	4.4939998537302	1.82600002735853	sp|P22079|PERL_HUMAN	Lactoperoxidase OS=Homo sapiens GN=LPO PE=1 SV=2	HUMAN	1					
322	0	1.91	16.3900002837181	4.89999987185001	1.99100002646446	tr|F5H386|F5H386_HUMAN	Lactoperoxidase OS=Homo sapiens GN=LPO PE=4 SV=1	HUMAN	1					
322	0	1.91	17.0100003480911	5.08700013160706	2.06700004637241	sp|P22079-2|PERL_HUMAN	Isoform 2 of Lactoperoxidase OS=Homo sapiens GN=LPO	HUMAN	1					
323	1.9	1.9	15.6299993395805	10.1599998772144	10.1599998772144	ENST00000462693_8	[7 - 390] cdna:known chromosome:GRCh37:2:90043607:90044439:1 gene:ENSG00000241566 gene_biotype:IG_V_gene transcript_biotype:IG_V_gene	8	1					
324	1.89	9.93	50	45.2399998903275	36.5099996328354	sp|Q16778|H2B2E_HUMAN	Histone H2B type 2-E OS=Homo sapiens GN=HIST2H2BE PE=1 SV=3	HUMAN	7					
324	0	9.93	50	45.2399998903275	36.5099996328354	sp|P06899|H2B1J_HUMAN	Histone H2B type 1-J OS=Homo sapiens GN=HIST1H2BJ PE=1 SV=3	HUMAN	7					
324	0	9.93	47.0099985599518	42.5399988889694	34.3300014734268	ENST00000369155_4	[19 - 420] cdna:known chromosome:GRCh37:1:149856010:149858232:-1 gene:ENSG00000184678 gene_biotype:protein_coding transcript_biotype:protein_coding	4	7					
324	0	9.58	41.2699997425079	36.5099996328354	36.5099996328354	sp|P33778|H2B1B_HUMAN	Histone H2B type 1-B OS=Homo sapiens GN=HIST1H2BB PE=1 SV=2	HUMAN	7					
324	0	9.58	41.2699997425079	36.5099996328354	36.5099996328354	sp|P23527|H2B1O_HUMAN	Histone H2B type 1-O OS=Homo sapiens GN=HIST1H2BO PE=1 SV=3	HUMAN	7					
324	0	9.54	36.5099996328354	36.5099996328354	36.5099996328354	sp|Q8N257|H2B3B_HUMAN	Histone H2B type 3-B OS=Homo sapiens GN=HIST3H2BB PE=1 SV=3	HUMAN	7					
324	0	1.89	29.2699992656708	6.0979999601841	6.0979999601841	sp|Q6DRA6|H2B2D_HUMAN	Putative histone H2B type 2-D OS=Homo sapiens GN=HIST2H2BD PE=5 SV=3	HUMAN	1					
324	0	1.89	24.8699992895126	5.18100000917912	5.18100000917912	sp|Q6DN03|H2B2C_HUMAN	Putative histone H2B type 2-C OS=Homo sapiens GN=HIST2H2BC PE=5 SV=3	HUMAN	1					
325	1.89	1.92	37.7799987792969	13.3300006389618	8.14799964427948	tr|F6RFD5|F6RFD5_HUMAN	Destrin OS=Homo sapiens GN=DSTN PE=1 SV=1	HUMAN	1					
325	0	1.92	26.0600000619888	10.9099999070168	6.66700005531311	sp|P60981|DEST_HUMAN	Destrin OS=Homo sapiens GN=DSTN PE=1 SV=3	HUMAN	1					
325	0	1.92	29.0499985218048	12.16000020504	7.43200033903122	sp|P60981-2|DEST_HUMAN	Isoform 2 of Destrin OS=Homo sapiens GN=DSTN	HUMAN	1					
325	0	1.92	24.1600006818771	10.1099997758865	6.17999993264675	ENST00000474024_14	[221 - 754] cdna:known chromosome:GRCh37:20:17550727:17588887:1 gene:ENSG00000125868 gene_biotype:protein_coding transcript_biotype:protein_coding	14	1					
325	0	1.92	22.8699997067451	9.57399979233742	5.85100017488003	ENST00000246069_16	[278 - 841] cdna:known chromosome:GRCh37:20:17550508:17590564:1 gene:ENSG00000125868 gene_biotype:protein_coding transcript_biotype:protein_coding	16	1					
326	1.89	1.89	7.30800032615662	0.653599994257092	0.653599994257092	sp|Q8WWI1|LMO7_HUMAN	LIM domain only protein 7 OS=Homo sapiens GN=LMO7 PE=1 SV=3	HUMAN	1					
326	0	1.89	7.36199989914894	0.704200007021427	0.704200007021427	ENST00000321797_84	[230 - 4915] cdna:putative chromosome:GRCh37:13:76334570:76432808:1 gene:ENSG00000136153 gene_biotype:protein_coding transcript_biotype:protein_coding	84	1					
326	0	1.89	6.2279999256134	0.658700009807944	0.658700009807944	tr|J3KP06|J3KP06_HUMAN	LIM domain only protein 7 OS=Homo sapiens GN=LMO7 PE=1 SV=1	HUMAN	1					
326	0	1.89	6.44399970769882	0.681499997153878	0.681499997153878	tr|F8WD26|F8WD26_HUMAN	LIM domain only protein 7 OS=Homo sapiens GN=LMO7 PE=1 SV=1	HUMAN	1					
326	0	1.89	7.65400007367134	0.786800030618906	0.786800030618906	tr|E9PMT2|E9PMT2_HUMAN	LIM domain only protein 7 OS=Homo sapiens GN=LMO7 PE=1 SV=1	HUMAN	1					
326	0	1.89	6.44399970769882	0.681499997153878	0.681499997153878	sp|Q8WWI1-4|LMO7_HUMAN	Isoform 4 of LIM domain only protein 7 OS=Homo sapiens GN=LMO7	HUMAN	1					
326	0	1.89	7.70900025963783	0.815400015562773	0.815400015562773	sp|Q8WWI1-3|LMO7_HUMAN	Isoform 3 of LIM domain only protein 7 OS=Homo sapiens GN=LMO7	HUMAN	1					
326	0	1.89	6.2279999256134	0.658700009807944	0.658700009807944	sp|Q8WWI1-2|LMO7_HUMAN	Isoform 2 of LIM domain only protein 7 OS=Homo sapiens GN=LMO7	HUMAN	1					
326	0	1.89	6.40399977564812	0.677300011739135	0.677300011739135	ENST00000377534_115	[1231 - 6102] cdna:known chromosome:GRCh37:13:76194570:76434004:1 gene:ENSG00000136153 gene_biotype:protein_coding transcript_biotype:protein_coding	115	1					
326	0	1.89	7.52900019288063	0.862700026482344	0.862700026482344	tr|E9PMS6|E9PMS6_HUMAN	LIM domain only protein 7 OS=Homo sapiens GN=LMO7 PE=1 SV=1	HUMAN	1					
326	0	1.89	6.35399967432022	0.794200040400028	0.794200040400028	tr|E9PLH4|E9PLH4_HUMAN	LIM domain only protein 7 OS=Homo sapiens GN=LMO7 PE=1 SV=1	HUMAN	1					
326	0	1.89	7.17699974775314	1.05299996212125	1.05299996212125	tr|E9PMP7|E9PMP7_HUMAN	LIM domain only protein 7 (Fragment) OS=Homo sapiens GN=LMO7 PE=1 SV=2	HUMAN	1					
326	0	1.89	6.16099983453751	1.04299997910857	1.04299997910857	tr|H0Y424|H0Y424_HUMAN	LIM domain only protein 7 (Fragment) OS=Homo sapiens GN=LMO7 PE=1 SV=2	HUMAN	1					
327	1.89	1.89	57.4999988079071	9.1669999063015	9.1669999063015	ENST00000532359_7	[2 - 361] cdna:novel chromosome:GRCh37:11:8704339:8707395:1 gene:ENSG00000166441 gene_biotype:protein_coding transcript_biotype:protein_coding	7	1					
327	0	1.89	52.209997177124	9.7350001335144	9.7350001335144	tr|E9PLX7|E9PLX7_HUMAN	60S ribosomal protein L27a OS=Homo sapiens GN=RPL27A PE=1 SV=1	HUMAN	1					
327	0	1.89	33.3299994468689	6.21500015258789	6.21500015258789	ENST00000314138_16	[317 - 847] cdna:known chromosome:GRCh37:11:8703958:8711419:1 gene:ENSG00000166441 gene_biotype:protein_coding transcript_biotype:protein_coding	16	1					
327	0	1.89	33.1099987030029	7.43200033903122	7.43200033903122	sp|P46776|RL27A_HUMAN	60S ribosomal protein L27a OS=Homo sapiens GN=RPL27A PE=1 SV=2	HUMAN	1					
327	0	1.89	37.3600006103516	12.0899997651577	12.0899997651577	tr|E9PJD9|E9PJD9_HUMAN	60S ribosomal protein L27a OS=Homo sapiens GN=RPL27A PE=1 SV=1	HUMAN	1					
327	0	1.89	24.0700006484985	10.1899996399879	10.1899996399879	tr|E9PLL6|E9PLL6_HUMAN	60S ribosomal protein L27a OS=Homo sapiens GN=RPL27A PE=1 SV=1	HUMAN	1					
328	1.89	1.89	17.3299998044968	4.33200001716614	4.33200001716614	ENST00000542912_13	[77 - 907] cdna:novel chromosome:GRCh37:12:7074627:7079812:-1 gene:ENSG00000215021 gene_biotype:protein_coding transcript_biotype:protein_coding	13	1					
328	0	1.89	15.5300006270409	3.88300009071827	3.88300009071827	ENST00000399433_19	[181 - 1107] cdna:known chromosome:GRCh37:12:7074848:7079916:-1 gene:ENSG00000215021 gene_biotype:protein_coding transcript_biotype:protein_coding	19	1					
328	0	1.89	13.7099996209145	4.01300005614758	4.01300005614758	tr|J3KPX7|J3KPX7_HUMAN	Prohibitin-2 OS=Homo sapiens GN=PHB2 PE=1 SV=1	HUMAN	1					
328	0	1.89	15.3600007295609	4.4939998537302	4.4939998537302	tr|F5GY37|F5GY37_HUMAN	Prohibitin-2 OS=Homo sapiens GN=PHB2 PE=1 SV=1	HUMAN	1					
328	0	1.89	13.7099996209145	4.01300005614758	4.01300005614758	sp|Q99623|PHB2_HUMAN	Prohibitin-2 OS=Homo sapiens GN=PHB2 PE=1 SV=2	HUMAN	1					
329	1.89	1.89	11.8500001728535	2.03699991106987	2.03699991106987	ENST00000264639_29	[157 - 1776] cdna:known chromosome:GRCh37:17:38137050:38154213:1 gene:ENSG00000108344 gene_biotype:protein_coding transcript_biotype:protein_coding	29	1					
329	0	1.89	10.4900002479553	2.06000003963709	2.06000003963709	sp|O43242|PSMD3_HUMAN	26S proteasome non-ATPase regulatory subunit 3 OS=Homo sapiens GN=PSMD3 PE=1 SV=2	HUMAN	1					
330	1.89	1.89	17.1100005507469	7.23700001835823	7.23700001835823	sp|P62269|RS18_HUMAN	40S ribosomal protein S18 OS=Homo sapiens GN=RPS18 PE=1 SV=3	HUMAN	1					
330	0	1.89	20.3099995851517	8.59400033950806	8.59400033950806	ENST00000476288_13	[255 - 638] cdna:known chromosome:GRCh37:HSCHR6_MHC_QBL:33168712:33173129:1 gene:ENSG00000096150 gene_biotype:protein_coding transcript_biotype:protein_coding	13	1					
330	0	1.89	51.3899981975555	15.2799993753433	15.2799993753433	ENST00000447187_6	[104 - 319] cdna:pseudogene chromosome:GRCh37:1:227618227:227618677:1 gene:ENSG00000242757 gene_biotype:pseudogene transcript_biotype:processed_pseudogene	6	1					
330	0	1.89	15.0299996137619	6.35799989104271	6.35799989104271	ENST00000211372_11	[48 - 566] cdna:known chromosome:GRCh37:HSCHR6_MHC_QBL:33168626:33173129:1 gene:ENSG00000096150 gene_biotype:protein_coding transcript_biotype:protein_coding	11	1					
331	1.86	1.86	26.0399997234344	7.61699974536896	4.17700000107288	sp|P41218|MNDA_HUMAN	Myeloid cell nuclear differentiation antigen OS=Homo sapiens GN=MNDA PE=1 SV=1	HUMAN	1					
332	1.85	1.85	15.5000001192093	4.7970000654459	4.7970000654459	pbus_c_1_1149	Prevotella buccalis ATCC 35310 [1163 - 351] DnaJ domain protein	c_1_1149	1					
333	1.85	1.85	11.710000038147	11.710000038147	11.710000038147	rmuc_c_1_756	Rothia mucilaginosa ATCC 25296 [280357 - 280689] ribosomal protein L24	c_1_756	1					
334	1.84	1.84	14.7900000214577	3.2150000333786	3.2150000333786	ENST00000590230_10	[10 - 942] cdna:known chromosome:GRCh37:19:851014:856242:1 gene:ENSG00000197561 gene_biotype:protein_coding transcript_biotype:protein_coding	10	1					
334	0	1.84	13.4800001978874	3.74500006437302	3.74500006437302	sp|P08246|ELNE_HUMAN	Neutrophil elastase OS=Homo sapiens GN=ELANE PE=1 SV=1	HUMAN	1					
335	1.83	1.83	20.8599999547005	3.71400006115437	3.71400006115437	ENST00000395047_18	[2 - 1051] cdna:known chromosome:GRCh37:5:133307643:133340533:-1 gene:ENSG00000213585 gene_biotype:protein_coding transcript_biotype:protein_coding	18	1					
335	0	1.83	18.3699995279312	4.59400005638599	4.59400005638599	sp|P21796|VDAC1_HUMAN	Voltage-dependent anion-selective channel protein 1 OS=Homo sapiens GN=VDAC1 PE=1 SV=2	HUMAN	1					
335	0	1.74	13.0400002002716	7.06499963998795	7.06499963998795	tr|C9JI87|C9JI87_HUMAN	Voltage-dependent anion-selective channel protein 1 (Fragment) OS=Homo sapiens GN=VDAC1 PE=1 SV=1	HUMAN	1					
336	1.82	1.83	30.8099985122681	9.09100025892258	4.03999984264374	sp|P32119|PRDX2_HUMAN	Peroxiredoxin-2 OS=Homo sapiens GN=PRDX2 PE=1 SV=5	HUMAN	1					
336	0	1.83	29.6099990606308	8.73799994587898	3.88300009071827	ENST00000301522_11	[106 - 723] cdna:known chromosome:GRCh37:19:12907634:12912673:-1 gene:ENSG00000167815 gene_biotype:protein_coding transcript_biotype:protein_coding	11	1					
337	1.81	1.81	23.0800002813339	14.5300000905991	7.69200026988983	ENST00000419498_9	[2 - 352] cdna:pseudogene chromosome:GRCh37:1:220317306:220317693:-1 gene:ENSG00000232134 gene_biotype:pseudogene transcript_biotype:processed_pseudogene	9	2					
337	0	1.79	24.32000041008	11.4900000393391	6.0809999704361	ENST00000563390_9	[26 - 469] cdna:known chromosome:GRCh37:16:18794278:18801705:-1 gene:ENSG00000134419 gene_biotype:protein_coding transcript_biotype:protein_coding	9	2					
337	0	1.79	17.0000001788139	17.0000001788139	9.00000035762787	tr|I3L3P7|I3L3P7_HUMAN	40S ribosomal protein S15a OS=Homo sapiens GN=RPS15A PE=1 SV=1	HUMAN	2					
337	0	1.79	15.3200000524521	15.3200000524521	8.10799971222878	tr|I3L246|I3L246_HUMAN	40S ribosomal protein S15a OS=Homo sapiens GN=RPS15A PE=4 SV=1	HUMAN	2					
337	0	1.79	7.17300027608871	7.17300027608871	3.79699990153313	tr|H3BN98|H3BN98_HUMAN	Uncharacterized protein (Fragment) OS=Homo sapiens PE=4 SV=2	HUMAN	2					
337	0	1.79	13.0799993872643	13.0799993872643	6.92299976944923	sp|P62244|RS15A_HUMAN	40S ribosomal protein S15a OS=Homo sapiens GN=RPS15A PE=1 SV=2	HUMAN	2					
337	0	1.79	12.1399998664856	12.1399998664856	6.4290001988411	ENST00000572008_8	[1 - 420] cdna:known chromosome:GRCh37:16:18793313:18801656:-1 gene:ENSG00000134419 gene_biotype:protein_coding transcript_biotype:nonsense_mediated_decay	8	2					
338	1.8	1.8	7.82599970698357	7.82599970698357	7.82599970698357	sp|P04433|KV309_HUMAN	Ig kappa chain V-III region VG (Fragment) OS=Homo sapiens PE=1 SV=1	HUMAN	1					
339	1.78	1.78	17.4799993634224	6.91099986433983	4.06499989330769	sp|P51572|BAP31_HUMAN	B-cell receptor-associated protein 31 OS=Homo sapiens GN=BCAP31 PE=1 SV=3	HUMAN	1					
339	0	1.78	13.740000128746	5.43100014328957	3.19500006735325	sp|P51572-2|BAP31_HUMAN	Isoform 2 of B-cell receptor-associated protein 31 OS=Homo sapiens GN=BCAP31	HUMAN	1					
339	0	1.78	12.8000006079674	5.05999997258186	2.97599993646145	ENST00000458587_20	[362 - 1369] cdna:known chromosome:GRCh37:X:152965954:152989549:-1 gene:ENSG00000185825 gene_biotype:protein_coding transcript_biotype:protein_coding	20	1					
339	0	1.78	11.259999871254	4.45000007748604	2.61799991130829	ENST00000345046_15	[1 - 1146] cdna:known chromosome:GRCh37:X:152965952:152990152:-1 gene:ENSG00000185825 gene_biotype:protein_coding transcript_biotype:protein_coding	15	1					
339	0	1.35	19.7799995541573	5.49499988555908	5.49499988555908	tr|C9JSP1|C9JSP1_HUMAN	B-cell receptor-associated protein 31 (Fragment) OS=Homo sapiens GN=BCAP31 PE=1 SV=1	HUMAN	1					
339	0	1.35	19.2499995231628	5.34799993038177	5.34799993038177	tr|C9JQ75|C9JQ75_HUMAN	B-cell receptor-associated protein 31 (Fragment) OS=Homo sapiens GN=BCAP31 PE=1 SV=1	HUMAN	1					
339	0	1.35	20.2199995517731	5.61800003051758	5.61800003051758	tr|C9JMD7|C9JMD7_HUMAN	B-cell receptor-associated protein 31 (Fragment) OS=Homo sapiens GN=BCAP31 PE=1 SV=1	HUMAN	1					
339	0	1.35	19.1499993205071	5.31900003552437	5.31900003552437	tr|C9J0M4|C9J0M4_HUMAN	B-cell receptor-associated protein 31 (Fragment) OS=Homo sapiens GN=BCAP31 PE=1 SV=1	HUMAN	1					
340	1.77	1.77	15.1800006628036	5.78299984335899	3.61399985849857	sp|P05120|PAI2_HUMAN	Plasminogen activator inhibitor 2 OS=Homo sapiens GN=SERPINB2 PE=1 SV=2	HUMAN	1					
340	0	1.77	14.4500002264977	5.50500005483627	3.4400001168251	ENST00000457692_29	[271 - 1578] cdna:known chromosome:GRCh37:18:61554939:61571113:1 gene:ENSG00000197632 gene_biotype:protein_coding transcript_biotype:protein_coding	29	1					
340	0	1.39	13.2699996232986	13.2699996232986	13.2699996232986	tr|E9PDK7|E9PDK7_HUMAN	Plasminogen activator inhibitor 2 (Fragment) OS=Homo sapiens GN=SERPINB2 PE=1 SV=1	HUMAN	1					
340	0	1.39	11.3600000739098	11.3600000739098	11.3600000739098	tr|E7ERB5|E7ERB5_HUMAN	Plasminogen activator inhibitor 2 (Fragment) OS=Homo sapiens GN=SERPINB2 PE=1 SV=1	HUMAN	1					
340	0	1.39	9.31700021028519	9.31700021028519	9.31700021028519	tr|E7EPJ9|E7EPJ9_HUMAN	Plasminogen activator inhibitor 2 (Fragment) OS=Homo sapiens GN=SERPINB2 PE=1 SV=1	HUMAN	1					
341	1.77	1.77	11.4399999380112	3.81200015544891	3.81200015544891	pflu1300_c_1_21228	Pseudomonas fluorescens Pf-5 [6491785 - 6492807]  ORF	c_1_21228	1					
342	1.77	1.77	10.360000282526	3.64100001752377	3.64100001752377	belk_c_97_24	Bradyrhizobium elkanii 587 [5444 - 6514]  ORF	c_97_24	1					
343	1.76	1.76	25.4999995231628	8.72500017285347	8.72500017285347	tr|F5GY03|F5GY03_HUMAN	SPARC (Fragment) OS=Homo sapiens GN=SPARC PE=4 SV=1	HUMAN	1					
343	0	1.76	12.5400006771088	4.28999997675419	4.28999997675419	sp|P09486|SPRC_HUMAN	SPARC OS=Homo sapiens GN=SPARC PE=1 SV=1	HUMAN	1					
343	0	1.76	11.4100001752377	3.90399992465973	3.90399992465973	ENST00000231061_18	[225 - 1223] cdna:known chromosome:GRCh37:5:151040657:151066726:-1 gene:ENSG00000113140 gene_biotype:protein_coding transcript_biotype:protein_coding	18	1					
344	1.75	2.58	11.7799997329712	6.4240001142025	3.21200005710125	sp|O76013|KRT36_HUMAN	Keratin, type I cuticular Ha6 OS=Homo sapiens GN=KRT36 PE=1 SV=1	HUMAN	1					
345	1.74	1.74	42.3099994659424	13.459999859333	13.459999859333	tr|H7C125|H7C125_HUMAN	Ras-related protein Rab-2A (Fragment) OS=Homo sapiens GN=RAB2A PE=1 SV=1	HUMAN	1					
345	0	1.74	20.7499995827675	6.6040001809597	6.6040001809597	sp|P61019|RAB2A_HUMAN	Ras-related protein Rab-2A OS=Homo sapiens GN=RAB2A PE=1 SV=1	HUMAN	1					
345	0	1.74	23.3999997377396	7.44699984788895	7.44699984788895	sp|P61019-2|RAB2A_HUMAN	Isoform 2 of Ras-related protein Rab-2A OS=Homo sapiens GN=RAB2A	HUMAN	1					
345	0	1.74	22.9200005531311	7.29200020432472	7.29200020432472	ENST00000531289_11	[261 - 836] cdna:novel chromosome:GRCh37:8:61429495:61533547:1 gene:ENSG00000104388 gene_biotype:protein_coding transcript_biotype:protein_coding	11	1					
345	0	1.74	27.3299992084503	8.69600027799606	8.69600027799606	ENST00000530071_6	[2 - 484] cdna:known chromosome:GRCh37:8:61496603:61533500:1 gene:ENSG00000104388 gene_biotype:protein_coding transcript_biotype:processed_transcript	6	1					
346	1.74	1.74	30.0000011920929	20.0000002980232	20.0000002980232	rcap_c_1_22573	Rhodobacter capsulatus SB 1003 [263480 - 263241] hypothetical protein	c_1_22573	1					
347	1.72	1.72	20.5599993467331	2.78200004249811	2.78200004249811	ENST00000378026_21	[3 - 1943] cdna:known chromosome:GRCh37:12:106631655:106641766:-1 gene:ENSG00000136026 gene_biotype:protein_coding transcript_biotype:protein_coding	21	1					
347	0	1.72	15.9500002861023	2.9899999499321	2.9899999499321	sp|Q07065|CKAP4_HUMAN	Cytoskeleton-associated protein 4 OS=Homo sapiens GN=CKAP4 PE=1 SV=2	HUMAN	1					
348	1.72	1.72	11.0299997031689	2.11500003933907	2.11500003933907	sp|O00571|DDX3X_HUMAN	ATP-dependent RNA helicase DDX3X OS=Homo sapiens GN=DDX3X PE=1 SV=3	HUMAN	1					
348	0	1.72	4.48900014162064	2.16700006276369	2.16700006276369	sp|O00571-2|DDX3X_HUMAN	Isoform 2 of ATP-dependent RNA helicase DDX3X OS=Homo sapiens GN=DDX3X	HUMAN	1					
349	1.72	1.72	15.4899999499321	15.4899999499321	15.4899999499321	bcep_c_1_18591	Burkholderia cepacia GG4 [812949 - 812737] (REVERSE SENSE)  ORF	c_1_18591	1					
350	1.71	1.71	20.8000004291534	7.99999982118607	7.99999982118607	ENST00000463009_7	[57 - 431] cdna:known chromosome:GRCh37:7:98956289:98963837:1 gene:ENSG00000241685 gene_biotype:protein_coding transcript_biotype:processed_transcript	7	1					
350	0	1.65	7.29700028896332	2.70300004631281	2.70300004631281	sp|Q92747|ARC1A_HUMAN	Actin-related protein 2/3 complex subunit 1A OS=Homo sapiens GN=ARPC1A PE=1 SV=2	HUMAN	1					
350	0	1.65	6.56900033354759	2.43299994617701	2.43299994617701	ENST00000262942_18	[2 - 1234] cdna:known chromosome:GRCh37:7:98923533:98963880:1 gene:ENSG00000241685 gene_biotype:protein_coding transcript_biotype:protein_coding	18	1					
351	1.7	1.72	14.0699997544289	5.70299997925758	5.70299997925758	tr|C9J9K3|C9J9K3_HUMAN	40S ribosomal protein SA (Fragment) OS=Homo sapiens GN=RPSA PE=1 SV=2	HUMAN	1					
351	0	1.72	12.5400006771088	5.08500002324581	5.08500002324581	tr|A6NE09|A6NE09_HUMAN	40S ribosomal protein SA OS=Homo sapiens GN=RPSAP58 PE=3 SV=1	HUMAN	1					
351	0	1.72	12.5400006771088	5.08500002324581	5.08500002324581	sp|P08865|RSSA_HUMAN	40S ribosomal protein SA OS=Homo sapiens GN=RPSA PE=1 SV=4	HUMAN	1					
351	0	1.72	12.33000010252	5.00000007450581	5.00000007450581	ENST00000496398_26	[409 - 1308] cdna:putative chromosome:GRCh37:19:23945816:24010937:1 gene:ENSG00000205246 gene_biotype:protein_coding transcript_biotype:protein_coding	26	1					
351	0	1.72	13.8099998235703	5.59699982404709	5.59699982404709	ENST00000458478_14	[69 - 872] cdna:known chromosome:GRCh37:3:39448224:39453550:1 gene:ENSG00000168028 gene_biotype:protein_coding transcript_biotype:protein_coding	14	1					
351	0	1.72	7.79699981212616	5.08500002324581	5.08500002324581	ENST00000435879_13	[1 - 885] cdna:pseudogene chromosome:GRCh37:12:68946775:68947662:-1 gene:ENSG00000240087 gene_biotype:pseudogene transcript_biotype:processed_pseudogene	13	1					
352	1.7	1.7	11.2700000405312	2.41400003433228	2.41400003433228	sked_c_1_8507	Sanguibacter keddieii DSM 10542 [3068873 - 3070363] hypothetical protein	c_1_8507	1					
353	1.7	1.7	10.7199996709824	3.31399999558926	3.31399999558926	einf1695_c_7_41	Eubacterium infirmum F0142 [46305 - 47843]  ORF	c_7_41	1					
354	1.7	1.7	15.8700004220009	15.8700004220009	15.8700004220009	ENST00000544489_10	[449 - 637] cdna:known chromosome:GRCh37:12:1929738:1940134:1 gene:ENSG00000166159 gene_biotype:protein_coding transcript_biotype:processed_transcript	10	1					
354	0	1.7	9.52399969100952	9.52399969100952	9.52399969100952	ENST00000543818_14	[754 - 1068] cdna:known chromosome:GRCh37:12:1929433:1945918:1 gene:ENSG00000166159 gene_biotype:protein_coding transcript_biotype:protein_coding	14	1					
355	1.69	1.69	13.5499998927116	5.72299994528294	5.72299994528294	sp|P29966|MARCS_HUMAN	Myristoylated alanine-rich C-kinase substrate OS=Homo sapiens GN=MARCKS PE=1 SV=4	HUMAN	1					
355	0	1.69	11.599999666214	4.89699989557266	4.89699989557266	ENST00000368635_10	[214 - 1377] cdna:known chromosome:GRCh37:6:114178541:114184648:1 gene:ENSG00000155130 gene_biotype:protein_coding transcript_biotype:protein_coding	10	1					
356	1.68	1.68	42.739999294281	11.9699999690056	11.9699999690056	pflu_c_1_9388	Pseudomonas fluorescens Pf0-1 [2995156 - 2995506] hypothetical protein	c_1_9388	1					
357	1.68	1.68	19.2499995231628	7.45299980044365	7.45299980044365	NCBIABIX_c_1_6112	Bifidobacterium dentium ATCC 27678 [1818172 - 1819137]  ORF	c_1_6112	1					
358	1.67	1.74	17.5200000405312	8.14699977636337	2.03699991106987	sp|K2M2_SHEEP			1					
358	0	1.67	14.0400007367134	5.65299987792969	1.94899998605251	sp|Q9NSB4|KRT82_HUMAN	Keratin, type II cuticular Hb2 OS=Homo sapiens GN=KRT82 PE=1 SV=3	HUMAN	1					
358	0	1.67	14.0400007367134	5.65299987792969	1.94899998605251	sp|KRHB2_HUMAN			1					
358	0	1.61	23.5100001096725	5.77699989080429	1.99200008064508	sp|K2M3_SHEEP			1					
359	1.67	1.67	7.79099985957146	0.399499991908669	0.399499991908669	pmulx_c_1_3199	Prevotella multisaccharivorax DSM 17128 [878578 - 871070] protein involved in gliding motility SprA	c_1_3199	1					
360	1.64	1.64	12.2599996626377	0.952399987727404	0.952399987727404	ENST00000533211_93	[258 - 7502] cdna:known chromosome:GRCh37:11:66452719:66496430:-1 gene:ENSG00000173898 gene_biotype:protein_coding transcript_biotype:protein_coding	93	1					
360	0	1.64	11.2999998033047	0.962300039827824	0.962300039827824	sp|O15020|SPTN2_HUMAN	Spectrin beta chain, non-erythrocytic 2 OS=Homo sapiens GN=SPTBN2 PE=1 SV=3	HUMAN	1					
360	0	1.64	11.4200003445148	0.97249997779727	0.97249997779727	sp|O15020-2|SPTN2_HUMAN	Isoform 2 of Spectrin beta chain, non-erythrocytic 2 OS=Homo sapiens GN=SPTBN2	HUMAN	1					
361	1.64	1.64	55.0400018692017	8.52700024843216	8.52700024843216	tr|M0R210|M0R210_HUMAN	40S ribosomal protein S16 OS=Homo sapiens GN=RPS16 PE=1 SV=1	HUMAN	1					
361	0	1.64	48.6299991607666	7.53400027751923	7.53400027751923	sp|P62249|RS16_HUMAN	40S ribosomal protein S16 OS=Homo sapiens GN=RPS16 PE=1 SV=2	HUMAN	1					
361	0	1.64	37.6700013875961	7.53400027751923	7.53400027751923	ENST00000497576_8	[1 - 438] cdna:pseudogene chromosome:GRCh37:19:20235853:20236293:1 gene:ENSG00000224864 gene_biotype:pseudogene transcript_biotype:transcribed_processed_pseudogene	8	1					
361	0	1.64	34.3800008296967	6.87500014901161	6.87500014901161	ENST00000434475_8	[1 - 480] cdna:pseudogene chromosome:GRCh37:19:20235248:20236293:1 gene:ENSG00000224864 gene_biotype:pseudogene transcript_biotype:transcribed_processed_pseudogene	8	1					
361	0	1.64	30.2599996328354	7.23700001835823	7.23700001835823	tr|Q6IPX4|Q6IPX4_HUMAN	40S ribosomal protein S16 OS=Homo sapiens GN=RPS16 PE=1 SV=1	HUMAN	1					
361	0	1.64	49.0000009536743	10.9999999403954	10.9999999403954	tr|M0R3H0|M0R3H0_HUMAN	40S ribosomal protein S16 OS=Homo sapiens GN=RPS16 PE=1 SV=1	HUMAN	1					
361	0	1.62	26.5300005674362	7.48300030827522	7.48300030827522	ENST00000395968_8	[1 - 441] cdna:pseudogene chromosome:GRCh37:1:16154724:16155167:1 gene:ENSG00000178715 gene_biotype:pseudogene transcript_biotype:processed_pseudogene	8	1					
362	1.64	1.64	17.6499992609024	2.45099999010563	2.45099999010563	ENST00000512805_22	[137 - 1360] cdna:known chromosome:GRCh37:5:180663937:180671209:-1 gene:ENSG00000204628 gene_biotype:protein_coding transcript_biotype:protein_coding	22	1					
362	0	1.64	15.4200002551079	4.6730000525713	4.6730000525713	ENST00000505461_9	[1 - 642] cdna:known chromosome:GRCh37:5:180667957:180670914:-1 gene:ENSG00000204628 gene_biotype:protein_coding transcript_biotype:processed_transcript	9	1					
362	0	1.62	17.7599996328354	3.11500001698732	3.11500001698732	tr|D6REE5|D6REE5_HUMAN	Guanine nucleotide-binding protein subunit beta-2-like 1 (Fragment) OS=Homo sapiens GN=GNB2L1 PE=1 SV=1	HUMAN	1					
362	0	1.62	20.0000002980232	3.3330000936985	3.3330000936985	tr|D6R9L0|D6R9L0_HUMAN	Guanine nucleotide-binding protein subunit beta-2-like 1 (Fragment) OS=Homo sapiens GN=GNB2L1 PE=1 SV=1	HUMAN	1					
362	0	1.62	19.2399993538857	3.15500013530254	3.15500013530254	sp|P63244|GBLP_HUMAN	Guanine nucleotide-binding protein subunit beta-2-like 1 OS=Homo sapiens GN=GNB2L1 PE=1 SV=3	HUMAN	1					
362	0	1.62	22.3199993371964	4.29200008511543	4.29200008511543	tr|D6RHH4|D6RHH4_HUMAN	Guanine nucleotide-binding protein subunit beta-2-like 1 OS=Homo sapiens GN=GNB2L1 PE=1 SV=1	HUMAN	1					
362	0	1.62	26.800000667572	5.15500009059906	5.15500009059906	tr|D6RFX4|D6RFX4_HUMAN	Guanine nucleotide-binding protein subunit beta-2-like 1 (Fragment) OS=Homo sapiens GN=GNB2L1 PE=1 SV=1	HUMAN	1					
362	0	1.62	18.2199999690056	3.71700003743172	3.71700003743172	tr|D6RAC2|D6RAC2_HUMAN	Guanine nucleotide-binding protein subunit beta-2-like 1 OS=Homo sapiens GN=GNB2L1 PE=1 SV=1	HUMAN	1					
362	0	1.62	22.0300003886223	4.23699989914894	4.23699989914894	tr|D6R9Z1|D6R9Z1_HUMAN	Guanine nucleotide-binding protein subunit beta-2-like 1 (Fragment) OS=Homo sapiens GN=GNB2L1 PE=1 SV=2	HUMAN	1					
362	0	1.62	14.3800005316734	6.5360002219677	6.5360002219677	tr|E9PD14|E9PD14_HUMAN	Guanine nucleotide-binding protein subunit beta-2-like 1 OS=Homo sapiens GN=GNB2L1 PE=1 SV=1	HUMAN	1					
362	0	1.62	25.3500014543533	14.0799999237061	14.0799999237061	tr|D6RGK8|D6RGK8_HUMAN	Guanine nucleotide-binding protein subunit beta-2-like 1 OS=Homo sapiens GN=GNB2L1 PE=1 SV=1	HUMAN	1					
362	0	1.62	11.1699998378754	5.07600009441376	5.07600009441376	tr|D6RFZ9|D6RFZ9_HUMAN	Guanine nucleotide-binding protein subunit beta-2-like 1 (Fragment) OS=Homo sapiens GN=GNB2L1 PE=1 SV=2	HUMAN	1					
362	0	1.62	14.9700000882149	6.80299997329712	6.80299997329712	tr|D6RAU2|D6RAU2_HUMAN	Guanine nucleotide-binding protein subunit beta-2-like 1 OS=Homo sapiens GN=GNB2L1 PE=1 SV=1	HUMAN	1					
362	0	1.62	6.25	6.25	6.25	tr|D6RBD0|D6RBD0_HUMAN	Guanine nucleotide-binding protein subunit beta-2-like 1 (Fragment) OS=Homo sapiens GN=GNB2L1 PE=1 SV=1	HUMAN	1					
362	0	1.62	8.62099975347519	8.62099975347519	8.62099975347519	tr|D6R909|D6R909_HUMAN	Guanine nucleotide-binding protein subunit beta-2-like 1 OS=Homo sapiens GN=GNB2L1 PE=1 SV=1	HUMAN	1					
363	1.64	1.64	11.4100001752377	2.46099997311831	2.46099997311831	smue_c_1_69	Simonsiella muelleri ATCC 29453 [29415 - 30755]  ORF	c_1_69	1					
364	1.64	1.64	63.4100019931793	24.3900001049042	24.3900001049042	ENST00000456185_8	[387 - 509] cdna:pseudogene chromosome:GRCh37:3:62912046:62912557:1 gene:ENSG00000226082 gene_biotype:pseudogene transcript_biotype:processed_pseudogene	8	1					
365	1.64	1.64	16.7600005865097	11.7299996316433	11.7299996316433	NCBIACEQ_c_5_331	Neisseria lactamica ATCC 23970 [71091 - 70555] hypothetical protein	c_5_331	1					
366	1.63	1.63	22.7599993348122	3.1029999256134	3.1029999256134	ENST00000316084_16	[25 - 894] cdna:known chromosome:GRCh37:X:71491892:71497150:-1 gene:ENSG00000198034 gene_biotype:protein_coding transcript_biotype:protein_coding	16	1					
366	0	1.63	14.0699997544289	3.42199988663197	3.42199988663197	sp|P62701|RS4X_HUMAN	40S ribosomal protein S4, X isoform OS=Homo sapiens GN=RPS4X PE=1 SV=2	HUMAN	1					
367	1.63	1.63	19.5999994874001	7.30900019407272	7.30900019407272	tr|B1AK88|B1AK88_HUMAN	Capping protein (Actin filament) muscle Z-line, beta, isoform CRA_d OS=Homo sapiens GN=CAPZB PE=1 SV=1	HUMAN	2					
367	0	1.63	22.6899996399879	8.46199989318848	8.46199989318848	tr|B1AK87|B1AK87_HUMAN	Capping protein (Actin filament) muscle Z-line, beta, isoform CRA_a OS=Homo sapiens GN=CAPZB PE=1 SV=1	HUMAN	2					
367	0	1.63	21.6900005936623	8.08800011873245	8.08800011873245	sp|P47756-2|CAPZB_HUMAN	Isoform 2 of F-actin-capping protein subunit beta OS=Homo sapiens GN=CAPZB	HUMAN	2					
367	0	1.63	18.41000020504	7.94200003147125	7.94200003147125	sp|P47756|CAPZB_HUMAN	F-actin-capping protein subunit beta OS=Homo sapiens GN=CAPZB PE=1 SV=4	HUMAN	2					
368	1.62	1.62	11.2000003457069	1.81200001388788	1.81200001388788	sp|P04843|RPN1_HUMAN	Dolichyl-diphosphooligosaccharide--protein glycosyltransferase subunit 1 OS=Homo sapiens GN=RPN1 PE=1 SV=1	HUMAN	1					
368	0	1.62	13.7899994850159	2.52899993211031	2.52899993211031	tr|B7Z4L4|B7Z4L4_HUMAN	Dolichyl-diphosphooligosaccharide--protein glycosyltransferase subunit 1 OS=Homo sapiens GN=RPN1 PE=1 SV=1	HUMAN	1					
369	1.62	1.62	8.8859997689724	1.69300008565187	1.69300008565187	ageo_c_117_30	Actinomyces georgiae F0490 [3763 - 1637] (REVERSE SENSE) ORF	c_117_30	1					
370	1.62	1.62	18.7999993562698	4.08699996769428	4.08699996769428	pver_c_40_30	Prevotella veroralis F0319 [2112 - 1012] endo-beta-N-acetylglucosaminidase F2	c_40_30	1					
371	1.62	1.62	5.81800006330013	1.81799996644258	1.81799996644258	ENST00000391967_21	[204 - 1853] cdna:known chromosome:GRCh37:1:201349966:201368736:-1 gene:ENSG00000159166 gene_biotype:protein_coding transcript_biotype:protein_coding	21	1					
371	0	1.62	4.14300002157688	1.88299994915724	1.88299994915724	tr|E9PDI4|E9PDI4_HUMAN	Ladinin-1 OS=Homo sapiens GN=LAD1 PE=1 SV=1	HUMAN	1					
371	0	1.62	4.25500012934208	1.93399991840124	1.93399991840124	sp|O00515|LAD1_HUMAN	Ladinin-1 OS=Homo sapiens GN=LAD1 PE=1 SV=2	HUMAN	1					
372	1.6	1.6	20.0299993157387	1.82099994271994	1.82099994271994	tr|E7ERJ7|E7ERJ7_HUMAN	Polyadenylate-binding protein 1 OS=Homo sapiens GN=PABPC1 PE=1 SV=1	HUMAN	1					
372	0	1.6	16.1899998784065	1.73000004142523	1.73000004142523	sp|P11940|PABP1_HUMAN	Polyadenylate-binding protein 1 OS=Homo sapiens GN=PABPC1 PE=1 SV=2	HUMAN	1					
372	0	1.6	18.8299998641014	2.01099999248981	2.01099999248981	sp|P11940-2|PABP1_HUMAN	Isoform 2 of Polyadenylate-binding protein 1 OS=Homo sapiens GN=PABPC1	HUMAN	1					
372	0	1.6	15.0800004601479	1.61099992692471	1.61099992692471	ENST00000318607_47	[989 - 3037] cdna:known chromosome:GRCh37:8:101715144:101734940:-1 gene:ENSG00000070756 gene_biotype:protein_coding transcript_biotype:protein_coding	47	1					
372	0	1.6	19.8100000619888	1.74300000071526	1.74300000071526	sp|Q9H361|PABP3_HUMAN	Polyadenylate-binding protein 3 OS=Homo sapiens GN=PABPC3 PE=1 SV=2	HUMAN	1					
372	0	1.6	10.0000001490116	3.3330000936985	3.3330000936985	tr|Q4VY17|Q4VY17_HUMAN	EPAB OS=Homo sapiens GN=PABPC1L PE=2 SV=1	HUMAN	1					
372	0	1.6	14.3700003623962	6.32200017571449	6.32200017571449	tr|H0YBN4|H0YBN4_HUMAN	Polyadenylate-binding protein 1 (Fragment) OS=Homo sapiens GN=PABPC1 PE=1 SV=2	HUMAN	1					
372	0	1.6	5.37500008940697	1.79200004786253	1.79200004786253	sp|Q4VXU2|PAP1L_HUMAN	Polyadenylate-binding protein 1-like OS=Homo sapiens GN=PABPC1L PE=2 SV=1	HUMAN	1					
372	0	1.6	24.0299999713898	8.52700024843216	8.52700024843216	tr|E5RJB9|E5RJB9_HUMAN	Polyadenylate-binding protein 1 (Fragment) OS=Homo sapiens GN=PABPC1 PE=1 SV=1	HUMAN	1					
372	0	1.6	26.2699991464615	9.32200029492378	9.32200029492378	tr|E5RH24|E5RH24_HUMAN	Polyadenylate-binding protein 1 (Fragment) OS=Homo sapiens GN=PABPC1 PE=1 SV=1	HUMAN	1					
372	0	1.6	10.9999999403954	5.49999997019768	5.49999997019768	sp|Q5JQF8|PAP1M_HUMAN	Polyadenylate-binding protein 1-like 2 OS=Homo sapiens GN=PABPC1L2A PE=2 SV=1	HUMAN	1					
372	0	1.6	14.6699994802475	14.6699994802475	14.6699994802475	tr|E5RHG7|E5RHG7_HUMAN	Polyadenylate-binding protein 1 (Fragment) OS=Homo sapiens GN=PABPC1 PE=1 SV=1	HUMAN	1					
372	0	1.6	25.5800008773804	25.5800008773804	25.5800008773804	tr|E5RGC4|E5RGC4_HUMAN	Polyadenylate-binding protein 1 (Fragment) OS=Homo sapiens GN=PABPC1 PE=1 SV=1	HUMAN	1					
372	0	1.6	18.0299997329712	18.0299997329712	18.0299997329712	tr|E5RFD8|E5RFD8_HUMAN	Polyadenylate-binding protein 1 (Fragment) OS=Homo sapiens GN=PABPC1 PE=1 SV=1	HUMAN	1					
373	1.6	1.6	3.57099995017052	0.726399989798665	0.726399989798665	ssat_c_1_3318	Shuttleworthia satelles DSM 14600 BAA-774 CCUG 45864 [554043 - 549088] collagen-binding protein A	c_1_3318	1					
374	1.6	1.6	12.950000166893	4.91099990904331	4.91099990904331	tr|C9JYN0|C9JYN0_HUMAN	Synaptophysin-like protein 1 OS=Homo sapiens GN=SYPL1 PE=1 SV=1	HUMAN	1					
374	0	1.6	11.2000003457069	4.24700006842613	4.24700006842613	sp|Q16563|SYPL1_HUMAN	Synaptophysin-like protein 1 OS=Homo sapiens GN=SYPL1 PE=1 SV=1	HUMAN	1					
374	0	1.6	12.0300002396107	4.56399992108345	4.56399992108345	sp|Q16563-2|SYPL1_HUMAN	Isoform 2 of Synaptophysin-like protein 1 OS=Homo sapiens GN=SYPL1	HUMAN	1					
374	0	1.6	10.5800002813339	4.01500016450882	4.01500016450882	ENST00000011473_10	[3 - 824] cdna:known chromosome:GRCh37:7:105730951:105753022:-1 gene:ENSG00000008282 gene_biotype:protein_coding transcript_biotype:protein_coding	10	1					
375	1.6	1.6	4.89699989557266	0.979300029575825	0.979300029575825	sp|Q14CN2|CLCA4_HUMAN	Calcium-activated chloride channel regulator 4 OS=Homo sapiens GN=CLCA4 PE=1 SV=2	HUMAN	1					
376	1.6	1.6	6.21500015258789	6.21500015258789	6.21500015258789	tr|H0YN26|H0YN26_HUMAN	Acidic leucine-rich nuclear phosphoprotein 32 family member A OS=Homo sapiens GN=ANP32A PE=1 SV=1	HUMAN	1					
376	0	1.6	4.41799983382225	4.41799983382225	4.41799983382225	sp|P39687|AN32A_HUMAN	Acidic leucine-rich nuclear phosphoprotein 32 family member A OS=Homo sapiens GN=ANP32A PE=1 SV=1	HUMAN	1					
376	0	1.6	4.7010000795126	4.7010000795126	4.7010000795126	sp|O43423|AN32C_HUMAN	Acidic leucine-rich nuclear phosphoprotein 32 family member C OS=Homo sapiens GN=ANP32C PE=2 SV=1	HUMAN	1					
376	0	1.6	5.41899986565113	5.41899986565113	5.41899986565113	ENST00000560303_11	[58 - 666] cdna:putative chromosome:GRCh37:15:69072759:69113225:-1 gene:ENSG00000140350 gene_biotype:protein_coding transcript_biotype:protein_coding	11	1					
376	0	1.6	4.45300005376339	4.45300005376339	4.45300005376339	ENST00000267918_11	[3 - 743] cdna:known chromosome:GRCh37:15:69072082:69109938:-1 gene:ENSG00000140350 gene_biotype:protein_coding transcript_biotype:processed_transcript	11	1					
377	1.6	1.6	11.540000140667	11.540000140667	11.540000140667	synsp_sgp_c_1_6771	Synergistetes sp. SGP1 [2433631 - 2433864]  ORF	sgp_c_1_6771	1					
378	1.59	1.6	40.4399991035461	3.44800017774105	3.44800017774105	sp|P09525|ANXA4_HUMAN	Annexin A4 OS=Homo sapiens GN=ANXA4 PE=1 SV=4	HUMAN	1					
378	0	1.6	41.609999537468	3.54800000786781	3.54800000786781	ENST00000536030_21	[187 - 1116] cdna:known chromosome:GRCh37:2:69969236:70053231:1 gene:ENSG00000196975 gene_biotype:protein_coding transcript_biotype:protein_coding	21	1					
378	0	1.6	40.0799989700317	4.64100018143654	4.64100018143654	tr|B4DDF9|B4DDF9_HUMAN	Annexin OS=Homo sapiens GN=ANXA4 PE=1 SV=1	HUMAN	1					
378	0	1.6	27.0900011062622	3.67899984121323	3.67899984121323	tr|Q6P452|Q6P452_HUMAN	Annexin OS=Homo sapiens GN=ANXA4 PE=1 SV=1	HUMAN	1					
379	1.59	1.59	21.2599992752075	2.55900006741285	2.55900006741285	smoo1683_c_11_52	Solobacterium moorei F0204 [37100 - 38623]  ORF	c_11_52	1					
380	1.59	1.59	89.3899977207184	16.6700005531311	16.6700005531311	tr|Q5T4L4|Q5T4L4_HUMAN	40S ribosomal protein S27 OS=Homo sapiens GN=RPS27 PE=1 SV=1	HUMAN	1					
380	0	1.59	19.0500006079674	13.0999997258186	13.0999997258186	sp|P42677|RS27_HUMAN	40S ribosomal protein S27 OS=Homo sapiens GN=RPS27 PE=1 SV=3	HUMAN	1					
380	0	1.59	18.9999997615814	10.9999999403954	10.9999999403954	ENST00000493224_8	[219 - 518] cdna:known chromosome:GRCh37:1:153963239:153964621:1 gene:ENSG00000177954 gene_biotype:protein_coding transcript_biotype:processed_transcript	8	1					
381	1.59	1.59	11.5500003099442	3.34299989044666	3.34299989044666	sp|Q15417|CNN3_HUMAN	Calponin-3 OS=Homo sapiens GN=CNN3 PE=1 SV=1	HUMAN	1					
381	0	1.59	13.4299993515015	3.88699993491173	3.88699993491173	sp|Q15417-3|CNN3_HUMAN	Isoform 3 of Calponin-3 OS=Homo sapiens GN=CNN3	HUMAN	1					
381	0	1.59	8.31499993801117	2.40700002759695	2.40700002759695	ENST00000370206_17	[1 - 1371] cdna:known chromosome:GRCh37:1:95362507:95392834:-1 gene:ENSG00000117519 gene_biotype:protein_coding transcript_biotype:protein_coding	17	1					
381	0	1.59	7.43200033903122	7.43200033903122	7.43200033903122	tr|K7ES69|K7ES69_HUMAN	Calponin-2 OS=Homo sapiens GN=CNN2 PE=1 SV=1	HUMAN	1					
381	0	1.59	3.3330000936985	3.3330000936985	3.3330000936985	tr|B4DUT8|B4DUT8_HUMAN	Calponin-2 OS=Homo sapiens GN=CNN2 PE=1 SV=1	HUMAN	1					
381	0	1.59	3.69100011885166	3.69100011885166	3.69100011885166	tr|B4DDF4|B4DDF4_HUMAN	Calponin-2 OS=Homo sapiens GN=CNN2 PE=1 SV=1	HUMAN	1					
381	0	1.59	3.55999991297722	3.55999991297722	3.55999991297722	sp|Q99439|CNN2_HUMAN	Calponin-2 OS=Homo sapiens GN=CNN2 PE=1 SV=4	HUMAN	1					
381	0	1.59	4.07399982213974	4.07399982213974	4.07399982213974	sp|Q99439-2|CNN2_HUMAN	Isoform 2 of Calponin-2 OS=Homo sapiens GN=CNN2	HUMAN	1					
382	1.59	1.59	10.7900001108646	4.67600002884865	4.67600002884865	lmon_c_1_6425	Listeria monocytogenes Clip81459 [1744103 - 1743270] RecName: Full=Regulatory protein recX	c_1_6425	1					
383	1.59	1.59	35.4400008916855	21.5200006961823	21.5200006961823	rpic_c_3_129	Ralstonia pickettii 12D [36998 - 37234] hypothetical protein	c_3_129	1					
384	1.59	1.59	12.6599997282028	12.6599997282028	12.6599997282028	mot186_c_3_1278	Microbacterium sp. oral taxon 186 F0373 [352300 - 352536]  ORF	c_3_1278	1					
385	1.57	1.57	5.70800006389618	1.90299991518259	0.761099997907877	sp|Q9H2D6|TARA_HUMAN	TRIO and F-actin-binding protein OS=Homo sapiens GN=TRIOBP PE=1 SV=3	HUMAN	1					
385	0	1.57	6.15600012242794	2.05199997872114	0.820800010114908	sp|Q9H2D6-3|TARA_HUMAN	Isoform 4 of TRIO and F-actin-binding protein OS=Homo sapiens GN=TRIOBP	HUMAN	1					
385	0	1.57	5.95499984920025	1.98500007390976	0.793999992311001	sp|Q9H2D6-2|TARA_HUMAN	Isoform 3 of TRIO and F-actin-binding protein OS=Homo sapiens GN=TRIOBP	HUMAN	1					
386	1.57	1.57	24.0500003099442	5.06299994885921	5.06299994885921	ppro_c_1_22021	Propionibacterium propionicum F0230a [165175 - 164228] (REVERSE SENSE)  ORF	c_1_22021	1					
387	1.57	1.57	18.979999423027	6.10200017690659	6.10200017690659	sp|P54920|SNAA_HUMAN	Alpha-soluble NSF attachment protein OS=Homo sapiens GN=NAPA PE=1 SV=3	HUMAN	1					
387	0	1.57	18.75	7.03099966049194	7.03099966049194	tr|M0R0Y2|M0R0Y2_HUMAN	Alpha-soluble NSF attachment protein OS=Homo sapiens GN=NAPA PE=1 SV=1	HUMAN	1					
387	0	1.57	36.1400008201599	21.6900005936623	21.6900005936623	tr|M0R213|M0R213_HUMAN	Alpha-soluble NSF attachment protein (Fragment) OS=Homo sapiens GN=NAPA PE=1 SV=1	HUMAN	1					
387	0	1.57	12.2400000691414	7.34699964523315	7.34699964523315	ENST00000597778_48	[2511 - 3245] cdna:known chromosome:GRCh37:19:47990895:48000353:-1 gene:ENSG00000105402 gene_biotype:protein_coding transcript_biotype:retained_intron	48	1					
388	1.57	1.57	34.9000006914139	7.38300010561943	7.38300010561943	ageo_c_25_50	Actinomyces georgiae F0490 [11792 - 12238]  ORF	c_25_50	1					
389	1.57	1.57	15.2099996805191	6.08399994671345	6.08399994671345	bper_c_1_9372	Bordetella pertussis Tohama I ATCC BAA-589, NCTC-13251 [2961658 - 2962446] alkyl hydroperoxide reductase	c_1_9372	1					
390	1.57	1.57	3.08299995958805	1.92699991166592	1.92699991166592	RRRRRsspu_c_6_869	REVERSED Selenomonas sputigena ATCC 35185 [1809 - 253] BchC	c_6_869	1					
391	1.57	1.57	13.5600000619888	13.5600000619888	13.5600000619888	aot448_c_9_136	Actinomyces sp. oral taxon 448 F0400 [37607 - 37960] hypothetical protein	c_9_136	1					
392	1.55	1.55	19.480000436306	3.89599986374378	3.89599986374378	tr|E9PL09|E9PL09_HUMAN	40S ribosomal protein S3 OS=Homo sapiens GN=RPS3 PE=1 SV=1	HUMAN	1					
392	0	1.55	18.520000576973	3.70399989187717	3.70399989187717	sp|P23396|RS3_HUMAN	40S ribosomal protein S3 OS=Homo sapiens GN=RPS3 PE=1 SV=2	HUMAN	1					
392	0	1.55	17.3700004816055	3.47499996423721	3.47499996423721	sp|P23396-2|RS3_HUMAN	Isoform 2 of 40S ribosomal protein S3 OS=Homo sapiens GN=RPS3	HUMAN	1					
392	0	1.55	17.1100005507469	3.42199988663197	3.42199988663197	ENST00000531188_14	[3 - 791] cdna:known chromosome:GRCh37:11:75110530:75117957:1 gene:ENSG00000149273 gene_biotype:protein_coding transcript_biotype:protein_coding	14	1					
392	0	1.55	16.9799998402596	3.39599996805191	3.39599996805191	ENST00000278572_14	[1 - 795] cdna:novel chromosome:GRCh37:11:75110574:75116732:1 gene:ENSG00000149273 gene_biotype:protein_coding transcript_biotype:protein_coding	14	1					
392	0	1.55	21.6399997472763	5.26299998164177	5.26299998164177	tr|H0YEU2|H0YEU2_HUMAN	40S ribosomal protein S3 (Fragment) OS=Homo sapiens GN=RPS3 PE=1 SV=1	HUMAN	1					
392	0	1.55	18.9899995923042	5.69600015878677	5.69600015878677	tr|E9PPU1|E9PPU1_HUMAN	40S ribosomal protein S3 OS=Homo sapiens GN=RPS3 PE=1 SV=1	HUMAN	1					
392	0	1.52	31.1100006103516	6.66700005531311	6.66700005531311	tr|H0YCJ7|H0YCJ7_HUMAN	40S ribosomal protein S3 (Fragment) OS=Homo sapiens GN=RPS3 PE=1 SV=1	HUMAN	1					
392	0	1.52	21.3699996471405	7.69200026988983	7.69200026988983	tr|F2Z2S8|F2Z2S8_HUMAN	40S ribosomal protein S3 OS=Homo sapiens GN=RPS3 PE=1 SV=1	HUMAN	1					
392	0	1.52	51.5200018882751	27.2700011730194	27.2700011730194	tr|H0YES8|H0YES8_HUMAN	40S ribosomal protein S3 (Fragment) OS=Homo sapiens GN=RPS3 PE=1 SV=1	HUMAN	1					
392	0	1.52	38.6400014162064	20.4500004649162	20.4500004649162	tr|E9PQX2|E9PQX2_HUMAN	40S ribosomal protein S3 OS=Homo sapiens GN=RPS3 PE=1 SV=1	HUMAN	1					
392	0	1.52	18.6800003051758	9.88999977707863	9.88999977707863	tr|E9PQ96|E9PQ96_HUMAN	40S ribosomal protein S3 OS=Homo sapiens GN=RPS3 PE=1 SV=1	HUMAN	1					
392	0	1.52	13.2799997925758	7.03099966049194	7.03099966049194	tr|E9PK82|E9PK82_HUMAN	40S ribosomal protein S3 (Fragment) OS=Homo sapiens GN=RPS3 PE=1 SV=1	HUMAN	1					
392	0	1.52	14.7799998521805	7.82599970698357	7.82599970698357	tr|E9PJH4|E9PJH4_HUMAN	40S ribosomal protein S3 OS=Homo sapiens GN=RPS3 PE=1 SV=1	HUMAN	1					
392	0	1.48	13.8199999928474	7.31699988245964	7.31699988245964	tr|H0YF32|H0YF32_HUMAN	40S ribosomal protein S3 (Fragment) OS=Homo sapiens GN=RPS3 PE=1 SV=1	HUMAN	1					
393	1.55	1.55	14.4899994134903	2.33600009232759	2.33600009232759	smal1329_c_1_18500	Stenotrophomonas maltophilia K279a [4468171 - 4466888] (REVERSE SENSE)  ORF	c_1_18500	1					
394	1.55	1.55	33.0099999904633	9.70899984240532	9.70899984240532	tr|M0QZK8|M0QZK8_HUMAN	Gamma-glutamylcyclotransferase OS=Homo sapiens GN=GGCT PE=1 SV=1	HUMAN	1					
394	0	1.55	18.0899992585182	5.31900003552437	5.31900003552437	sp|O75223|GGCT_HUMAN	Gamma-glutamylcyclotransferase OS=Homo sapiens GN=GGCT PE=1 SV=1	HUMAN	1					
394	0	1.55	10.639999806881	10.639999806881	10.639999806881	sp|O75223-3|GGCT_HUMAN	Isoform 3 of Gamma-glutamylcyclotransferase OS=Homo sapiens GN=GGCT	HUMAN	1					
394	0	1.55	7.57599994540215	7.57599994540215	7.57599994540215	ENST00000432363_8	[3 - 398] cdna:pseudogene chromosome:GRCh37:20:18200757:18201156:1 gene:ENSG00000232943 gene_biotype:pseudogene transcript_biotype:processed_pseudogene	8	1					
395	1.55	1.55	9.31999981403351	2.51899994909763	2.51899994909763	sp|P48595|SPB10_HUMAN	Serpin B10 OS=Homo sapiens GN=SERPINB10 PE=1 SV=1	HUMAN	1					
396	1.55	1.55	8.29700008034706	5.24000003933907	5.24000003933907	kpne_c_1_1555	Klebsiella pneumoniae NTUH-K2044 [561749 - 562435] hypothetical protein	c_1_1555	1					
397	1.55	1.55	15.5399993062019	7.43200033903122	7.43200033903122	ENST00000591914_6	[69 - 512] cdna:known chromosome:GRCh37:18:48556583:48575694:1 gene:ENSG00000141646 gene_biotype:protein_coding transcript_biotype:protein_coding	6	1					
398	1.55	1.55	11.7600001394749	11.7600001394749	11.7600001394749	sp|P20962|PTMS_HUMAN	Parathymosin OS=Homo sapiens GN=PTMS PE=1 SV=2	HUMAN	1					
398	0	1.55	5.68699985742569	5.68699985742569	5.68699985742569	ENST00000309083_5	[3 - 635] cdna:known chromosome:GRCh37:12:6875543:6880109:1 gene:ENSG00000159335 gene_biotype:protein_coding transcript_biotype:protein_coding	5	1					
399	1.55	1.55	28.3600002527237	28.3600002527237	28.3600002527237	mmul_c_9_183	Mobiluncus mulieris ATCC 35243 [57019 - 57219] hypothetical protein	c_9_183	1					
400	1.54	1.54	7.97099992632866	2.4150000885129	2.4150000885129	axyl_c_1_29078	Achromobacter xylosoxidans A8 [5319003 - 5317762] CoA-transferase	c_1_29078	1					
401	1.54	1.54	12.7399995923042	7.64300003647804	7.64300003647804	tr|D6RHJ6|D6RHJ6_HUMAN	Immunoglobulin J chain (Fragment) OS=Homo sapiens GN=IGJ PE=1 SV=1	HUMAN	2					
401	0	1.54	12.7399995923042	7.64300003647804	7.64300003647804	tr|D6RD17|D6RD17_HUMAN	Immunoglobulin J chain (Fragment) OS=Homo sapiens GN=IGJ PE=1 SV=2	HUMAN	2					
401	0	1.54	28.5699993371964	17.1399995684624	17.1399995684624	tr|C9JA05|C9JA05_HUMAN	Immunoglobulin J chain (Fragment) OS=Homo sapiens GN=IGJ PE=1 SV=1	HUMAN	2					
401	0	1.54	12.5799998641014	7.54700005054474	7.54700005054474	sp|P01591|IGJ_HUMAN	Immunoglobulin J chain OS=Homo sapiens GN=IGJ PE=1 SV=4	HUMAN	2					
401	0	1.54	11.8299998342991	7.10100010037422	7.10100010037422	ENST00000391614_10	[1 - 507] cdna:putative chromosome:GRCh37:4:71522102:71532243:-1 gene:ENSG00000132465 gene_biotype:protein_coding transcript_biotype:protein_coding	10	2					
402	1.54	1.54	6.57399967312813	3.46000008285046	3.46000008285046	sp|Q15181|IPYR_HUMAN	Inorganic pyrophosphatase OS=Homo sapiens GN=PPA1 PE=1 SV=2	HUMAN	1					
402	0	1.54	12.8600001335144	7.14299976825714	7.14299976825714	ENST00000610026_20	[523 - 942] cdna:known chromosome:GRCh37:10:71963345:71970006:-1 gene:ENSG00000180817 gene_biotype:protein_coding transcript_biotype:retained_intron	20	1					
403	1.54	1.54	30.3000003099442	30.3000003099442	30.3000003099442	ENST00000574412_2	[3 - 200] cdna:known chromosome:GRCh37:17:4637581:4643217:-1 gene:ENSG00000161921 gene_biotype:protein_coding transcript_biotype:protein_coding	2	1					
404	1.53	1.53	17.8200006484985	1.57999992370605	1.57999992370605	bcep_c_1_435	Burkholderia cepacia GG4 [142945 - 145032]  ORF	c_1_435	1					
405	1.53	1.53	39.4199997186661	10.7199996709824	7.82599970698357	ENST00000357325_10	[1 - 1035] cdna:known chromosome:GRCh37:1:156711899:156721536:-1 gene:ENSG00000143321 gene_biotype:protein_coding transcript_biotype:protein_coding	10	1					
405	0	1.53	45.0599998235703	15.8800005912781	11.5900002419949	sp|P51858-2|HDGF_HUMAN	Isoform 2 of Hepatoma-derived growth factor OS=Homo sapiens GN=HDGF	HUMAN	1					
405	0	1.53	46.1499989032745	17.790000140667	12.9800006747246	tr|A8K8G0|A8K8G0_HUMAN	Hepatoma-derived growth factor OS=Homo sapiens GN=HDGF PE=1 SV=1	HUMAN	1					
405	0	1.53	40.0000005960464	15.4200002551079	11.2499997019768	sp|P51858|HDGF_HUMAN	Hepatoma-derived growth factor OS=Homo sapiens GN=HDGF PE=1 SV=1	HUMAN	1					
405	0	1.53	37.5	14.4500002264977	10.5499997735023	sp|P51858-3|HDGF_HUMAN	Isoform 3 of Hepatoma-derived growth factor OS=Homo sapiens GN=HDGF	HUMAN	1					
406	1.52	1.52	21.5900003910065	6.25	6.25	ppro_c_1_19769	Propionibacterium propionicum F0230a [875416 - 874889] (REVERSE SENSE)  ORF	c_1_19769	1					
407	1.52	1.52	32.8399986028671	16.4199993014336	16.4199993014336	kpne1249_c_1_28241	Klebsiella pneumoniae Kp342 [1595703 - 1595503] (REVERSE SENSE)  ORF	c_1_28241	1					
408	1.52	1.52	9.90599989891052	7.07499980926514	7.07499980926514	RRRRRsp|Q2TAM9|TUSC1_HUMAN	REVERSED Tumor suppressor candidate gene 1 protein OS=Homo sapiens GN=TUSC1 PE=1 SV=3	HUMAN	1					
409	1.51	1.52	42.3099994659424	26.9199997186661	26.9199997186661	bdim1892_c_35_201	Brevundimonas diminuta 470-4, ATCC 13184 [245 - 90] (REVERSE SENSE) ORF	c_35_201	1					
410	1.51	1.51	13.740000128746	6.5930001437664	6.5930001437664	ENST00000351050_21	[158 - 1249] cdna:known chromosome:GRCh37:1:110145889:110155679:-1 gene:ENSG00000134183 gene_biotype:protein_coding transcript_biotype:protein_coding	21	2					
410	0	1.34	20.2900007367134	3.14299985766411	3.14299985766411	sp|P11488|GNAT1_HUMAN	Guanine nucleotide-binding protein G(t) subunit alpha-1 OS=Homo sapiens GN=GNAT1 PE=1 SV=5	HUMAN	1					
410	0	1.34	13.5399997234344	2.40199994295836	2.40199994295836	sp|P38405-2|GNAL_HUMAN	Isoform 2 of Guanine nucleotide-binding protein G(olf) subunit alpha OS=Homo sapiens GN=GNAL	HUMAN	1					
410	0	1.33	10.360000282526	3.83899994194508	2.11100000888109	ENST00000371095_22	[3 - 1565] cdna:known chromosome:GRCh37:20:57466357:57486247:1 gene:ENSG00000087460 gene_biotype:protein_coding transcript_biotype:protein_coding	22	1					
410	0	1.33	5.97900003194809	1.0610000230372	1.0610000230372	sp|Q5JWF2|GNAS1_HUMAN	Guanine nucleotide-binding protein G(s) subunit alpha isoforms XLas OS=Homo sapiens GN=GNAS PE=1 SV=2	HUMAN	1					
410	0	1.33	6.06100000441074	1.07500003650784	1.07500003650784	sp|Q5JWF2-2|GNAS1_HUMAN	Isoform XLas-2 of Guanine nucleotide-binding protein G(s) subunit alpha isoforms XLas OS=Homo sapiens GN=GNAS	HUMAN	1					
410	0	1.33	13.5600000619888	3.10699995607138	3.10699995607138	sp|A8MTJ3|GNAT3_HUMAN	Guanine nucleotide-binding protein G(t) subunit alpha-3 OS=Homo sapiens GN=GNAT3 PE=2 SV=2	HUMAN	1					
410	0	1.33	14.1699999570847	2.88699995726347	2.88699995726347	sp|P38405|GNAL_HUMAN	Guanine nucleotide-binding protein G(olf) subunit alpha OS=Homo sapiens GN=GNAL PE=1 SV=1	HUMAN	1					
410	0	1.33	10.4500003159046	3.10699995607138	3.10699995607138	sp|P19087|GNAT2_HUMAN	Guanine nucleotide-binding protein G(t) subunit alpha-2 OS=Homo sapiens GN=GNAT2 PE=1 SV=4	HUMAN	1					
410	0	1.33	10.1700000464916	3.10699995607138	3.10699995607138	sp|P09471|GNAO_HUMAN	Guanine nucleotide-binding protein G(o) subunit alpha OS=Homo sapiens GN=GNAO1 PE=1 SV=4	HUMAN	1					
410	0	1.33	9.6050001680851	3.10699995607138	3.10699995607138	sp|P08754|GNAI3_HUMAN	Guanine nucleotide-binding protein G(k) subunit alpha OS=Homo sapiens GN=GNAI3 PE=1 SV=3	HUMAN	1					
410	0	1.33	12.950000166893	5.69900013506413	5.69900013506413	tr|Q5JWE9|Q5JWE9_HUMAN	Guanine nucleotide-binding protein G(s) subunit alpha isoforms short (Fragment) OS=Homo sapiens GN=GNAS PE=4 SV=1	HUMAN	1					
410	0	1.33	12.559999525547	5.52799999713898	5.52799999713898	tr|H0Y7F4|H0Y7F4_HUMAN	Guanine nucleotide-binding protein G(s) subunit alpha isoforms short (Fragment) OS=Homo sapiens GN=GNAS PE=4 SV=1	HUMAN	1					
410	0	1.33	5.77399991452694	2.88699995726347	2.88699995726347	sp|Q03113|GNA12_HUMAN	Guanine nucleotide-binding protein subunit alpha-12 OS=Homo sapiens GN=GNA12 PE=1 SV=4	HUMAN	1					
410	0	1.33	7.34499990940094	3.10699995607138	3.10699995607138	sp|P63096|GNAI1_HUMAN	Guanine nucleotide-binding protein G(i) subunit alpha-1 OS=Homo sapiens GN=GNAI1 PE=1 SV=2	HUMAN	1					
410	0	1.33	6.3450001180172	2.79200002551079	2.79200002551079	sp|P63092|GNAS2_HUMAN	Guanine nucleotide-binding protein G(s) subunit alpha isoforms short OS=Homo sapiens GN=GNAS PE=1 SV=1	HUMAN	1					
410	0	1.33	6.3289999961853	2.78500001877546	2.78500001877546	sp|P63092-4|GNAS2_HUMAN	Isoform 4 of Guanine nucleotide-binding protein G(s) subunit alpha isoforms short OS=Homo sapiens GN=GNAS	HUMAN	1					
410	0	1.33	6.59599974751472	2.90200002491474	2.90200002491474	sp|P63092-3|GNAS2_HUMAN	Isoform 3 of Guanine nucleotide-binding protein G(s) subunit alpha isoforms short OS=Homo sapiens GN=GNAS	HUMAN	1					
410	0	1.33	6.57899975776672	2.89500001817942	2.89500001817942	sp|P63092-2|GNAS2_HUMAN	Isoform Gnas-2 of Guanine nucleotide-binding protein G(s) subunit alpha isoforms short OS=Homo sapiens GN=GNAS	HUMAN	1					
410	0	1.33	5.93199990689754	3.10699995607138	3.10699995607138	sp|P09471-2|GNAO_HUMAN	Isoform Alpha-2 of Guanine nucleotide-binding protein G(o) subunit alpha OS=Homo sapiens GN=GNAO1	HUMAN	1					
410	0	1.33	7.32399970293045	3.09900008141994	3.09900008141994	sp|P04899|GNAI2_HUMAN	Guanine nucleotide-binding protein G(i) subunit alpha-2 OS=Homo sapiens GN=GNAI2 PE=1 SV=3	HUMAN	1					
410	0	1.33	12.6399993896484	12.6399993896484	12.6399993896484	tr|Q5JWD1|Q5JWD1_HUMAN	Guanine nucleotide-binding protein G(s) subunit alpha isoforms short OS=Homo sapiens GN=GNAS PE=4 SV=1	HUMAN	1					
410	0	1.33	11.8299998342991	11.8299998342991	11.8299998342991	tr|H0Y7E8|H0Y7E8_HUMAN	Guanine nucleotide-binding protein G(s) subunit alpha isoforms short (Fragment) OS=Homo sapiens GN=GNAS PE=4 SV=1	HUMAN	1					
410	0	1.33	18.0299997329712	18.0299997329712	18.0299997329712	tr|A2A2R6|A2A2R6_HUMAN	Guanine nucleotide-binding protein G(s) subunit alpha isoforms short (Fragment) OS=Homo sapiens GN=GNAS PE=4 SV=1	HUMAN	1					
410	0	1.33	2.91799996048212	2.91799996048212	2.91799996048212	sp|Q14344|GNA13_HUMAN	Guanine nucleotide-binding protein subunit alpha-13 OS=Homo sapiens GN=GNA13 PE=1 SV=2	HUMAN	1					
410	0	1.33	3.00500001758337	3.00500001758337	3.00500001758337	sp|P04899-4|GNAI2_HUMAN	Isoform sGi2 of Guanine nucleotide-binding protein G(i) subunit alpha-2 OS=Homo sapiens GN=GNAI2	HUMAN	1					
411	1.51	1.51	12.3000003397465	2.46099997311831	2.46099997311831	sp|Q08AI8|CB054_HUMAN	Uncharacterized protein C2orf54 OS=Homo sapiens GN=C2orf54 PE=2 SV=2	HUMAN	1					
411	0	1.51	10.1899996399879	10.1899996399879	10.1899996399879	tr|C9JP86|C9JP86_HUMAN	Uncharacterized protein C2orf54 (Fragment) OS=Homo sapiens GN=C2orf54 PE=4 SV=2	HUMAN	1					
411	0	1.51	8.33299979567528	8.33299979567528	8.33299979567528	tr|C9JEK0|C9JEK0_HUMAN	Uncharacterized protein C2orf54 (Fragment) OS=Homo sapiens GN=C2orf54 PE=4 SV=2	HUMAN	1					
412	1.51	1.51	21.8899995088577	5.32499998807907	5.32499998807907	ahae_c_1_10226	Arcanobacterium haemolyticum CCM, DSM 20595, ATCC 9345 [576817 - 576311] molybdopterin binding domain-containing protein	c_1_10226	1					
413	1.51	1.51	17.339999973774	4.43499982357025	4.43499982357025	NCBIABWK_c_5_1818	Mitsuokella multacida A 405-1, DSM 20544, ATCC 27723, NCTC 10 [69124 - 68381] hypothetical protein	c_5_1818	1					
414	1.51	1.51	17.1399995684624	8.57099965214729	8.57099965214729	not020_c_59_78	Neisseria sp. oral taxon 020 F0370 [4846 - 4532] (REVERSE SENSE) ORF	c_59_78	1					
415	1.5	1.5	51.1399984359741	17.6100000739098	0	sp|Q9BW30|TPPP3_HUMAN	Tubulin polymerization-promoting protein family member 3 OS=Homo sapiens GN=TPPP3 PE=1 SV=1	HUMAN	0					
415	0	1.5	39.1299992799759	13.4800001978874	0	ENST00000393957_10	[1 - 690] cdna:known chromosome:GRCh37:16:67423712:67427438:-1 gene:ENSG00000159713 gene_biotype:protein_coding transcript_biotype:protein_coding	10	0					
416	1.49	1.57	7.74699971079826	1.66900008916855	1.66900008916855	sp|Q14574-2|DSC3_HUMAN	Isoform 3B of Desmocollin-3 OS=Homo sapiens GN=DSC3	HUMAN	1					
416	0	1.57	7.30300024151802	1.57299991697073	1.57299991697073	ENST00000434452_41	[3 - 2672] cdna:known chromosome:GRCh37:18:28570052:28622781:-1 gene:ENSG00000134762 gene_biotype:protein_coding transcript_biotype:protein_coding	41	1					
416	0	1.49	6.47300034761429	1.56299993395805	1.56299993395805	sp|Q14574|DSC3_HUMAN	Desmocollin-3 OS=Homo sapiens GN=DSC3 PE=1 SV=3	HUMAN	1					
417	1.49	1.51	22.3399996757507	10.639999806881	10.639999806881	rcap_c_1_9341	Rhodobacter capsulatus SB 1003 [2987142 - 2987423] hypothetical protein	c_1_9341	1					
418	1.49	1.49	21.5000003576279	2.33299992978573	2.33299992978573	RRRRRsp|KRHB4_HUMAN|REVERSED			1					
418	0	1.49	18.6700001358986	2.33299992978573	2.33299992978573	RRRRRsp|Q9NSB2|KRT84_HUMAN	REVERSED Keratin, type II cuticular Hb4 OS=Homo sapiens GN=KRT84 PE=2 SV=2	HUMAN	1					
419	1.49	1.49	4.49099987745285	2.99399998039007	2.99399998039007	bper_c_1_9321	Bordetella pertussis Tohama I ATCC BAA-589, NCTC-13251 [2948472 - 2949473] FecR family protein	c_1_9321	1					
420	1.48	1.48	6.74299970269203	1.90799999982119	1.90799999982119	daci_c_1_22493	Delftia acidovorans SPH-1 ATCC15668 [6422266 - 6424623] class I/II aminotransferase	c_1_22493	1					
421	1.48	1.48	10.4599997401237	2.2299999371171	2.2299999371171	cval_c_6_125	Cardiobacterium valvarum F0432 [34216 - 35964] hypothetical protein	c_6_125	1					
422	1.48	1.48	97.1400022506714	54.2900025844574	54.2900025844574	ENST00000347132_32	[2870 - 2974] cdna:known chromosome:GRCh37:1:41249684:41306124:1 gene:ENSG00000117013 gene_biotype:protein_coding transcript_biotype:protein_coding	32	1					
423	1.48	1.48	3.92899997532368	3.92899997532368	3.92899997532368	kpne_c_1_27724	Klebsiella pneumoniae NTUH-K2044 [1029388 - 1028549] yaeF gene product	c_1_27724	1					
424	1.47	1.47	20.1800003647804	5.38100004196167	5.38100004196167	ksed_c_1_4786	Kytococcus sedentarius DSM 20547 [1641015 - 1641683] hypothetical protein	c_1_4786	1					
425	1.47	1.47	9.57399979233742	3.01399994641542	3.01399994641542	NCBIACEO_c_2_584	Neisseria subflava NJ9703 [200110 - 201801] DNA repair protein RecN	c_2_584	1					
426	1.47	1.47	9.96399968862534	3.2030001282692	3.2030001282692	kpne1249_c_1_12605	Klebsiella pneumoniae Kp342 [4307243 - 4308085]  ORF	c_1_12605	1					
427	1.46	1.46	7.28299990296364	1.68099999427795	1.68099999427795	sp|Q8N302|AGGF1_HUMAN	Angiogenic factor with G patch and FHA domains 1 OS=Homo sapiens GN=AGGF1 PE=1 SV=2	HUMAN	1					
428	1.46	1.46	12.6900002360344	5.00000007450581	5.00000007450581	ENST00000422514_19	[302 - 1081] cdna:known chromosome:GRCh37:17:27046411:27051377:1 gene:ENSG00000198242 gene_biotype:protein_coding transcript_biotype:protein_coding	19	1					
428	0	1.46	11.9999997317791	7.42899999022484	7.42899999022484	tr|K7ERT8|K7ERT8_HUMAN	60S ribosomal protein L23a (Fragment) OS=Homo sapiens GN=RPL23A PE=1 SV=1	HUMAN	1					
428	0	1.46	30.0000011920929	18.5699999332428	18.5699999332428	tr|K7EMA7|K7EMA7_HUMAN	60S ribosomal protein L23a OS=Homo sapiens GN=RPL23A PE=1 SV=1	HUMAN	1					
428	0	1.46	12.3499996960163	7.64700025320053	7.64700025320053	tr|K7EJV9|K7EJV9_HUMAN	60S ribosomal protein L23a (Fragment) OS=Homo sapiens GN=RPL23A PE=1 SV=1	HUMAN	1					
428	0	1.46	13.289999961853	8.22800025343895	8.22800025343895	tr|H7BY10|H7BY10_HUMAN	60S ribosomal protein L23a (Fragment) OS=Homo sapiens GN=RPL23A PE=1 SV=1	HUMAN	1					
428	0	1.46	10.8199998736382	6.70100003480911	6.70100003480911	tr|A8MUS3|A8MUS3_HUMAN	60S ribosomal protein L23a OS=Homo sapiens GN=RPL23A PE=1 SV=1	HUMAN	1					
428	0	1.46	13.459999859333	8.33299979567528	8.33299979567528	sp|P62750|RL23A_HUMAN	60S ribosomal protein L23a OS=Homo sapiens GN=RPL23A PE=1 SV=1	HUMAN	1					
429	1.46	1.46	9.54200029373169	5.34400008618832	5.34400008618832	NCBIAAYI_c_1_7635	Actinomyces odontolyticus DSM 43331, ATCC 17982 [2311780 - 2312565]  ORF	c_1_7635	1					
430	1.46	1.46	12.049999833107	12.049999833107	12.049999833107	tvin_c_17_90	Treponema vincentii ATCC 35580 [34095 - 34343] hypothetical protein	c_17_90	1					
431	1.46	1.46	22.2200006246567	22.2200006246567	22.2200006246567	pmac2508_c_1_2567	Prevotella maculosa DSM 19339 [26783 - 26622] (REVERSE SENSE) ORF	c_1_2567	1					
432	1.46	1.46	19.2300006747246	19.2300006747246	19.2300006747246	oot809_c_8_445	Olsenella sp. oral taxon 809 F0356 [13793 - 13638] hypothetical protein	c_8_445	1					
433	1.45	1.45	23.5499992966652	3.02600003778934	1.31599996238947	ENST00000369622_32	[91 - 2370] cdna:known chromosome:GRCh37:6:86323824:86353003:-1 gene:ENSG00000135316 gene_biotype:protein_coding transcript_biotype:protein_coding	32	1					
433	0	1.45	20.7100003957748	3.69199998676777	1.60499997437	sp|O60506|HNRPQ_HUMAN	Heterogeneous nuclear ribonucleoprotein Q OS=Homo sapiens GN=SYNCRIP PE=1 SV=2	HUMAN	1					
433	0	1.45	21.9400003552437	3.91199998557568	1.70099996030331	sp|O60506-2|HNRPQ_HUMAN	Isoform 2 of Heterogeneous nuclear ribonucleoprotein Q OS=Homo sapiens GN=SYNCRIP	HUMAN	1					
433	0	1.45	18.6000004410744	4.3639998883009	1.89800001680851	sp|O60506-4|HNRPQ_HUMAN	Isoform 4 of Heterogeneous nuclear ribonucleoprotein Q OS=Homo sapiens GN=SYNCRIP	HUMAN	1					
433	0	1.45	17.4400001764297	4.09299992024899	1.7790000885725	sp|O60506-3|HNRPQ_HUMAN	Isoform 3 of Heterogeneous nuclear ribonucleoprotein Q OS=Homo sapiens GN=SYNCRIP	HUMAN	1					
433	0	1.3	5.40499985218048	5.40499985218048	5.40499985218048	tr|F6UXX1|F6UXX1_HUMAN	Heterogeneous nuclear ribonucleoprotein Q (Fragment) OS=Homo sapiens GN=SYNCRIP PE=1 SV=1	HUMAN	1					
434	1.44	1.44	11.4100001752377	6.7110002040863	6.7110002040863	sp|Q96CA5|BIRC7_HUMAN	Baculoviral IAP repeat-containing protein 7 OS=Homo sapiens GN=BIRC7 PE=1 SV=2	HUMAN	1					
435	1.44	1.44	7.52300024032593	3.85299995541573	3.85299995541573	RRRRRtr|D6RGC4|D6RGC4_HUMAN	REVERSED E3 ubiquitin-protein ligase MARCH1 OS=Homo sapiens GN=MARCH1 PE=4 SV=1	HUMAN	1					
435	0	1.44	14.8900002241135	14.8900002241135	14.8900002241135	RRRRRtr|D6REN1|D6REN1_HUMAN	REVERSED E3 ubiquitin-protein ligase MARCH1 (Fragment) OS=Homo sapiens GN=MARCH1 PE=4 SV=1	HUMAN	1					
435	0	1.44	7.26599991321564	7.26599991321564	7.26599991321564	RRRRRsp|Q8TCQ1|MARH1_HUMAN	REVERSED E3 ubiquitin-protein ligase MARCH1 OS=Homo sapiens GN=MARCH1 PE=1 SV=1	HUMAN	1					
436	1.43	1.43	26.8799990415573	2.81199999153614	2.81199999153614	sked_c_1_22504	Sanguibacter keddieii DSM 10542 [392397 - 391438] hypothetical protein	c_1_22504	1					
437	1.43	1.43	14.2700001597404	1.27800004556775	1.27800004556775	pot386_c_8_7	Peptoniphilus sp. oral taxon 386 F0131 [4210 - 7026] excinuclease ABC subunit A	c_8_7	1					
438	1.43	1.43	51.2000024318695	9.6000000834465	9.6000000834465	sp|P06326|HV107_HUMAN	Ig heavy chain V-I region Mot OS=Homo sapiens PE=1 SV=1	HUMAN	1					
438	0	1.43	20.610000193119	9.16000008583069	9.16000008583069	ENST00000604008_7	[1 - 393] cdna:known chromosome:GRCh37:HG1592_PATCH:106471434:106471911:-1 gene:ENSG00000271535 gene_biotype:IG_V_gene transcript_biotype:IG_V_gene	7	1					
438	0	1.43	22.1300005912781	9.8360002040863	9.8360002040863	ENST00000390599_8	[48 - 413] cdna:known chromosome:GRCh37:14:106539079:106539577:-1 gene:ENSG00000211939 gene_biotype:IG_V_gene transcript_biotype:IG_V_gene	8	1					
438	0	1.43	10.2600000798702	10.2600000798702	10.2600000798702	sp|P23083|HV103_HUMAN	Ig heavy chain V-I region V35 OS=Homo sapiens PE=1 SV=1	HUMAN	1					
438	0	1.43	9.67700034379959	9.67700034379959	9.67700034379959	sp|P01761|HV106_HUMAN	Ig heavy chain V-I region SIE OS=Homo sapiens PE=1 SV=1	HUMAN	1					
438	0	1.43	10.2600000798702	10.2600000798702	10.2600000798702	sp|P01743|HV102_HUMAN	Ig heavy chain V-I region HG3 OS=Homo sapiens PE=4 SV=1	HUMAN	1					
438	0	1.43	10.2600000798702	10.2600000798702	10.2600000798702	sp|P01742|HV101_HUMAN	Ig heavy chain V-I region EU OS=Homo sapiens PE=1 SV=1	HUMAN	1					
438	0	1.43	10.0000001490116	10.0000001490116	10.0000001490116	sp|A6NJS3|IV1U1_HUMAN	Putative V-set and immunoglobulin domain-containing-like protein IGHV1OR21-1 OS=Homo sapiens GN=IGHV1OR21-1 PE=5 SV=1	HUMAN	1					
438	0	1.43	8.75900015234947	8.75900015234947	8.75900015234947	ENST00000390633_6	[2 - 412] cdna:known chromosome:GRCh37:14:107169931:107170428:-1 gene:ENSG00000211973 gene_biotype:IG_V_gene transcript_biotype:IG_V_gene	6	1					
439	1.43	1.43	6.6770002245903	1.97299998253584	1.97299998253584	mot186_c_2_1044	Microbacterium sp. oral taxon 186 F0373 [317151 - 319127]  ORF	c_2_1044	1					
440	1.43	1.43	7.11499974131584	3.55699993669987	3.55699993669987	nbac_c_15_348	Neisseria bacilliformis ATCC BAA-1200 [38478 - 37720] hypothetical protein	c_15_348	1					
441	1.43	1.43	9.44899991154671	9.44899991154671	9.44899991154671	rpic_c_1_9018	Ralstonia pickettii 12D [2461474 - 2461854] hypothetical protein	c_1_9018	1					
442	1.43	1.43	19.1799998283386	19.1799998283386	19.1799998283386	ccon_c_1_4469	Campylobacter concisus strain 13826 [1104439 - 1104221] hypothetical protein	c_1_4469	1					
443	1.42	1.42	31.9999992847443	28.0000001192093	28.0000001192093	mlot_c_1_8563	Mesorhizobium loti MAFF303099 [2319303 - 2319452] hypothetical protein	c_1_8563	1					
444	1.42	1.42	94.9999988079071	50	50	ENST00000333274_20	[1315 - 1374] cdna:known chromosome:GRCh37:5:106712590:107006596:-1 gene:ENSG00000184349 gene_biotype:protein_coding transcript_biotype:protein_coding	20	1					
445	1.42	1.42	21.4300006628037	21.4300006628037	21.4300006628037	sot149_c_22_35	Selenomonas sp. oral taxon 149 str. 67H29BP [10596 - 10763] hypothetical protein	c_22_35	1					
446	1.41	1.41	29.1200011968613	5.36400005221367	5.36400005221367	tr|F8VP50|F8VP50_HUMAN	Uncharacterized protein (Fragment) OS=Homo sapiens PE=4 SV=2	HUMAN	1					
446	0	1.41	5.22200018167496	2.70799994468689	2.70799994468689	sp|P05091|ALDH2_HUMAN	Aldehyde dehydrogenase, mitochondrial OS=Homo sapiens GN=ALDH2 PE=1 SV=2	HUMAN	1					
446	0	1.41	5.74500001966953	2.9789999127388	2.9789999127388	sp|P05091-2|ALDH2_HUMAN	Isoform 2 of Aldehyde dehydrogenase, mitochondrial OS=Homo sapiens GN=ALDH2	HUMAN	1					
446	0	1.41	5.23299984633923	2.71300002932549	2.71300002932549	ENST00000548536_21	[155 - 1702] cdna:known chromosome:GRCh37:12:112204752:112247434:1 gene:ENSG00000111275 gene_biotype:protein_coding transcript_biotype:nonsense_mediated_decay	21	1					
447	1.41	1.41	14.0499994158745	3.92200015485287	3.92200015485287	axyl_c_1_40236	Achromobacter xylosoxidans A8 [2002274 - 2001357] hypothetical protein	c_1_40236	1					
448	1.41	1.41	33.0799996852875	8.27099978923798	8.27099978923798	ENST00000600196_7	[1 - 399] cdna:known chromosome:GRCh37:19:41837960:41850745:-1 gene:ENSG00000105329 gene_biotype:protein_coding transcript_biotype:retained_intron	7	1					
448	0	1.41	25.450000166893	6.66700005531311	6.66700005531311	ENST00000598758_8	[49 - 543] cdna:putative chromosome:GRCh37:19:41807492:41847935:-1 gene:ENSG00000105329 gene_biotype:protein_coding transcript_biotype:protein_coding	8	1					
449	1.41	1.41	3.3670000731945	1.85199994593859	1.85199994593859	daci_c_1_11766	Delftia acidovorans SPH-1 ATCC15668 [3380647 - 3382428] hypothetical protein	c_1_11766	1					
450	1.41	1.41	19.6400001645088	19.6400001645088	11.6099998354912	ajoh_c_2_346	Actinomyces johnsonii F0330 [96932 - 97267] hypothetical protein	c_2_346	1					
451	1.41	1.41	5.92099986970425	5.92099986970425	5.92099986970425	elim_c_1_7998	Eubacterium limosum KIST612 [3133664 - 3134119] hypothetical protein	c_1_7998	1					
452	1.4	1.4	11.9000002741814	1.81499999016523	1.81499999016523	slon_c_7_243	Stomatobaculum longum  [83372 - 84859]  ORF	c_7_243	1					
453	1.4	1.4	17.0900002121925	7.03499987721443	7.03499987721443	aot180_c_24_5	Actinomyces sp. oral taxon 180 F0310 [219 - 815] hypothetical protein	c_24_5	1					
454	1.4	1.4	8.35400000214577	2.94799990952015	2.94799990952015	pana2506_c_2_154	Peptostreptococcus anaerobius DSM 2949 [115006 - 116226]  ORF	c_2_154	1					
455	1.4	1.4	4.98099997639656	4.98099997639656	4.98099997639656	pori_c_31_120	Prevotella oris F0302 [9675 - 8893] methionine aminopeptidase, type I	c_31_120	1					
456	1.39	1.39	5.34700006246567	3.17899994552135	0	cdur_c_10_422	Corynebacterium durum F0235 [116396 - 118471]  ORF	c_10_422	0					
457	1.39	1.39	10.1300001144409	5.06299994885921	5.06299994885921	tr|B4E2V5|B4E2V5_HUMAN	Erythrocyte band 7 integral membrane protein OS=Homo sapiens GN=STOM PE=1 SV=1	HUMAN	1					
457	0	1.39	8.33299979567528	4.16699983179569	4.16699983179569	sp|P27105|STOM_HUMAN	Erythrocyte band 7 integral membrane protein OS=Homo sapiens GN=STOM PE=1 SV=3	HUMAN	1					
457	0	1.39	8.16299989819527	4.08199988305569	4.08199988305569	ENST00000286713_17	[1 - 882] cdna:known chromosome:GRCh37:9:124101355:124132483:-1 gene:ENSG00000148175 gene_biotype:protein_coding transcript_biotype:protein_coding	17	1					
457	0	1.39	9.75600033998489	9.75600033998489	9.75600033998489	sp|P27105-2|STOM_HUMAN	Isoform 2 of Erythrocyte band 7 integral membrane protein OS=Homo sapiens GN=STOM	HUMAN	1					
458	1.39	1.39	7.25800022482872	4.56999987363815	4.56999987363815	esak_c_1_15796	Cronobacter sakazakii ATCC BAA-894 [3205391 - 3204276] hypothetical protein	c_1_15796	1					
459	1.39	1.39	4.72300015389919	3.0799999833107	3.0799999833107	NCBIABWK_c_5_1175	Mitsuokella multacida A 405-1, DSM 20544, ATCC 27723, NCTC 10 [262155 - 260695] hypothetical protein	c_5_1175	1					
460	1.39	1.39	11.2400002777576	5.91700002551079	5.91700002551079	ENST00000567943_2	[1 - 507] cdna:known chromosome:GRCh37:16:89877393:89883056:-1 gene:ENSG00000187741 gene_biotype:protein_coding transcript_biotype:nonsense_mediated_decay	2	1					
461	1.38	1.38	6.8060003221035	0.716400006785989	0.716400006785989	sp|Q00610|CLH1_HUMAN	Clathrin heavy chain 1 OS=Homo sapiens GN=CLTC PE=1 SV=5	HUMAN	1					
461	0	1.38	6.95500001311302	0.732199987396598	0.732199987396598	sp|Q00610-2|CLH1_HUMAN	Isoform 2 of Clathrin heavy chain 1 OS=Homo sapiens GN=CLTC	HUMAN	1					
461	0	1.38	6.9130003452301	0.727700022980571	0.727700022980571	ENST00000393043_88	[245 - 5191] cdna:putative chromosome:GRCh37:17:57697219:57768187:1 gene:ENSG00000141367 gene_biotype:protein_coding transcript_biotype:protein_coding	88	1					
462	1.38	1.38	26.5300005674362	17.3500001430511	9.1839998960495	sp|P29034|S10A2_HUMAN	Protein S100-A2 OS=Homo sapiens GN=S100A2 PE=1 SV=3	HUMAN	1					
462	0	1.38	22.2200006246567	14.5300000905991	7.69200026988983	ENST00000368710_7	[1 - 351] cdna:known chromosome:GRCh37:1:153533816:153540366:-1 gene:ENSG00000196754 gene_biotype:protein_coding transcript_biotype:protein_coding	7	1					
462	0	1.38	26.5599995851517	26.5599995851517	14.0599995851517	tr|R4GN49|R4GN49_HUMAN	Protein S100-A2 OS=Homo sapiens GN=S100A2 PE=1 SV=1	HUMAN	1					
463	1.37	1.37	27.1699994802475	23.9099994301796	23.9099994301796	rpic_c_1_21188	Ralstonia pickettii 12D [1521292 - 1521017] hypothetical protein	c_1_21188	2					
464	1.37	1.37	19.5800006389618	11.8900001049042	11.8900001049042	pstu_c_1_17146	Pseudomonas stutzeri A1501, CGMCC 0351 [4029960 - 4029532] hypothetical protein	c_1_17146	1					
465	1.36	1.42	31.479999423027	8.33299979567528	8.33299979567528	sp|P01605|KV113_HUMAN	Ig kappa chain V-I region Lay OS=Homo sapiens PE=1 SV=1	HUMAN	1					
465	0	1.36	32.7600002288818	7.75900036096573	7.75900036096573	sp|P04434|KV310_HUMAN	Ig kappa chain V-III region VH (Fragment) OS=Homo sapiens PE=4 SV=1	HUMAN	1					
465	0	1.36	12.3999997973442	6.97700008749962	6.97700008749962	sp|P04207|KV308_HUMAN	Ig kappa chain V-III region CLL OS=Homo sapiens PE=1 SV=2	HUMAN	1					
465	0	1.36	14.6799996495247	8.25700014829636	8.25700014829636	sp|P01624|KV306_HUMAN	Ig kappa chain V-III region POM OS=Homo sapiens PE=1 SV=1	HUMAN	1					
466	1.36	1.36	3.74500006437302	3.74500006437302	3.74500006437302	lmon_c_1_1635	Listeria monocytogenes Clip81459 [1163957 - 1164757] PduB protein	c_1_1635	1					
467	1.36	1.36	95.8299994468689	70.8299994468689	70.8299994468689	ENST00000298351_64	[4010 - 4081] cdna:known chromosome:GRCh37:14:77648170:77725838:1 gene:ENSG00000165548 gene_biotype:protein_coding transcript_biotype:protein_coding	64	1					
468	1.35	1.35	11.9999997317791	9.71399992704391	9.71399992704391	axyl_c_1_33454	Achromobacter xylosoxidans A8 [4024524 - 4024000] hypothetical protein	c_1_33454	1					
469	1.35	1.35	14.1399994492531	4.54499982297421	4.54499982297421	ENST00000460355_82	[2941 - 3534] cdna:known chromosome:GRCh37:2:204045679:204056058:1 gene:ENSG00000144426 gene_biotype:protein_coding transcript_biotype:retained_intron	82	1					
469	0	1.35	13.3300006389618	5.45499995350838	5.45499995350838	sp|P30050|RL12_HUMAN	60S ribosomal protein L12 OS=Homo sapiens GN=RPL12 PE=1 SV=1	HUMAN	1					
470	1.35	1.35	44.4400012493134	7.14299976825714	7.14299976825714	pot192_c_2_1362	Propionibacterium sp. oral taxon 192 F0372 [375637 - 376014]  ORF	c_2_1362	1					
471	1.35	1.35	5.12799993157387	5.12799993157387	5.12799993157387	aot178_c_22_52	Actinomyces sp. oral taxon 178 F0338 [17457 - 18158] hypothetical protein	c_22_52	1					
472	1.34	1.34	24.549999833107	8.18200036883354	8.18200036883354	pflu1300_c_1_34504	Pseudomonas fluorescens Pf-5 [3637509 - 3637180] (REVERSE SENSE)  ORF	c_1_34504	1					
473	1.34	1.34	16.6700005531311	16.6700005531311	16.6700005531311	sp|P01611|KV119_HUMAN	Ig kappa chain V-I region Wes OS=Homo sapiens PE=1 SV=1	HUMAN	1					
473	0	1.34	13.6399999260902	13.6399999260902	13.6399999260902	ENST00000480492_8	[3 - 398] cdna:known chromosome:GRCh37:2:89339721:89340242:-1 gene:ENSG00000243290 gene_biotype:IG_V_gene transcript_biotype:IG_V_gene	8	1					
474	1.34	1.34	3.65899987518787	3.65899987518787	3.65899987518787	mpne_c_1_540	Mycoplasma pneumoniae M129, ATCC29342 [266087 - 266824] ABC transporter, permease protein	c_1_540	1					
475	1.34	1.34	3.18499989807606	3.18499989807606	3.18499989807606	ecol_c_1_5284	Escherichia coli BW2952 [2051971 - 2053383] predicted transporter with no MDR phenotype when mutated or cloneds	c_1_5284	1					
476	1.33	2.39	16.6700005531311	8.73000025749207	8.73000025749207	ENST00000390305_7	[2 - 379] cdna:known chromosome:GRCh37:22:23029190:23029735:1 gene:ENSG00000211659 gene_biotype:IG_V_gene transcript_biotype:IG_V_gene	7	2					
477	1.33	1.33	9.29400026798248	1.85899995267391	1.85899995267391	RRRRRsp|Q12901|ZN155_HUMAN	REVERSED Zinc finger protein 155 OS=Homo sapiens GN=ZNF155 PE=2 SV=4	HUMAN	1					
477	0	1.33	9.10699963569641	1.82099994271994	1.82099994271994	RRRRRsp|Q12901-2|ZN155_HUMAN	REVERSED Isoform 2 of Zinc finger protein 155 OS=Homo sapiens GN=ZNF155	HUMAN	1					
478	1.33	1.33	33.3299994468689	14.6699994802475	14.6699994802475	toti_c_3_371	Turicella otitidis ATCC 51513 [17127 - 16903] (REVERSE SENSE) ORF	c_3_371	1					
479	1.33	1.33	17.2600001096725	6.5480001270771	6.5480001270771	aot175_c_1_646	Actinomyces sp. oral taxon 175 F0384 [191479 - 191982] hypothetical protein	c_1_646	1					
480	1.33	1.33	9.00000035762787	9.00000035762787	9.00000035762787	tr|H0YDT6|H0YDT6_HUMAN	Eukaryotic translation initiation factor 3 subunit F (Fragment) OS=Homo sapiens GN=EIF3F PE=1 SV=1	HUMAN	1					
480	0	1.33	4.32699993252754	4.32699993252754	4.32699993252754	tr|B4DEW9|B4DEW9_HUMAN	Eukaryotic translation initiation factor 3 subunit F OS=Homo sapiens GN=EIF3F PE=1 SV=1	HUMAN	1					
480	0	1.33	2.41899993270636	2.41899993270636	2.41899993270636	tr|B3KSH1|B3KSH1_HUMAN	Eukaryotic translation initiation factor 3 subunit F OS=Homo sapiens GN=EIF3F PE=1 SV=1	HUMAN	1					
480	0	1.33	2.52100005745888	2.52100005745888	2.52100005745888	sp|O00303|EIF3F_HUMAN	Eukaryotic translation initiation factor 3 subunit F OS=Homo sapiens GN=EIF3F PE=1 SV=1	HUMAN	1					
481	1.32	1.33	29.6900004148483	21.0899993777275	0	paer_c_1_38912	Pseudomonas aeruginosa LESB58 [343044 - 342661] hypothetical protein	c_1_38912	1					
482	1.32	1.32	13.6500000953674	2.36200001090765	2.36200001090765	rpic_c_1_14448	Ralstonia pickettii 12D [3368898 - 3367756] hypothetical protein	c_1_14448	1					
483	1.32	1.32	28.7000000476837	12.0399996638298	12.0399996638298	belk_c_362_47	Bradyrhizobium elkanii 587 [716 - 393] (REVERSE SENSE) ORF	c_362_47	1					
484	1.32	1.32	31.2099993228912	7.09199979901314	7.09199979901314	mtub_c_1_2560	Mycobacterium tuberculosis CDC1551 [720160 - 720582] hypothetical protein	c_1_2560	1					
485	1.31	1.32	25.1599997282028	18.7099993228912	7.74200037121773	tr|J3KQP6|J3KQP6_HUMAN	Ras-related protein Rab-11A OS=Homo sapiens GN=RAB11A PE=3 SV=1	HUMAN	1					
485	0	1.32	19.6999996900558	14.6500006318092	6.06100000441074	tr|H3BSC1|H3BSC1_HUMAN	Ras-related protein Rab-11A OS=Homo sapiens GN=RAB11A PE=1 SV=1	HUMAN	1					
485	0	1.32	25.1599997282028	18.7099993228912	7.74200037121773	tr|H3BMH2|H3BMH2_HUMAN	Ras-related protein Rab-11A (Fragment) OS=Homo sapiens GN=RAB11A PE=3 SV=1	HUMAN	1					
485	0	1.32	21.7899993062019	16.2000000476837	6.70399963855743	tr|B4DMK0|B4DMK0_HUMAN	Ras-related protein Rab-11B OS=Homo sapiens GN=RAB11B PE=2 SV=1	HUMAN	1					
485	0	1.32	17.8900003433228	13.3000001311302	5.50500005483627	sp|Q15907|RB11B_HUMAN	Ras-related protein Rab-11B OS=Homo sapiens GN=RAB11B PE=1 SV=4	HUMAN	1					
485	0	1.32	18.0600002408028	13.4299993515015	5.55600002408028	sp|P62491|RB11A_HUMAN	Ras-related protein Rab-11A OS=Homo sapiens GN=RAB11A PE=1 SV=3	HUMAN	1					
485	0	1.32	25.1599997282028	18.7099993228912	7.74200037121773	sp|P62491-2|RB11A_HUMAN	Isoform 2 of Ras-related protein Rab-11A OS=Homo sapiens GN=RAB11A	HUMAN	1					
485	0	1.32	13.4499996900558	10.0000001490116	4.13799993693829	ENST00000328024_7	[3 - 872] cdna:known chromosome:GRCh37:19:8455083:8469318:1 gene:ENSG00000185236 gene_biotype:protein_coding transcript_biotype:protein_coding	7	1					
486	1.31	1.31	29.1299998760223	5.00000007450581	5.00000007450581	sp|P10909-5|CLUS_HUMAN	Isoform 5 of Clusterin OS=Homo sapiens GN=CLU	HUMAN	1					
486	0	1.31	26.7500013113022	4.59100008010864	4.59100008010864	sp|P10909-2|CLUS_HUMAN	Isoform 2 of Clusterin OS=Homo sapiens GN=CLU	HUMAN	1					
486	0	1.31	27.4599999189377	4.712999984622	4.712999984622	ENST00000523500_35	[670 - 2133] cdna:putative chromosome:GRCh37:8:27455513:27468874:-1 gene:ENSG00000120885 gene_biotype:protein_coding transcript_biotype:protein_coding	35	1					
486	0	1.31	26.690000295639	4.58200015127659	4.58200015127659	ENST00000316403_26	[248 - 1753] cdna:known chromosome:GRCh37:8:27454434:27472548:-1 gene:ENSG00000120885 gene_biotype:protein_coding transcript_biotype:protein_coding	26	1					
486	0	1.31	27.8400003910065	5.12199997901917	5.12199997901917	sp|P10909|CLUS_HUMAN	Clusterin OS=Homo sapiens GN=CLU PE=1 SV=1	HUMAN	1					
486	0	1.31	30.0500005483627	5.52899986505508	5.52899986505508	sp|P10909-4|CLUS_HUMAN	Isoform 4 of Clusterin OS=Homo sapiens GN=CLU	HUMAN	1					
486	0	1.29	28.8300007581711	8.39399993419647	8.39399993419647	sp|P10909-3|CLUS_HUMAN	Isoform 3 of Clusterin OS=Homo sapiens GN=CLU	HUMAN	1					
486	0	1.29	22.1399992704391	16.4299994707108	16.4299994707108	tr|H0YAS8|H0YAS8_HUMAN	Clusterin beta chain (Fragment) OS=Homo sapiens GN=CLU PE=4 SV=1	HUMAN	1					
486	0	1.28	30.2799999713898	8.09900015592575	8.09900015592575	tr|H0YC35|H0YC35_HUMAN	Clusterin (Fragment) OS=Homo sapiens GN=CLU PE=3 SV=1	HUMAN	1					
487	1.31	1.31	11.4600002765656	11.4600002765656	11.4600002765656	sp|O43147-3|SGSM2_HUMAN	Isoform 3 of Small G protein signaling modulator 2 OS=Homo sapiens GN=SGSM2	HUMAN	1					
488	1.31	1.31	14.7499993443489	14.7499993443489	14.7499993443489	ehor_c_2_1627	Enterobacter hormaechei ATCC 49162 [146859 - 146677] hypothetical protein	c_2_1627	1					
489	1.3	1.31	39.8900002241135	2.39400006830692	2.39400006830692	belk_c_994_17	Bradyrhizobium elkanii 587 [2527 - 1400] (REVERSE SENSE) ORF	c_994_17	1					
490	1.3	1.31	6.2109999358654	5.59000000357628	5.59000000357628	NCBIABZW_c_1_7103	Propionibacterium acnes SK137 [2033215 - 2033697] hypothetical protein	c_1_7103	1					
491	1.3	1.3	96.670001745224	66.6700005531311	66.6700005531311	ENST00000438189_11	[593 - 682] cdna:known chromosome:GRCh37:11:67219886:67226699:1 gene:ENSG00000175544 gene_biotype:protein_coding transcript_biotype:protein_coding	11	1					
492	1.29	1.3	9.33300033211708	3.50000001490116	3.50000001490116	eton_c_3_754	Erysipelothrix tonsillarum DSM 14972 [215122 - 213323] (REVERSE SENSE) ORF	c_3_754	1					
493	1.29	1.29	14.9800002574921	3.19899991154671	3.19899991154671	sflu_c_12_521	Selenomonas flueggei ATCC 43531 [35322 - 33541] YD repeat-containing protein	c_12_521	1					
494	1.29	1.29	17.5400003790855	3.69199998676777	3.69199998676777	axyl_c_1_10445	Achromobacter xylosoxidans A8 [3133146 - 3134120] hypothetical protein	c_1_10445	1					
495	1.29	1.29	37.3100012540817	5.18100000917912	5.18100000917912	smal_c_1_2338	Stenotrophomonas maltophilia R551-3 [666694 - 667272] hypothetical protein	c_1_2338	1					
496	1.29	1.29	8.96399989724159	2.52100005745888	2.52100005745888	ppro_c_1_8633	Propionibacterium propionicum F0230a [2656752 - 2657822]  ORF	c_1_8633	1					
497	1.29	1.29	9.04000028967857	5.08500002324581	5.08500002324581	amas2385_c_8_923	Actinomyces massiliensis 4401292 [122031 - 121501] (REVERSE SENSE) ORF	c_8_923	1					
498	1.29	1.29	15.7100006937981	15.7100006937981	15.7100006937981	ssan_c_1_5227	Streptococcus sanguis SK36 [2206860 - 2206651] hypothetical protein	c_1_5227	1					
499	1.29	1.29	20.7499995827675	20.7499995827675	20.7499995827675	ENST00000526038_60	[2631 - 2789] cdna:known chromosome:GRCh37:9:100131560:100140806:1 gene:ENSG00000197816 gene_biotype:protein_coding transcript_biotype:retained_intron	60	1					
500	1.28	1.28	27.1200001239777	1.84899996966124	1.84899996966124	RRRRRENST00000332411_21	REVERSED [22 - 1968] cdna:known chromosome:GRCh37:12:53161939:53171129:-1 gene:ENSG00000185069 gene_biotype:protein_coding transcript_biotype:protein_coding	21	1					
500	0	1.28	25.8599996566772	1.88100002706051	1.88100002706051	RRRRRsp|Q01546|K22O_HUMAN	REVERSED Keratin, type II cytoskeletal 2 oral OS=Homo sapiens GN=KRT76 PE=1 SV=2	HUMAN	1					
501	1.28	1.28	21.7600002884865	2.74500008672476	2.74500008672476	bper_c_1_828	Bordetella pertussis Tohama I ATCC BAA-589, NCTC-13251 [254449 - 255978] hypothetical protein	c_1_828	1					
502	1.28	1.28	23.9700004458427	17.3600003123283	10.7400000095367	tr|C9JXB8|C9JXB8_HUMAN	60S ribosomal protein L24 OS=Homo sapiens GN=RPL24 PE=1 SV=1	HUMAN	1					
502	0	1.28	19.3299993872643	14.0000000596046	8.6669996380806	tr|C9JNW5|C9JNW5_HUMAN	60S ribosomal protein L24 OS=Homo sapiens GN=RPL24 PE=1 SV=1	HUMAN	1					
502	0	1.28	18.469999730587	13.3799999952316	8.28000009059906	sp|P83731|RL24_HUMAN	60S ribosomal protein L24 OS=Homo sapiens GN=RPL24 PE=1 SV=1	HUMAN	1					
502	0	1.28	16.7600005865097	12.1399998664856	7.51399993896484	ENST00000394077_8	[59 - 577] cdna:known chromosome:GRCh37:3:101399936:101405626:-1 gene:ENSG00000114391 gene_biotype:protein_coding transcript_biotype:protein_coding	8	1					
503	1.28	1.28	19.7899997234344	5.34799993038177	5.34799993038177	lkis_c_162_2	Lactobacillus kisonensis F0435 [2634 - 3194] hypothetical protein	c_162_2	1					
504	1.28	1.28	45.7599997520447	28.8100004196167	28.8100004196167	aot848_c_3_664	Actinomyces sp. oral taxon 848 F0332 [185922 - 186098] hypothetical protein	c_3_664	1					
505	1.28	1.28	62.2200012207031	25.560000538826	25.560000538826	ENST00000563721_6	[160 - 429] cdna:putative chromosome:GRCh37:16:70613812:70688574:1 gene:ENSG00000157368 gene_biotype:protein_coding transcript_biotype:protein_coding	6	1					
506	1.28	1.28	13.4200006723404	6.7110002040863	6.7110002040863	smal_c_1_16020	Stenotrophomonas maltophilia R551-3 [4475966 - 4476412] hypothetical protein	c_1_16020	1					
507	1.28	1.28	14.1299992799759	13.0400002002716	13.0400002002716	paer_c_1_35160	Pseudomonas aeruginosa LESB58 [1595052 - 1594777] hypothetical protein	c_1_35160	1					
508	1.28	1.28	6.82599991559982	3.07199992239475	3.07199992239475	bdim1892_c_3_572	Brevundimonas diminuta 470-4, ATCC 13184 [8920 - 8042] (REVERSE SENSE) ORF	c_3_572	1					
509	1.28	1.28	26.7399996519089	26.7399996519089	26.7399996519089	ENST00000329421_4	[126 - 383] cdna:known chromosome:GRCh37:1:32799433:32801980:-1 gene:ENSG00000175130 gene_biotype:protein_coding transcript_biotype:protein_coding	4	1					
510	1.28	1.28	6.73599988222122	6.73599988222122	6.73599988222122	toti_c_35_77	Turicella otitidis ATCC 51513 [23526 - 22948] (REVERSE SENSE) ORF	c_35_77	1					
511	1.28	1.28	6.55699968338013	6.55699968338013	6.55699968338013	belk_c_766_24	Bradyrhizobium elkanii 587 [3298 - 2750] (REVERSE SENSE) ORF	c_766_24	1					
512	1.28	1.28	3.56100015342236	3.56100015342236	3.56100015342236	bdim_c_15_23	Brevundimonas diminuta ATCC 11568 [7118 - 8128] manganese catalase	c_15_23	1					
513	1.28	1.28	16.1300003528595	16.1300003528595	16.1300003528595	axyl_c_1_200	Achromobacter xylosoxidans A8 [59197 - 59382] hypothetical protein	c_1_200	1					
514	1.28	1.28	10.1300001144409	10.1300001144409	10.1300001144409	NCBIABWM_c_12_734	Enterobacter cancerogenus ATCC 35316 [67253 - 67017] hypothetical protein	c_12_734	1					
515	1.27	1.28	10.0900001823902	5.9629999101162	5.9629999101162	esak_c_1_17645	Cronobacter sakazakii ATCC BAA-894 [2529939 - 2529286] hypothetical protein	c_1_17645	1					
516	1.27	1.28	8.85000005364418	4.42500002682209	4.42500002682209	aot175_c_1_10762	Actinomyces sp. oral taxon 175 F0384 [62949 - 62272] hypothetical protein	c_1_10762	1					
517	1.27	1.28	5.02300001680851	5.02300001680851	5.02300001680851	sot066_c_1_1270	Streptococcus sp. oral taxon 066 F0442 [508739 - 508083] (REVERSE SENSE) ORF	c_1_1270	1					
518	1.27	1.27	19.6099996566772	12.16000020504	0	ksed_c_1_9872	Kytococcus sedentarius DSM 20547 [2225615 - 2224851] hypothetical protein	c_1_9872	0					
519	1.27	1.27	20.2600002288818	7.84299969673157	7.84299969673157	sked_c_1_12456	Sanguibacter keddieii DSM 10542 [4038204 - 4037746] hypothetical protein	c_1_12456	1					
520	1.27	1.27	20.0000002980232	20.0000002980232	20.0000002980232	pot317_c_57_29	Prevotella sp. oral taxon 317 F0108 [12276 - 12425] hypothetical protein	c_57_29	1					
521	1.27	1.27	15.6900003552437	15.6900003552437	15.6900003552437	ouli_c_1_6654	Olsenella uli VPI, DSM 7084, ATCC 49627 [1837164 - 1837469] hypothetical protein	c_1_6654	1					
522	1.27	1.27	16.0699993371964	16.0699993371964	16.0699993371964	ouli_c_1_12286	Olsenella uli VPI, DSM 7084, ATCC 49627 [698144 - 697977] hypothetical protein	c_1_12286	1					
523	1.26	3.08	15.0000005960464	11.5000002086163	11.5000002086163	sp|P61026|RAB10_HUMAN	Ras-related protein Rab-10 OS=Homo sapiens GN=RAB10 PE=1 SV=1	HUMAN	2					
523	0	3.08	13.7600004673004	10.5499997735023	10.5499997735023	ENST00000264710_17	[446 - 1099] cdna:known chromosome:GRCh37:2:26256979:26360323:1 gene:ENSG00000084733 gene_biotype:protein_coding transcript_biotype:protein_coding	17	2					
524	1.26	1.26	7.73499980568886	0.696900021284819	0.696900021284819	sp|Q711Q0|CJ071_HUMAN	Uncharacterized protein C10orf71 OS=Homo sapiens GN=C10orf71 PE=2 SV=2	HUMAN	1					
524	0	1.26	4.7290001064539	1.39100002124906	1.39100002124906	sp|Q711Q0-3|CJ071_HUMAN	Isoform 3 of Uncharacterized protein C10orf71 OS=Homo sapiens GN=C10orf71	HUMAN	1					
525	1.26	1.26	40.0000005960464	14.4400000572205	14.4400000572205	tr|A6NL93|A6NL93_HUMAN	Non-histone chromosomal protein HMG-14 OS=Homo sapiens GN=HMGN1 PE=1 SV=1	HUMAN	1					
525	0	1.26	31.029999256134	11.2099997699261	11.2099997699261	tr|A6NEL0|A6NEL0_HUMAN	Non-histone chromosomal protein HMG-14 OS=Homo sapiens GN=HMGN1 PE=1 SV=1	HUMAN	1					
525	0	1.26	36.0000014305115	12.9999995231628	12.9999995231628	sp|P05114|HMGN1_HUMAN	Non-histone chromosomal protein HMG-14 OS=Homo sapiens GN=HMGN1 PE=1 SV=3	HUMAN	1					
526	1.26	1.26	13.6099994182587	5.44200018048286	5.44200018048286	ksed_c_1_15078	Kytococcus sedentarius DSM 20547 [445044 - 444604] hypothetical protein	c_1_15078	1					
527	1.26	1.26	30.7700008153915	15.3799995779991	15.3799995779991	bper_c_1_5399	Bordetella pertussis Tohama I ATCC BAA-589, NCTC-13251 [1709634 - 1709789] hypothetical protein	c_1_5399	1					
528	1.26	1.26	7.71899968385696	3.86000014841557	3.86000014841557	axyl_c_1_3518	Achromobacter xylosoxidans A8 [1052893 - 1053747] hypothetical protein	c_1_3518	1					
529	1.26	1.26	33.8499993085861	33.8499993085861	33.8499993085861	rcap_c_1_9507	Rhodobacter capsulatus SB 1003 [3041269 - 3041463] hypothetical protein	c_1_9507	1					
530	1.26	1.26	2.9729999601841	2.9729999601841	2.9729999601841	ppro_c_1_162	Propionibacterium propionicum F0230a [53537 - 54646]  ORF	c_1_162	1					
531	1.25	1.26	5.39399981498718	2.90500000119209	2.90500000119209	tmed_c_7_353	Treponema medium ATCC 700293 [144981 - 146426]  ORF	c_7_353	1					
532	1.25	1.26	47.9999989271164	23.9999994635582	23.9999994635582	bdim1892_c_73_21	Brevundimonas diminuta 470-4, ATCC 13184 [6452 - 6601]  ORF	c_73_21	1					
533	1.25	1.26	3.15000005066395	3.15000005066395	3.15000005066395	abro_c_2_8110	Afipia broomeae ATCC 49717 [712542 - 711400] (REVERSE SENSE) ORF	c_2_8110	1					
534	1.25	1.26	4.63900007307529	4.63900007307529	4.63900007307529	NCBIACEA_c_8_360	Eikenella corrodens ATCC 23834 [31054 - 30473] heme oxygenase	c_8_360	1					
535	1.25	1.25	6.85900002717972	0.501899980008602	0.501899980008602	sp|Q5D862|FILA2_HUMAN	Filaggrin-2 OS=Homo sapiens GN=FLG2 PE=1 SV=1	HUMAN	1					
535	0	1.25	6.84799998998642	0.500999996438622	0.500999996438622	ENST00000388718_79	[62 - 7246] cdna:known chromosome:GRCh37:1:152321211:152332482:-1 gene:ENSG00000143520 gene_biotype:protein_coding transcript_biotype:protein_coding	79	1					
536	1.25	1.25	24.8099997639656	3.32500003278255	3.32500003278255	sp|P38159|RBMX_HUMAN	RNA-binding motif protein, X chromosome OS=Homo sapiens GN=RBMX PE=1 SV=3	HUMAN	1					
536	0	1.25	25.6599992513657	3.43899987637997	3.43899987637997	sp|P38159-2|RBMX_HUMAN	Isoform 2 of RNA-binding motif protein, X chromosome OS=Homo sapiens GN=RBMX	HUMAN	1					
536	0	1.25	23.8900005817413	3.20199988782406	3.20199988782406	ENST00000320676_17	[111 - 1328] cdna:known chromosome:GRCh37:X:135955620:135962884:-1 gene:ENSG00000147274 gene_biotype:protein_coding transcript_biotype:protein_coding	17	1					
536	0	1.25	21.9600006937981	4.3919999152422	4.3919999152422	tr|H3BT71|H3BT71_HUMAN	RNA-binding motif protein, X chromosome, N-terminally processed OS=Homo sapiens GN=RBMX PE=1 SV=1	HUMAN	1					
536	0	1.25	22.2599998116493	4.45200018584728	4.45200018584728	tr|H0Y6E7|H0Y6E7_HUMAN	RNA-binding motif protein, X chromosome, N-terminally processed (Fragment) OS=Homo sapiens GN=RBMX PE=1 SV=2	HUMAN	1					
536	0	1.2	20.2600002288818	3.3330000936985	3.3330000936985	sp|Q96E39|RMXL1_HUMAN	RNA binding motif protein, X-linked-like-1 OS=Homo sapiens GN=RBMXL1 PE=1 SV=1	HUMAN	1					
536	0	1.16	25	6.63300007581711	6.63300007581711	sp|P38159-3|RBMX_HUMAN	Isoform 3 of RNA-binding motif protein, X chromosome OS=Homo sapiens GN=RBMX	HUMAN	1					
536	0	1.16	16.6700005531311	16.6700005531311	16.6700005531311	tr|H3BR27|H3BR27_HUMAN	RNA-binding motif protein, X chromosome, N-terminally processed OS=Homo sapiens GN=RBMX PE=1 SV=1	HUMAN	1					
536	0	1.16	35.139998793602	35.139998793602	35.139998793602	tr|H3BNC1|H3BNC1_HUMAN	RNA-binding motif protein, X chromosome, N-terminally processed OS=Homo sapiens GN=RBMX PE=1 SV=1	HUMAN	1					
537	1.25	1.25	16.8799996376038	1.60799995064735	1.60799995064735	aot180_c_1_2313	Actinomyces sp. oral taxon 180 F0310 [130454 - 128589] hypothetical protein	c_1_2313	1					
538	1.25	1.25	14.9599999189377	2.99200005829334	2.99200005829334	paer_c_1_586	Pseudomonas aeruginosa LESB58 [189285 - 191189] TetR family transcriptional regulator	c_1_586	1					
539	1.25	1.25	34.2500001192093	2.29899995028973	2.29899995028973	agem_c_5_325	Anaeroglobus geminatus F0357 [11944 - 10640] pyrimidine-nucleoside phosphorylase	c_5_325	1					
540	1.25	1.25	3.4000001847744	0.9379000402987	0.9379000402987	ppse_c_19_391	Pseudomonas pseudoalcaligenes KF707 [91406 - 88848] (REVERSE SENSE) ORF	c_19_391	1					
541	1.25	1.25	23.8499999046326	16.5099993348122	16.5099993348122	cval_c_7_133	Cardiobacterium valvarum F0432 [35760 - 36086] hypothetical protein	c_7_133	1					
542	1.25	1.25	7.94700011610985	7.94700011610985	7.94700011610985	smal_c_1_4420	Stenotrophomonas maltophilia R551-3 [1266021 - 1266473] hypothetical protein	c_1_4420	1					
543	1.25	1.25	33.3299994468689	33.3299994468689	33.3299994468689	ENST00000249016_34	[2219 - 2308] cdna:known chromosome:GRCh37:22:41074754:41078818:1 gene:ENSG00000128285 gene_biotype:protein_coding transcript_biotype:protein_coding	34	1					
544	1.24	1.25	7.14299976825714	7.14299976825714	7.14299976825714	pflu_c_1_3917	Pseudomonas fluorescens Pf0-1 [1255155 - 1255490] hypothetical protein	c_1_3917	1					
545	1.24	1.24	22.3499998450279	7.82100036740303	7.82100036740303	smal_c_1_2200	Stenotrophomonas maltophilia R551-3 [619342 - 619878] hypothetical protein	c_1_2200	1					
546	1.24	1.24	66.2000000476837	15.4899999499321	15.4899999499321	tr|F5H3K7|F5H3K7_HUMAN	Ras-related protein Rab-6A (Fragment) OS=Homo sapiens GN=RAB6A PE=1 SV=1	HUMAN	1					
546	0	1.24	14.2900004982948	5.06899990141392	5.06899990141392	ENST00000336083_18	[430 - 1080] cdna:known chromosome:GRCh37:11:73386941:73472136:-1 gene:ENSG00000175582 gene_biotype:protein_coding transcript_biotype:protein_coding	18	1					
546	0	1.24	29.8900008201599	12.6399993896484	12.6399993896484	tr|F5GX61|F5GX61_HUMAN	Ras-related protein Rab-6A OS=Homo sapiens GN=RAB6A PE=1 SV=1	HUMAN	1					
546	0	1.24	12.5	5.28800003230572	5.28800003230572	sp|P20340|RAB6A_HUMAN	Ras-related protein Rab-6A OS=Homo sapiens GN=RAB6A PE=1 SV=3	HUMAN	1					
546	0	1.24	25	10.5800002813339	10.5800002813339	sp|P20340-3|RAB6A_HUMAN	Isoform 3 of Ras-related protein Rab-6A OS=Homo sapiens GN=RAB6A	HUMAN	1					
546	0	1.24	12.5	5.28800003230572	5.28800003230572	sp|P20340-2|RAB6A_HUMAN	Isoform 2 of Ras-related protein Rab-6A OS=Homo sapiens GN=RAB6A	HUMAN	1					
546	0	1.24	6.32200017571449	6.32200017571449	6.32200017571449	tr|H7BYW1|H7BYW1_HUMAN	Ras-related protein Rab-6A (Fragment) OS=Homo sapiens GN=RAB6A PE=1 SV=1	HUMAN	1					
546	0	1.24	15.4899999499321	15.4899999499321	15.4899999499321	tr|C9J0I2|C9J0I2_HUMAN	Ras-related protein Rab-6B OS=Homo sapiens GN=RAB6B PE=4 SV=1	HUMAN	1					
546	0	1.24	5.28800003230572	5.28800003230572	5.28800003230572	sp|Q9NRW1|RAB6B_HUMAN	Ras-related protein Rab-6B OS=Homo sapiens GN=RAB6B PE=1 SV=1	HUMAN	1					
547	1.24	1.24	7.17500001192093	2.91499998420477	2.91499998420477	smit1998_c_1_1276	Streptococcus mitis ATCC 6249 [594014 - 592677] (REVERSE SENSE) ORF	c_1_1276	1					
548	1.24	1.24	45.7800000905991	13.2499992847443	13.2499992847443	raer_c_11_305	Rothia aeria F0474 [17457 - 17209] (REVERSE SENSE) ORF	c_11_305	1					
549	1.24	1.24	36.6299986839294	18.809999525547	18.809999525547	amas_c_160_12	Actinomyces massiliensis F0489 [3826 - 3524] partial (REVERSE SENSE) ORF	c_160_12	1					
550	1.24	1.24	10.6600001454353	4.41199988126755	4.41199988126755	abro_c_2_4158	Afipia broomeae ATCC 49717 [1147034 - 1147849]  ORF	c_2_4158	1					
551	1.24	1.24	18.809999525547	10.8900003135204	10.8900003135204	tr|C9JFR7|C9JFR7_HUMAN	Cytochrome c (Fragment) OS=Homo sapiens GN=CYCS PE=1 SV=1	HUMAN	1					
551	0	1.24	18.0999994277954	10.4800000786781	10.4800000786781	sp|P99999|CYC_HUMAN	Cytochrome c OS=Homo sapiens GN=CYCS PE=1 SV=2	HUMAN	1					
551	0	1.24	18.2699993252754	10.5800002813339	10.5800002813339	sp|CYC_HUMAN			1					
551	0	1.24	15.9700006246567	9.24400016665459	9.24400016665459	ENST00000413447_12	[142 - 498] cdna:known chromosome:GRCh37:7:25163335:25164879:-1 gene:ENSG00000172115 gene_biotype:protein_coding transcript_biotype:protein_coding	12	1					
551	0	1.22	10.4800000786781	10.4800000786781	10.4800000786781	sp|CYC_HORSE			1					
552	1.24	1.24	28.9499998092651	18.4200003743172	18.4200003743172	sked_c_1_7707	Sanguibacter keddieii DSM 10542 [2785152 - 2785379] hypothetical protein	c_1_7707	1					
553	1.24	1.24	12.3499996960163	6.79000020027161	6.79000020027161	ENST00000356554_6	[2 - 487] cdna:known chromosome:GRCh37:1:117910071:118071494:1 gene:ENSG00000198162 gene_biotype:protein_coding transcript_biotype:protein_coding	6	1					
554	1.24	1.24	13.6999994516373	13.6999994516373	13.6999994516373	sino_c_2_75	Scardovia inopinata F0304, DSM 10107 [32268 - 32486] hypothetical protein	c_2_75	1					
555	1.24	1.24	19.4399997591972	19.4399997591972	19.4399997591972	pdenti_c_1_2518	Prevotella denticola F0289 [834031 - 834246] hypothetical protein	c_1_2518	1					
556	1.24	1.24	4.18599992990494	4.18599992990494	4.18599992990494	aot170_c_5_304	Actinomyces sp. oral taxon 170 F0386 [82035 - 82679] hypothetical protein	c_5_304	1					
557	1.23	1.24	19.3499997258186	5.24200014770031	5.24200014770031	sp|Q15056|IF4H_HUMAN	Eukaryotic translation initiation factor 4H OS=Homo sapiens GN=EIF4H PE=1 SV=5	HUMAN	1					
557	0	1.24	21.0500001907349	5.70200011134148	5.70200011134148	sp|Q15056-2|IF4H_HUMAN	Isoform Short of Eukaryotic translation initiation factor 4H OS=Homo sapiens GN=EIF4H	HUMAN	1					
557	0	1.24	16.329999268055	4.42200005054474	4.42200005054474	ENST00000265753_11	[2 - 883] cdna:known chromosome:GRCh37:7:73588575:73611431:1 gene:ENSG00000106682 gene_biotype:protein_coding transcript_biotype:protein_coding	11	1					
558	1.23	1.24	1.43400002270937	1.15499999374151	0.398200005292892	sp|P49327|FAS_HUMAN	Fatty acid synthase OS=Homo sapiens GN=FASN PE=1 SV=3	HUMAN	1					
558	0	1.24	1.41000002622604	1.13599998876452	0.39169997908175	ENST00000306749_89	[94 - 7752] cdna:known chromosome:GRCh37:17:80036214:80056208:-1 gene:ENSG00000169710 gene_biotype:protein_coding transcript_biotype:protein_coding	89	1					
559	1.23	1.24	100	100	100	ENST00000537165_27	[1010 - 1060] cdna:known chromosome:GRCh37:12:109889092:109915105:-1 gene:ENSG00000110906 gene_biotype:protein_coding transcript_biotype:nonsense_mediated_decay	27	1					
560	1.23	1.23	28.7699997425079	3.2880000770092	3.2880000770092	belk_c_934_23	Bradyrhizobium elkanii 587 [1512 - 418] (REVERSE SENSE) ORF	c_934_23	1					
561	1.23	1.23	25.2999991178513	3.65899987518787	3.65899987518787	oant1457_c_2_4971	Ochrobactrum anthropi ATCC 49188 [1430644 - 1431627]  ORF	c_2_4971	1					
562	1.23	1.23	1.17300003767014	0.625499989837408	0.625499989837408	sp|Q86SQ6-1|GP123_HUMAN	Isoform 1 of Probable G-protein coupled receptor 123 OS=Homo sapiens GN=GPR123	HUMAN	1					
563	1.23	1.23	75	55.0000011920929	55.0000011920929	ENST00000533603_1	[1 - 60] cdna:known chromosome:GRCh37:11:75273101:75283828:1 gene:ENSG00000149257 gene_biotype:protein_coding transcript_biotype:protein_coding	1	1					
564	1.23	1.23	4.87800016999245	4.87800016999245	4.87800016999245	pot192_c_2_1522	Propionibacterium sp. oral taxon 192 F0372 [420897 - 421511]  ORF	c_2_1522	1					
565	1.23	1.23	4.30600009858608	4.30600009858608	4.30600009858608	NCBIACFE_c_2_2327	Atopobium rimae ATCC 49626, VPI D140H-11A [182435 - 181809] (REVERSE SENSE) ORF	c_2_2327	1					
566	1.22	95.37	100	96.0900008678436	96.0900008678436	ENST00000240636_6	[494 - 1030] cdna:known chromosome:GRCh37:12:11504757:11508524:-1 gene:ENSG00000251655 gene_biotype:protein_coding transcript_biotype:retained_intron	6	68					
567	1.22	1.22	5.65499998629093	0.798999983817339	0.798999983817339	aot448_c_19_306	Actinomyces sp. oral taxon 448 F0400 [13866 - 8986] FtsK/SpoIIIE family protein	c_19_306	1					
568	1.22	1.22	10.0699998438358	3.47199998795986	3.47199998795986	sp|Q02878|RL6_HUMAN	60S ribosomal protein L6 OS=Homo sapiens GN=RPL6 PE=1 SV=3	HUMAN	1					
568	0	1.22	9.44600030779839	3.25700007379055	3.25700007379055	ENST00000424576_14	[130 - 1050] cdna:known chromosome:GRCh37:12:112843007:112847400:-1 gene:ENSG00000089009 gene_biotype:protein_coding transcript_biotype:protein_coding	14	1					
569	1.22	1.22	45.3099995851517	14.0599995851517	14.0599995851517	sinfelix_c_1_587	Selenomonas infelix ATCC 43532 [168850 - 169041] hypothetical protein	c_1_587	1					
570	1.22	1.22	17.6499992609024	10.9200000762939	10.9200000762939	rpic_c_1_11896	Ralstonia pickettii 12D [3249916 - 3250272] hypothetical protein	c_1_11896	1					
571	1.22	1.22	12.2699998319149	4.86100018024445	4.86100018024445	lmon1053_c_1_531	Listeria monocytogenes 08-5578 [356567 - 357862]  ORF	c_1_531	1					
572	1.21	1.23	12.4799996614456	3.89899984002113	3.89899984002113	pdenti_c_1_5137	Prevotella denticola F0289 [1728559 - 1730097] phosphotransferase enzyme family	c_1_5137	1					
573	1.21	1.22	11.7700003087521	2.41100005805492	2.41100005805492	lwad_c_4_55	Leptotrichia wadei DSM 19758 [37402 - 39516]  ORF	c_4_55	1					
574	1.21	1.22	4.8360001295805	1.24800000339746	1.24800000339746	pot473_c_11_50	Prevotella sp. oral taxon 473 F0040 [17504 - 19426]  ORF	c_11_50	1					
575	1.21	1.21	11.8900001049042	0.652999989688396	0.652999989688396	tr|E7EVA0|E7EVA0_HUMAN	Microtubule-associated protein OS=Homo sapiens GN=MAP4 PE=1 SV=1	HUMAN	1					
575	0	1.21	11.7399998009205	0.644899997860193	0.644899997860193	ENST00000426837_107	[2 - 6979] cdna:putative chromosome:GRCh37:3:47892584:48130331:-1 gene:ENSG00000047849 gene_biotype:protein_coding transcript_biotype:protein_coding	107	1					
575	0	1.2	15.5599996447563	1.69099997729063	1.69099997729063	tr|E9PGM5|E9PGM5_HUMAN	Microtubule-associated protein OS=Homo sapiens GN=MAP4 PE=1 SV=1	HUMAN	1					
575	0	1.2	8.19400027394295	1.32200000807643	1.32200000807643	sp|P27816-6|MAP4_HUMAN	Isoform 6 of Microtubule-associated protein 4 OS=Homo sapiens GN=MAP4	HUMAN	1					
575	0	1.2	15.8299997448921	1.72000005841255	1.72000005841255	sp|P27816-4|MAP4_HUMAN	Isoform 4 of Microtubule-associated protein 4 OS=Homo sapiens GN=MAP4	HUMAN	1					
575	0	1.2	18.2799994945526	2.10999995470047	2.10999995470047	tr|B5MEG9|B5MEG9_HUMAN	Microtubule-associated protein 4 (Fragment) OS=Homo sapiens GN=MAP4 PE=1 SV=3	HUMAN	1					
575	0	1.2	7.20499977469444	1.30200004205108	1.30200004205108	sp|P27816|MAP4_HUMAN	Microtubule-associated protein 4 OS=Homo sapiens GN=MAP4 PE=1 SV=3	HUMAN	1					
575	0	1.2	8.47800001502037	1.53200002387166	1.53200002387166	sp|P27816-2|MAP4_HUMAN	Isoform 2 of Microtubule-associated protein 4 OS=Homo sapiens GN=MAP4	HUMAN	1					
575	0	1.18	12.559999525547	1.81200001388788	1.81200001388788	tr|F8W9U4|F8W9U4_HUMAN	Microtubule-associated protein OS=Homo sapiens GN=MAP4 PE=1 SV=1	HUMAN	1					
575	0	1.18	20.2999994158745	3.24000008404255	3.24000008404255	tr|H0Y2V1|H0Y2V1_HUMAN	Microtubule-associated protein (Fragment) OS=Homo sapiens GN=MAP4 PE=1 SV=1	HUMAN	1					
575	0	1.18	11.5900002419949	1.85000002384186	1.85000002384186	tr|B9ZVR1|B9ZVR1_HUMAN	Microtubule-associated protein OS=Homo sapiens GN=MAP4 PE=1 SV=3	HUMAN	1					
575	0	1.18	11.6200000047684	1.85400005429983	1.85400005429983	sp|P27816-5|MAP4_HUMAN	Isoform 5 of Microtubule-associated protein 4 OS=Homo sapiens GN=MAP4	HUMAN	1					
575	0	1.18	17.6499992609024	3.04300002753735	3.04300002753735	tr|H7C4C5|H7C4C5_HUMAN	Microtubule-associated protein (Fragment) OS=Homo sapiens GN=MAP4 PE=1 SV=1	HUMAN	1					
576	1.21	1.21	13.4800001978874	2.20999997109175	2.20999997109175	aot170_c_2_1292	Actinomyces sp. oral taxon 170 F0386 [129243 - 126529] hypothetical protein	c_2_1292	1					
577	1.21	1.21	24.0299999713898	2.84199994057417	2.84199994057417	vpara_c_2_2745	Variovorax paradoxus S110 [824859 - 826019] hypothetical protein	c_2_2745	1					
578	1.21	1.21	6.26399964094162	2.68500000238419	2.68500000238419	csho2416_c_1_1003	Campylobacter showae CSUNSWCD [210243 - 208903] (REVERSE SENSE) ORF	c_1_1003	1					
579	1.21	1.21	7.15700015425682	2.45099999010563	2.45099999010563	hpyl_c_1_3105	Helicobacter pylori B38 [952964 - 949905] cation efflux system protein (czcA)	c_1_3105	1					
580	1.21	1.21	7.99999982118607	3.99999991059303	3.99999991059303	bper_c_1_10572	Bordetella pertussis Tohama I ATCC BAA-589, NCTC-13251 [3336995 - 3337894] RSp0701 gene product	c_1_10572	1					
581	1.21	1.21	14.360000193119	4.61499989032745	4.61499989032745	NCBIABWK_c_1_2494	Mitsuokella multacida A 405-1, DSM 20544, ATCC 27723, NCTC 10 [106537 - 105953] hypothetical protein	c_1_2494	1					
582	1.21	1.21	3.57999987900257	2.3870000615716	2.3870000615716	tr|E7EWT1|E7EWT1_HUMAN	Dolichyl-diphosphooligosaccharide--protein glycosyltransferase 48 kDa subunit OS=Homo sapiens GN=DDOST PE=1 SV=1	HUMAN	1					
582	0	1.21	3.28899994492531	2.19299998134375	2.19299998134375	sp|P39656|OST48_HUMAN	Dolichyl-diphosphooligosaccharide--protein glycosyltransferase 48 kDa subunit OS=Homo sapiens GN=DDOST PE=1 SV=4	HUMAN	1					
583	1.21	1.21	17.6499992609024	11.1800000071526	11.1800000071526	tlec_c_1176_7	Treponema lecithinolyticum OMZ 684T [512 - 3] Phosphoserine aminotransferase	c_1176_7	1					
584	1.21	1.21	4.01999987661839	2.00999993830919	2.00999993830919	kpne1249_c_1_6455	Klebsiella pneumoniae Kp342 [2276405 - 2277598]  ORF	c_1_6455	1					
585	1.21	1.21	6.4290001988411	1.96400005370378	1.96400005370378	aot448_c_10_467	Actinomyces sp. oral taxon 448 F0400 [13035 - 11356] PTS family cellobiose porter, IIC component	c_10_467	1					
586	1.21	1.21	34.4799995422363	34.4799995422363	34.4799995422363	gmor_c_14_51	Gemella morbillorum M424 [33637 - 33464] (REVERSE SENSE) ORF	c_14_51	1					
587	1.21	1.21	12.3599998652935	12.3599998652935	12.3599998652935	belk_c_945_7	Bradyrhizobium elkanii 587 [1121 - 1654]  ORF	c_945_7	1					
588	1.21	1.21	2.12799999862909	2.12799999862909	2.12799999862909	belk2487_c_1_13069	Bradyrhizobium elkanii USDA 76 [1272274 - 1271147] (REVERSE SENSE) ORF	c_1_13069	1					
589	1.21	1.21	31.8199992179871	31.8199992179871	31.8199992179871	ENST00000602624_1	[1 - 132] cdna:novel chromosome:GRCh37:1:20978270:20987884:-1 gene:ENSG00000244038 gene_biotype:protein_coding transcript_biotype:protein_coding	1	1					
590	1.2	1.21	13.1699994206429	3.2930001616478	3.2930001616478	aot178_c_279_11	Actinomyces sp. oral taxon 178 F0338 [1435 - 434] hypothetical protein	c_279_11	1					
591	1.2	1.21	3.82199995219707	3.82199995219707	3.82199995219707	daci_c_1_36668	Delftia acidovorans SPH-1 ATCC15668 [3087619 - 3086678] 3-hydroxyisobutyrate dehydrogenase	c_1_36668	1					
592	1.2	1.2	21.5599998831749	2.54699997603893	2.54699997603893	paer_c_1_27496	Pseudomonas aeruginosa LESB58 [4118335 - 4116569] hypothetical protein	c_1_27496	1					
593	1.2	1.2	17.2000005841255	5.73199987411499	5.73199987411499	ENST00000355842_9	[128 - 598] cdna:novel chromosome:GRCh37:4:2845877:2931789:1 gene:ENSG00000087274 gene_biotype:protein_coding transcript_biotype:protein_coding	9	1					
594	1.2	1.2	23.3999997377396	7.80100002884865	7.80100002884865	aot199_c_1_6633	Atopobium sp. oral taxon 199 F0494 [464767 - 464345] (REVERSE SENSE) ORF	c_1_6633	1					
595	1.2	1.2	31.9999992847443	31.9999992847443	31.9999992847443	acar_c_4_22	Actinomyces cardiffensis F0333 [4647 - 4871]  ORF	c_4_22	1					
596	1.19	1.2	6.66700005531311	6.66700005531311	6.66700005531311	oant1457_c_2_4124	Ochrobactrum anthropi ATCC 49188 [1195685 - 1196314]  ORF	c_2_4124	1					
597	1.19	1.19	8.03200006484985	2.81099993735552	1.20500000193715	bcep_c_1_12341	Burkholderia cepacia GG4 [2868524 - 2866284] (REVERSE SENSE)  ORF	c_1_12341	1					
598	1.19	1.19	7.71099999547005	2.13500000536442	2.13500000536442	aot848_c_2_188	Actinomyces sp. oral taxon 848 F0332 [56553 - 59081] hypothetical protein	c_2_188	1					
599	1.19	1.19	33.3299994468689	13.3300006389618	13.3300006389618	sp|P05204|HMGN2_HUMAN	Non-histone chromosomal protein HMG-17 OS=Homo sapiens GN=HMGN2 PE=1 SV=3	HUMAN	1					
600	1.19	1.19	7.64899998903275	2.83300001174212	2.83300001174212	smal_c_1_18722	Stenotrophomonas maltophilia R551-3 [3907105 - 3906047] hypothetical protein	c_1_18722	1					
601	1.19	1.19	8.57099965214729	3.99999991059303	3.99999991059303	sked_c_1_8404	Sanguibacter keddieii DSM 10542 [3033186 - 3034235] hypothetical protein	c_1_8404	1					
602	1.19	1.19	41.2299990653992	7.01799988746643	7.01799988746643	belk_c_605_16	Bradyrhizobium elkanii 587 [4761 - 4420] partial (REVERSE SENSE) ORF	c_605_16	1					
603	1.19	1.19	6.75700008869171	6.75700008869171	6.75700008869171	tr|H3BQF1|H3BQF1_HUMAN	Adenine phosphoribosyltransferase (Fragment) OS=Homo sapiens GN=APRT PE=1 SV=2	HUMAN	1					
603	0	1.19	6.17300011217594	6.17300011217594	6.17300011217594	tr|H3BQB1|H3BQB1_HUMAN	Adenine phosphoribosyltransferase (Fragment) OS=Homo sapiens GN=APRT PE=1 SV=1	HUMAN	1					
603	0	1.19	5.55600002408028	5.55600002408028	5.55600002408028	sp|P07741|APT_HUMAN	Adenine phosphoribosyltransferase OS=Homo sapiens GN=APRT PE=1 SV=2	HUMAN	1					
603	0	1.19	7.46299996972084	7.46299996972084	7.46299996972084	sp|P07741-2|APT_HUMAN	Isoform 2 of Adenine phosphoribosyltransferase OS=Homo sapiens GN=APRT	HUMAN	1					
604	1.19	1.19	16.1300003528595	16.1300003528595	16.1300003528595	tden_c_1_4730	Treponema denticola ATCC 35405, DSM 14222 [2825756 - 2825941] ABC transporter ATP-binding protein, truncation	c_1_4730	1					
605	1.19	1.19	8.33299979567528	8.33299979567528	8.33299979567528	sp|P30049|ATPD_HUMAN	ATP synthase subunit delta, mitochondrial OS=Homo sapiens GN=ATP5D PE=1 SV=2	HUMAN	1					
605	0	1.19	8.58900025486946	8.58900025486946	8.58900025486946	ENST00000591249_5	[3 - 491] cdna:known chromosome:GRCh37:19:1242327:1244540:1 gene:ENSG00000099624 gene_biotype:protein_coding transcript_biotype:retained_intron	5	1					
606	1.19	1.19	1.64899993687868	1.64899993687868	1.64899993687868	aot178_c_109_26	Actinomyces sp. oral taxon 178 F0338 [5736 - 4282] hypothetical protein	c_109_26	1					
607	1.19	1.19	86.6699993610382	86.6699993610382	86.6699993610382	ENST00000460526_16	[634 - 678] cdna:known chromosome:GRCh37:14:68353847:68964279:1 gene:ENSG00000182185 gene_biotype:protein_coding transcript_biotype:processed_transcript	16	1					
608	1.18	1.21	15.7900005578995	7.65599980950356	3.34899984300137	ENST00000581937_10	[255 - 881] cdna:pseudogene chromosome:GRCh37:18:9678245:9679490:-1 gene:ENSG00000264644 gene_biotype:pseudogene transcript_biotype:processed_pseudogene	10	1					
609	1.18	1.18	20.7300007343292	6.21800012886524	6.21800012886524	sp|P61586|RHOA_HUMAN	Transforming protein RhoA OS=Homo sapiens GN=RHOA PE=1 SV=1	HUMAN	1					
609	0	1.18	35.4000002145767	10.6200002133846	10.6200002133846	ENST00000454011_10	[231 - 569] cdna:putative chromosome:GRCh37:3:49397325:49449361:-1 gene:ENSG00000067560 gene_biotype:protein_coding transcript_biotype:protein_coding	10	1					
610	1.18	1.18	23.0800002813339	19.2300006747246	19.2300006747246	esak_c_1_18859	Cronobacter sakazakii ATCC BAA-894 [2085551 - 2085396] hypothetical protein	c_1_18859	1					
611	1.18	1.18	7.27299973368645	7.27299973368645	7.27299973368645	pstu_c_1_16045	Pseudomonas stutzeri A1501, CGMCC 0351 [4358683 - 4358354] DNA-binding transcriptional regulator HexR	c_1_16045	1					
612	1.17	1.17	15.0099992752075	1.98899991810322	1.98899991810322	sp|P25705|ATPA_HUMAN	ATP synthase subunit alpha, mitochondrial OS=Homo sapiens GN=ATP5A1 PE=1 SV=1	HUMAN	1					
612	0	1.17	16.5000006556511	2.18700002878904	2.18700002878904	sp|P25705-2|ATPA_HUMAN	Isoform 2 of ATP synthase subunit alpha, mitochondrial OS=Homo sapiens GN=ATP5A1	HUMAN	1					
612	0	1.17	14.0000000596046	1.85499992221594	1.85499992221594	ENST00000398752_27	[3 - 1781] cdna:known chromosome:GRCh37:18:43664116:43678319:-1 gene:ENSG00000152234 gene_biotype:protein_coding transcript_biotype:protein_coding	27	1					
612	0	1.17	12.6200005412102	2.07199994474649	2.07199994474649	sp|P25705-3|ATPA_HUMAN	Isoform 3 of ATP synthase subunit alpha, mitochondrial OS=Homo sapiens GN=ATP5A1	HUMAN	1					
613	1.17	1.17	17.0800000429153	1.31400004029274	1.31400004029274	paer_c_1_1344	Pseudomonas aeruginosa LESB58 [434876 - 436930] cystathionine gamma-lyase	c_1_1344	1					
614	1.17	1.17	30.0000011920929	6.49999976158142	6.49999976158142	tr|X1WI28|X1WI28_HUMAN	60S ribosomal protein L10 (Fragment) OS=Homo sapiens GN=RPL10 PE=1 SV=1	HUMAN	1					
614	0	1.17	28.0400007963181	6.07500001788139	6.07500001788139	sp|P27635|RL10_HUMAN	60S ribosomal protein L10 OS=Homo sapiens GN=RPL10 PE=1 SV=4	HUMAN	1					
614	0	1.17	23.7200006842613	5.13800010085106	5.13800010085106	ENST00000607648_10	[32 - 790] cdna:known chromosome:GRCh37:HG1497_PATCH:153566840:153570807:1 gene:ENSG00000268963 gene_biotype:protein_coding transcript_biotype:protein_coding	10	1					
614	0	1.17	33.1299990415573	7.97500014305115	7.97500014305115	tr|F8W7C6|F8W7C6_HUMAN	60S ribosomal protein L10 OS=Homo sapiens GN=RPL10 PE=1 SV=1	HUMAN	1					
614	0	1.17	16.7400002479553	5.72700016200542	5.72700016200542	ENST00000406049_8	[2 - 682] cdna:pseudogene chromosome:GRCh37:5:168043317:168044059:1 gene:ENSG00000233913 gene_biotype:pseudogene transcript_biotype:processed_pseudogene	8	1					
614	0	1.17	17.7599996328354	6.07500001788139	6.07500001788139	ENST00000325000_9	[1 - 642] cdna:pseudogene chromosome:GRCh37:19:12754089:12754733:-1 gene:ENSG00000178464 gene_biotype:pseudogene transcript_biotype:processed_pseudogene	9	1					
615	1.17	1.17	21.7800006270409	4.61999997496605	4.61999997496605	rpic_c_1_21676	Ralstonia pickettii 12D [1391101 - 1390193] hypothetical protein	c_1_21676	1					
616	1.17	1.17	24.8500004410744	4.8480000346899	4.8480000346899	abro_c_3_3737	Afipia broomeae ATCC 49717 [1012845 - 1012351] (REVERSE SENSE) ORF	c_3_3737	1					
617	1.17	1.17	3.74399982392788	1.71600002795458	1.71600002795458	pind_c_3_81	Peptoniphilus indolicus ATCC 29427 [16163 - 14241] membrane protein	c_3_81	1					
618	1.17	1.17	20.5899998545647	6.61799982190132	6.61799982190132	RRRRRsp|Q8WZB0|CI130_HUMAN	REVERSED Putative uncharacterized protein encoded by LINC00476 OS=Homo sapiens GN=LINC00476 PE=5 SV=1	HUMAN	1					
619	1.17	1.17	9.75600033998489	5.12199997901917	5.12199997901917	NCBIABIX_c_1_6798	Bifidobacterium dentium ATCC 27678 [2015029 - 2016258]  ORF	c_1_6798	1					
620	1.17	1.17	6.1879999935627	2.47499998658895	2.47499998658895	toti_c_12_90	Turicella otitidis ATCC 51513 [28152 - 29363]  ORF	c_12_90	1					
621	1.17	1.17	14.0799999237061	6.79600015282631	6.79600015282631	pbue_c_177_10	Prevotella buccae D17 [1560 - 2177] hypothetical protein	c_177_10	1					
622	1.17	1.17	4.50799986720085	4.50799986720085	4.50799986720085	sp|Q92876|KLK6_HUMAN	Kallikrein-6 OS=Homo sapiens GN=KLK6 PE=1 SV=1	HUMAN	1					
622	0	1.17	3.38499993085861	3.38499993085861	3.38499993085861	ENST00000310157_11	[1 - 975] cdna:known chromosome:GRCh37:19:51461887:51472929:-1 gene:ENSG00000167755 gene_biotype:protein_coding transcript_biotype:protein_coding	11	1					
623	1.17	1.17	15.3799995779991	15.3799995779991	15.3799995779991	pasa_c_20_136	Porphyromonas asaccharolytica PR426713P-I [21651 - 21340] hypothetical protein	c_20_136	1					
624	1.17	1.17	10.6700003147125	10.6700003147125	10.6700003147125	gvag_c_1_510	Gardnerella vaginalis ATCC 14019 [253299 - 253523] hypothetical protein	c_1_510	1					
625	1.17	1.17	3.32400016486645	3.32400016486645	3.32400016486645	bcla_c_1_14238	Bacillus clausii KSM-K16 [2609305 - 2608223] esterase	c_1_14238	1					
626	1.17	1.17	84.6199989318848	84.6199989318848	84.6199989318848	ENST00000478691_18	[869 - 946] cdna:putative chromosome:GRCh37:1:23631181:23670829:-1 gene:ENSG00000125944 gene_biotype:protein_coding transcript_biotype:protein_coding	18	1					
627	1.17	1.17	9.82099995017052	9.82099995017052	9.82099995017052	ENST00000435689_6	[14 - 349] cdna:known chromosome:GRCh37:3:6904430:7348339:1 gene:ENSG00000196277 gene_biotype:protein_coding transcript_biotype:nonsense_mediated_decay	6	1					
628	1.16	1.17	6.1540000140667	6.1540000140667	6.1540000140667	NCBIAAYI_c_1_13068	Actinomyces odontolyticus DSM 43331, ATCC 17982 [768181 - 767792] (REVERSE SENSE) ORF	c_1_13068	1					
629	1.16	1.16	12.5699996948242	3.18900011479855	1.03200003504753	sp|P18206-2|VINC_HUMAN	Isoform 1 of Vinculin OS=Homo sapiens GN=VCL	HUMAN	1					
629	0	1.16	12.2299998998642	3.1020000576973	1.00400000810623	ENST00000372755_48	[5 - 3292] cdna:known chromosome:GRCh37:10:75757872:75879918:1 gene:ENSG00000035403 gene_biotype:protein_coding transcript_biotype:protein_coding	48	1					
629	0	1.16	9.87700000405312	2.99800001084805	0.970000028610229	sp|P18206|VINC_HUMAN	Vinculin OS=Homo sapiens GN=VCL PE=1 SV=4	HUMAN	1					
629	0	1.16	12.899999320507	4.21800017356873	1.36500000953674	tr|Q5JQ13|Q5JQ13_HUMAN	Vinculin (Fragment) OS=Homo sapiens GN=VCL PE=1 SV=1	HUMAN	1					
630	1.16	1.16	9.89300012588501	6.15000016987324	6.15000016987324	tr|H0Y449|H0Y449_HUMAN	Nuclease-sensitive element-binding protein 1 (Fragment) OS=Homo sapiens GN=YBX1 PE=1 SV=1	HUMAN	1					
630	0	1.16	11.4200003445148	7.09900036454201	7.09900036454201	sp|P67809|YBOX1_HUMAN	Nuclease-sensitive element-binding protein 1 OS=Homo sapiens GN=YBX1 PE=1 SV=3	HUMAN	1					
630	0	1.16	10.0000001490116	6.216000020504	6.216000020504	ENST00000321358_13	[2 - 1111] cdna:known chromosome:GRCh37:1:43148098:43168020:1 gene:ENSG00000065978 gene_biotype:protein_coding transcript_biotype:protein_coding	13	1					
631	1.16	1.16	23.8800004124641	13.4299993515015	13.4299993515015	sot137_c_5_1404	Selenomonas sp. oral taxon 137 F0430 [54674 - 54474] hypothetical protein	c_5_1404	1					
632	1.15	1.15	11.089999973774	1.26099996268749	1.26099996268749	RRRRRraer_c_12_231	REVERSED Rothia aeria F0474 [33402 - 29833] (REVERSE SENSE) ORF	c_12_231	1					
633	1.15	1.15	12.4099999666214	2.05000005662441	0.911200046539307	NCBIABZW_c_1_9977	Propionibacterium acnes SK137 [2149064 - 2146431] ATP-dependent chaperone protein ClpB	c_1_9977	1					
634	1.15	1.15	16.1100000143051	5.47100007534027	2.4320000782609	paer_c_1_2684	Pseudomonas aeruginosa LESB58 [876065 - 877051] DNA replication protein DnaC	c_1_2684	1					
635	1.15	1.15	22.7300003170967	4.09100018441677	4.09100018441677	vpara_c_1_17210	Variovorax paradoxus S110 [5621322 - 5620663] hypothetical protein	c_1_17210	1					
636	1.15	1.15	10.9399996697903	1.40599999576807	1.40599999576807	laci_c_1_2672	Lactobacillus acidophilus NCFM [1837144 - 1835225] ABC transporter ATPase	c_1_2672	1					
637	1.15	1.15	9.7630001604557	1.8130000680685	1.8130000680685	ppse_c_17_636	Pseudomonas pseudoalcaligenes KF707 [40087 - 37937] (REVERSE SENSE) ORF	c_17_636	1					
638	1.15	1.15	6.0529999434948	2.10500005632639	2.10500005632639	belk_c_865_4	Bradyrhizobium elkanii 587 [439 - 1578]  ORF	c_865_4	1					
639	1.15	1.15	2.94100008904934	1.56900007277727	1.56900007277727	sp|P07954|FUMH_HUMAN	Fumarate hydratase, mitochondrial OS=Homo sapiens GN=FH PE=1 SV=3	HUMAN	1					
639	0	1.15	2.86800004541874	1.53000000864267	1.53000000864267	ENST00000366560_29	[1 - 1569] cdna:known chromosome:GRCh37:1:241660903:241683061:-1 gene:ENSG00000091483 gene_biotype:protein_coding transcript_biotype:protein_coding	29	1					
639	0	1.15	1.71300005167723	1.71300005167723	1.71300005167723	sp|P07954-2|FUMH_HUMAN	Isoform Cytoplasmic of Fumarate hydratase, mitochondrial OS=Homo sapiens GN=FH	HUMAN	1					
640	1.15	1.15	8.65399986505508	5.12799993157387	5.12799993157387	ppse_c_3_1941	Pseudomonas pseudoalcaligenes KF707 [77391 - 76456] (REVERSE SENSE) ORF	c_3_1941	1					
641	1.15	1.15	67.110002040863	11.8400000035763	11.8400000035763	bcep_c_1_18524	Burkholderia cepacia GG4 [836645 - 836418] (REVERSE SENSE)  ORF	c_1_18524	1					
642	1.15	1.15	1.25000001862645	1.25000001862645	1.25000001862645	paer_c_1_2335	Pseudomonas aeruginosa LESB58 [766291 - 768450] fptA gene product	c_1_2335	1					
643	1.15	1.15	19.0500006079674	19.0500006079674	19.0500006079674	ENST00000470691_2	[1 - 126] cdna:known chromosome:GRCh37:7:143452182:143454789:-1 gene:ENSG00000271321 gene_biotype:protein_coding transcript_biotype:protein_coding	2	1					
644	1.14	1.15	7.61900022625923	7.61900022625923	7.61900022625923	ccur_c_1_5339	Campylobacter curvus 525.92 [950744 - 950430] hypothetical protein	c_1_5339	1					
645	1.14	1.14	15.2500003576279	2.88100000470877	2.88100000470877	ksed_c_1_15851	Kytococcus sedentarius DSM 20547 [187587 - 185818] hypothetical protein	c_1_15851	1					
646	1.14	1.14	13.5399997234344	1.5990000218153	1.5990000218153	tr|C9JZR2|C9JZR2_HUMAN	Catenin delta-1 OS=Homo sapiens GN=CTNND1 PE=1 SV=2	HUMAN	1					
646	0	1.14	13.120000064373	1.54999997466803	1.54999997466803	sp|O60716|CTND1_HUMAN	Catenin delta-1 OS=Homo sapiens GN=CTNND1 PE=1 SV=1	HUMAN	1					
646	0	1.14	13.6099994182587	1.60799995064735	1.60799995064735	sp|O60716-5|CTND1_HUMAN	Isoform 1A of Catenin delta-1 OS=Homo sapiens GN=CTNND1	HUMAN	1					
646	0	1.14	13.5299995541573	1.59699991345406	1.59699991345406	sp|O60716-3|CTND1_HUMAN	Isoform 1AC of Catenin delta-1 OS=Homo sapiens GN=CTNND1	HUMAN	1					
646	0	1.14	13.1999999284744	1.55899999663234	1.55899999663234	sp|O60716-2|CTND1_HUMAN	Isoform 1AB of Catenin delta-1 OS=Homo sapiens GN=CTNND1	HUMAN	1					
646	0	1.14	12.33000010252	1.45600000396371	1.45600000396371	ENST00000534579_54	[62 - 3151] cdna:known chromosome:GRCh37:11:57529273:57586650:1 gene:ENSG00000198561 gene_biotype:protein_coding transcript_biotype:protein_coding	54	1					
646	0	1.14	12.1699996292591	1.64500009268522	1.64500009268522	sp|O60716-8|CTND1_HUMAN	Isoform 1 of Catenin delta-1 OS=Homo sapiens GN=CTNND1	HUMAN	1					
646	0	1.14	12.0899997651577	1.63400005549192	1.63400005549192	sp|O60716-7|CTND1_HUMAN	Isoform 1C of Catenin delta-1 OS=Homo sapiens GN=CTNND1	HUMAN	1					
646	0	1.14	11.8000000715256	1.5939999371767	1.5939999371767	sp|O60716-6|CTND1_HUMAN	Isoform 1B of Catenin delta-1 OS=Homo sapiens GN=CTNND1	HUMAN	1					
646	0	1.14	11.7200002074242	1.58399995416403	1.58399995416403	sp|O60716-4|CTND1_HUMAN	Isoform 1BC of Catenin delta-1 OS=Homo sapiens GN=CTNND1	HUMAN	1					
646	0	1.14	8.42500030994415	1.64100006222725	1.64100006222725	sp|O60716-9|CTND1_HUMAN	Isoform 2ABC of Catenin delta-1 OS=Homo sapiens GN=CTNND1	HUMAN	1					
646	0	1.14	9.25500020384789	1.80300008505583	1.80300008505583	sp|O60716-21|CTND1_HUMAN	Isoform 3A of Catenin delta-1 OS=Homo sapiens GN=CTNND1	HUMAN	1					
646	0	1.14	9.1889999806881	1.78999993950129	1.78999993950129	sp|O60716-19|CTND1_HUMAN	Isoform 3AC of Catenin delta-1 OS=Homo sapiens GN=CTNND1	HUMAN	1					
646	0	1.14	8.9429996907711	1.74199994653463	1.74199994653463	sp|O60716-18|CTND1_HUMAN	Isoform 3AB of Catenin delta-1 OS=Homo sapiens GN=CTNND1	HUMAN	1					
646	0	1.14	8.8809996843338	1.73000004142523	1.73000004142523	sp|O60716-17|CTND1_HUMAN	Isoform 3ABC of Catenin delta-1 OS=Homo sapiens GN=CTNND1	HUMAN	1					
646	0	1.14	8.76000002026558	1.7060000449419	1.7060000449419	sp|O60716-13|CTND1_HUMAN	Isoform 2A of Catenin delta-1 OS=Homo sapiens GN=CTNND1	HUMAN	1					
646	0	1.14	8.70100036263466	1.6950000077486	1.6950000077486	sp|O60716-11|CTND1_HUMAN	Isoform 2AC of Catenin delta-1 OS=Homo sapiens GN=CTNND1	HUMAN	1					
646	0	1.14	8.47999975085258	1.65199991315603	1.65199991315603	sp|O60716-10|CTND1_HUMAN	Isoform 2AB of Catenin delta-1 OS=Homo sapiens GN=CTNND1	HUMAN	1					
646	0	1.14	7.52200037240982	1.85000002384186	1.85000002384186	sp|O60716-24|CTND1_HUMAN	Isoform 3 of Catenin delta-1 OS=Homo sapiens GN=CTNND1	HUMAN	1					
646	0	1.14	7.46600031852722	1.83600001037121	1.83600001037121	sp|O60716-23|CTND1_HUMAN	Isoform 3C of Catenin delta-1 OS=Homo sapiens GN=CTNND1	HUMAN	1					
646	0	1.14	7.26199969649315	1.78599990904331	1.78599990904331	sp|O60716-22|CTND1_HUMAN	Isoform 3B of Catenin delta-1 OS=Homo sapiens GN=CTNND1	HUMAN	1					
646	0	1.14	7.20999985933304	1.77299994975328	1.77299994975328	sp|O60716-20|CTND1_HUMAN	Isoform 3BC of Catenin delta-1 OS=Homo sapiens GN=CTNND1	HUMAN	1					
646	0	1.14	7.10999965667725	1.74800008535385	1.74800008535385	sp|O60716-16|CTND1_HUMAN	Isoform 2 of Catenin delta-1 OS=Homo sapiens GN=CTNND1	HUMAN	1					
646	0	1.14	7.06000030040741	1.73599999397993	1.73599999397993	sp|O60716-15|CTND1_HUMAN	Isoform 2C of Catenin delta-1 OS=Homo sapiens GN=CTNND1	HUMAN	1					
646	0	1.14	6.87699988484383	1.69099997729063	1.69099997729063	sp|O60716-14|CTND1_HUMAN	Isoform 2B of Catenin delta-1 OS=Homo sapiens GN=CTNND1	HUMAN	1					
646	0	1.14	6.83100000023842	1.67999994009733	1.67999994009733	sp|O60716-12|CTND1_HUMAN	Isoform 2BC of Catenin delta-1 OS=Homo sapiens GN=CTNND1	HUMAN	1					
646	0	1.12	10.3299997746944	2.45900005102158	2.45900005102158	sp|O60716-29|CTND1_HUMAN	Isoform 4A of Catenin delta-1 OS=Homo sapiens GN=CTNND1	HUMAN	1					
646	0	1.12	10.2300003170967	2.43500005453825	2.43500005453825	sp|O60716-27|CTND1_HUMAN	Isoform 4AC of Catenin delta-1 OS=Homo sapiens GN=CTNND1	HUMAN	1					
646	0	1.12	9.85900014638901	2.34699994325638	2.34699994325638	sp|O60716-26|CTND1_HUMAN	Isoform 4AB of Catenin delta-1 OS=Homo sapiens GN=CTNND1	HUMAN	1					
646	0	1.12	9.76699963212013	2.3259999230504	2.3259999230504	sp|O60716-25|CTND1_HUMAN	Isoform 4ABC of Catenin delta-1 OS=Homo sapiens GN=CTNND1	HUMAN	1					
646	0	1.12	7.98000022768974	2.54699997603893	2.54699997603893	sp|O60716-32|CTND1_HUMAN	Isoform 4 of Catenin delta-1 OS=Homo sapiens GN=CTNND1	HUMAN	1					
646	0	1.12	7.89899975061417	2.52100005745888	2.52100005745888	sp|O60716-31|CTND1_HUMAN	Isoform 4C of Catenin delta-1 OS=Homo sapiens GN=CTNND1	HUMAN	1					
646	0	1.12	7.60499984025955	2.4269999936223	2.4269999936223	sp|O60716-30|CTND1_HUMAN	Isoform 4B of Catenin delta-1 OS=Homo sapiens GN=CTNND1	HUMAN	1					
646	0	1.12	7.53199979662895	2.4040000513196	2.4040000513196	sp|O60716-28|CTND1_HUMAN	Isoform 4BC of Catenin delta-1 OS=Homo sapiens GN=CTNND1	HUMAN	1					
647	1.14	1.14	8.91100019216537	3.95999997854233	3.95999997854233	esak_c_1_19798	Cronobacter sakazakii ATCC BAA-894 [1751651 - 1750440] L-lactate dehydrogenase 2	c_1_19798	1					
648	1.14	1.14	1.40699995681643	1.05499997735023	1.05499997735023	lmir_c_5_222	Lautropia mirabilis ATCC 51599 [64965 - 67523] extracellular serine protease	c_5_222	1					
649	1.14	1.14	23.2600003480911	13.17999958992	13.17999958992	bdim1892_c_55_87	Brevundimonas diminuta 470-4, ATCC 13184 [13678 - 13292] (REVERSE SENSE) ORF	c_55_87	1					
650	1.14	1.14	23.929999768734	23.929999768734	8.54699984192848	ENST00000560665_5	[137 - 487] cdna:putative chromosome:GRCh37:15:65804640:65810019:-1 gene:ENSG00000074603 gene_biotype:protein_coding transcript_biotype:protein_coding	5	1					
651	1.14	1.14	10.3900000452995	10.3900000452995	10.3900000452995	tr|K7EP38|K7EP38_HUMAN	Casein kinase I isoform gamma-2 (Fragment) OS=Homo sapiens GN=CSNK1G2 PE=1 SV=1	HUMAN	1					
651	0	1.14	9.52399969100952	9.52399969100952	9.52399969100952	tr|K7EJC0|K7EJC0_HUMAN	Casein kinase I isoform gamma-2 (Fragment) OS=Homo sapiens GN=CSNK1G2 PE=1 SV=1	HUMAN	1					
651	0	1.14	1.92799996584654	1.92799996584654	1.92799996584654	sp|P78368|KC1G2_HUMAN	Casein kinase I isoform gamma-2 OS=Homo sapiens GN=CSNK1G2 PE=1 SV=1	HUMAN	1					
651	0	1.14	1.79800000041723	1.79800000041723	1.79800000041723	ENST00000255641_19	[406 - 1740] cdna:known chromosome:GRCh37:19:1941188:1981337:1 gene:ENSG00000133275 gene_biotype:protein_coding transcript_biotype:protein_coding	19	1					
652	1.14	1.14	3.50399985909462	3.50399985909462	3.50399985909462	fper_c_37_12	Fusobacterium periodonticum ATCC 33693 [10341 - 11453] acriflavin resistance protein E	c_37_12	1					
653	1.14	1.14	2.72700004279613	2.72700004279613	2.72700004279613	NCBIABZW_c_1_163	Propionibacterium acnes SK137 [50914 - 51903] hypothetical protein	c_1_163	1					
654	1.13	1.14	3.95700000226498	1.79900005459785	1.79900005459785	aot171_c_375_6	Actinomyces sp. oral taxon 171 F0337 [3 - 1670] amidophosphoribosyltransferase	c_375_6	1					
655	1.13	1.13	7.26500004529953	3.41899991035461	3.41899991035461	slon_c_12_86	Stomatobaculum longum  [12853 - 12152] (REVERSE SENSE) ORF	c_12_86	1					
656	1.13	1.13	24.609999358654	3.90600003302097	3.90600003302097	elen_c_1_15436	Eggerthella lenta VPI 0255, DSM 2243 [2448932 - 2448165] MerR family transcriptional regulator	c_1_15436	1					
657	1.13	1.13	5.75199984014034	1.76999997347593	1.76999997347593	aot199_c_1_5444	Atopobium sp. oral taxon 199 F0494 [880409 - 879054] (REVERSE SENSE) ORF	c_1_5444	1					
658	1.13	1.13	8.25700014829636	8.25700014829636	8.25700014829636	kpne1249_c_1_5881	Klebsiella pneumoniae Kp342 [2069074 - 2069400]  ORF	c_1_5881	1					
659	1.12	1.13	17.0699998736382	17.0699998736382	17.0699998736382	ENST00000426954_26	[1199 - 1444] cdna:known chromosome:GRCh37:19:57999079:58006040:1 gene:ENSG00000105136 gene_biotype:protein_coding transcript_biotype:protein_coding	26	1					
660	1.12	1.12	17.7200004458427	1.57500002533197	1.57500002533197	smut_c_1_4562	Streptococcus mutans UA 159 C, ATCC 700610 [1115799 - 1113514] ATP-dependent DNA helicase	c_1_4562	1					
661	1.12	1.12	18.9999997615814	6.0929998755455	6.0929998755455	aot448_c_10_328	Actinomyces sp. oral taxon 448 F0400 [57011 - 56175] hypothetical protein	c_10_328	1					
662	1.12	1.12	3.67499999701977	0.87040001526475	0.87040001526475	RRRRRsp|Q9NWH9|SLTM_HUMAN	REVERSED SAFB-like transcription modulator OS=Homo sapiens GN=SLTM PE=1 SV=2	HUMAN	1					
662	0	1.12	3.97399999201298	1.98699999600649	1.98699999600649	RRRRRtr|H7BXE3|H7BXE3_HUMAN	REVERSED SAFB-like transcription modulator (Fragment) OS=Homo sapiens GN=SLTM PE=1 SV=1	HUMAN	1					
663	1.12	1.12	22.7300003170967	18.1799992918968	18.1799992918968	ENST00000462007_3	[12 - 209] cdna:pseudogene chromosome:GRCh37:17:37011567:37011923:1 gene:ENSG00000244086 gene_biotype:pseudogene transcript_biotype:processed_pseudogene	3	1					
664	1.12	1.12	7.97099992632866	5.43499998748302	5.43499998748302	sp|O43240|KLK10_HUMAN	Kallikrein-10 OS=Homo sapiens GN=KLK10 PE=1 SV=3	HUMAN	1					
664	0	1.12	12.4300003051758	8.47499966621399	8.47499966621399	ENST00000599987_6	[2 - 532] cdna:known chromosome:GRCh37:19:51519069:51520578:-1 gene:ENSG00000129451 gene_biotype:protein_coding transcript_biotype:retained_intron	6	1					
664	0	1.12	6.76899999380112	4.61499989032745	4.61499989032745	ENST00000358789_12	[1 - 975] cdna:known chromosome:GRCh37:19:51517526:51523020:-1 gene:ENSG00000129451 gene_biotype:protein_coding transcript_biotype:protein_coding	12	1					
664	0	1.08	10.4900002479553	10.4900002479553	10.4900002479553	tr|M0R132|M0R132_HUMAN	Kallikrein-10 (Fragment) OS=Homo sapiens GN=KLK10 PE=3 SV=1	HUMAN	1					
665	1.12	1.12	4.95500005781651	2.02699992805719	2.02699992805719	paer_c_1_566	Pseudomonas aeruginosa LESB58 [183424 - 184755] opdC gene product	c_1_566	1					
666	1.12	1.12	12.6800000667572	12.6800000667572	12.6800000667572	fgon_c_1_443	Fusobacterium gonidiaformans ATCC 25563 [76966 - 76754] hypothetical protein	c_1_443	1					
667	1.12	1.12	13.5600000619888	13.5600000619888	13.5600000619888	cure_c_1_169	Corynebacterium urealyticum DSM 7109 [49593 - 49769] hypothetical protein	c_1_169	1					
668	1.11	1.11	8.85500013828278	3.54200005531311	1.77100002765656	tr|F5H6X6|F5H6X6_HUMAN	Neutral alpha-glucosidase AB OS=Homo sapiens GN=GANAB PE=1 SV=1	HUMAN	1					
668	0	1.11	7.94499963521957	3.17800007760525	1.58900003880262	sp|Q14697|GANAB_HUMAN	Neutral alpha-glucosidase AB OS=Homo sapiens GN=GANAB PE=1 SV=3	HUMAN	1					
668	0	1.11	7.76399970054626	3.10600008815527	1.55300004407763	sp|Q14697-2|GANAB_HUMAN	Isoform 2 of Neutral alpha-glucosidase AB OS=Homo sapiens GN=GANAB	HUMAN	1					
668	0	1.11	7.90299996733665	3.16100008785725	1.58099997788668	ENST00000356638_40	[3 - 2849] cdna:known chromosome:GRCh37:11:62392531:62414088:-1 gene:ENSG00000089597 gene_biotype:protein_coding transcript_biotype:protein_coding	40	1					
668	0	1.11	7.04199969768524	3.52099984884262	1.76100004464388	tr|E9PKU7|E9PKU7_HUMAN	Neutral alpha-glucosidase AB OS=Homo sapiens GN=GANAB PE=1 SV=1	HUMAN	1					
669	1.11	1.11	11.5199998021126	1.67299993336201	1.67299993336201	ctes_c_1_24817	Comamonas testosteroni KF-1 [5149453 - 5147840] benzoate-CoA ligase family	c_1_24817	1					
670	1.11	1.11	32.3300004005432	7.66699984669685	7.66699984669685	atum_c_1_84	Agrobacterium tumefaciens str. C58, ATCC 33970 [22871 - 23770] hypothetical protein	c_1_84	1					
671	1.11	1.11	7.91499987244606	3.86100001633167	0	pflu1300_c_1_18749	Pseudomonas fluorescens Pf-5 [5724018 - 5725571]  ORF	c_1_18749	1					
672	1.11	1.11	7.84299969673157	1.74300000071526	1.74300000071526	aot175_c_1_60	Actinomyces sp. oral taxon 175 F0384 [18718 - 20094] PAS domain S-box protein	c_1_60	1					
673	1.11	1.11	7.06200003623962	2.54200007766485	2.54200007766485	ecol_c_1_8168	Escherichia coli BW2952 [3075802 - 3076863] conserved protein	c_1_8168	1					
674	1.11	1.11	20.4799994826317	10.8400002121925	10.8400002121925	belk_c_983_10	Bradyrhizobium elkanii 587 [1896 - 2144]  ORF	c_983_10	1					
675	1.11	1.11	40.3800010681152	15.3799995779991	15.3799995779991	bcla_c_1_5094	Bacillus clausii KSM-K16 [2365354 - 2365509] hypothetical protein	c_1_5094	1					
676	1.11	1.11	10.980000346899	10.980000346899	10.980000346899	tr|V9GYS1|V9GYS1_HUMAN	Apolipoprotein A-II OS=Homo sapiens GN=APOA2 PE=1 SV=1	HUMAN	1					
676	0	1.11	6.7670002579689	6.7670002579689	6.7670002579689	tr|V9GYM3|V9GYM3_HUMAN	Apolipoprotein A-II OS=Homo sapiens GN=APOA2 PE=1 SV=1	HUMAN	1					
676	0	1.11	9.47400033473969	9.47400033473969	9.47400033473969	tr|V9GYG9|V9GYG9_HUMAN	Apolipoprotein A-II (Fragment) OS=Homo sapiens GN=APOA2 PE=1 SV=1	HUMAN	1					
676	0	1.11	17.3099994659424	17.3099994659424	17.3099994659424	tr|V9GYE3|V9GYE3_HUMAN	Apolipoprotein A-II OS=Homo sapiens GN=APOA2 PE=1 SV=1	HUMAN	1					
676	0	1.11	13.6399999260902	13.6399999260902	13.6399999260902	tr|V9GYC1|V9GYC1_HUMAN	Apolipoprotein A-II (Fragment) OS=Homo sapiens GN=APOA2 PE=1 SV=1	HUMAN	1					
676	0	1.11	9.00000035762787	9.00000035762787	9.00000035762787	sp|P02652|APOA2_HUMAN	Apolipoprotein A-II OS=Homo sapiens GN=APOA2 PE=1 SV=1	HUMAN	1					
676	0	1.11	6.61799982190132	6.61799982190132	6.61799982190132	ENST00000464492_9	[31 - 438] cdna:putative chromosome:GRCh37:1:161192106:161193405:-1 gene:ENSG00000158874 gene_biotype:protein_coding transcript_biotype:protein_coding	9	1					
676	0	1.11	9.47400033473969	9.47400033473969	9.47400033473969	ENST00000463812_6	[1 - 285] cdna:putative chromosome:GRCh37:1:161192082:161193421:-1 gene:ENSG00000158874 gene_biotype:protein_coding transcript_biotype:protein_coding	6	1					
677	1.11	1.11	8.7909996509552	8.7909996509552	8.7909996509552	ssal1367_c_1_6572	Streptococcus salivarius JIM8780 [646983 - 646711] (REVERSE SENSE)  ORF	c_1_6572	1					
678	1.11	1.11	12.219999730587	12.219999730587	12.219999730587	sinf_c_1_1019	Streptococcus infantarius subsp. infantarius ATCC BAA-102 [225753 - 225484] hypothetical protein	c_1_1019	1					
679	1.11	1.11	28.8100004196167	28.8100004196167	28.8100004196167	oant1457_c_1_15735	Ochrobactrum anthropi ATCC 49188 [1277471 - 1277295] (REVERSE SENSE)  ORF	c_1_15735	1					
680	1.1	1.11	4.62399981915951	4.62399981915951	4.62399981915951	smal1329_c_1_16466	Stenotrophomonas maltophilia K279a [4641375 - 4642412]  ORF	c_1_16466	1					
681	1.1	1.1	9.90199968218803	2.06700004637241	1.08799999579787	sp|P55786|PSA_HUMAN	Puromycin-sensitive aminopeptidase OS=Homo sapiens GN=NPEPPS PE=1 SV=2	HUMAN	1					
681	0	1.1	9.11799967288971	1.90399996936321	1.00199999287724	ENST00000322157_42	[1 - 2994] cdna:known chromosome:GRCh37:17:45608430:45700642:1 gene:ENSG00000141279 gene_biotype:protein_coding transcript_biotype:protein_coding	42	1					
681	0	1.08	8.74300003051758	2.07700002938509	1.09299998730421	tr|E9PLK3|E9PLK3_HUMAN	Puromycin-sensitive aminopeptidase OS=Homo sapiens GN=NPEPPS PE=1 SV=1	HUMAN	1					
681	0	1.08	9.53499972820282	2.26499997079372	1.19200004264712	tr|B7Z463|B7Z463_HUMAN	Uncharacterized protein OS=Homo sapiens GN=NPEPPS PE=1 SV=1	HUMAN	1					
682	1.1	1.1	19.08999979496	3.03000006824732	3.03000006824732	bcep_c_2_12483	Burkholderia cepacia GG4 [2083990 - 2083001] (REVERSE SENSE)  ORF	c_2_12483	1					
683	1.1	1.1	21.9699993729591	4.62399981915951	4.62399981915951	tr|J3KNB4|J3KNB4_HUMAN	Cathelicidin antimicrobial peptide OS=Homo sapiens GN=CAMP PE=4 SV=1	HUMAN	1					
683	0	1.1	22.3499998450279	4.70600016415119	4.70600016415119	sp|P49913|CAMP_HUMAN	Cathelicidin antimicrobial peptide OS=Homo sapiens GN=CAMP PE=1 SV=1	HUMAN	1					
684	1.1	1.1	4.75500002503395	1.84000004082918	1.84000004082918	pbus_c_3_18	Prevotella buccalis ATCC 35310 [5766 - 7721] radical SAM domain protein	c_3_18	1					
685	1.1	1.1	15.7900005578995	5.92099986970425	5.92099986970425	not014_c_2_1303	Neisseria sp. oral taxon 014 F0314 [5053 - 4598] hypothetical protein	c_2_1303	1					
686	1.1	1.1	13.2400006055832	13.2400006055832	13.2400006055832	ppro_c_1_17937	Propionibacterium propionicum F0230a [1414899 - 1414696] (REVERSE SENSE)  ORF	c_1_17937	1					
687	1.1	1.1	6.4520001411438	6.4520001411438	6.4520001411438	bext1730_c_2_392	Bulleidia extructa W1219, ATCC BAA-170, DSM 13220 [143983 - 143240] (REVERSE SENSE) ORF	c_2_392	1					
688	1.1	1.1	75	75	75	ENST00000601857_4	[164 - 223] cdna:known chromosome:GRCh37:19:53837002:53854337:1 gene:ENSG00000213799 gene_biotype:protein_coding transcript_biotype:protein_coding	4	1					
689	1.09	4.63	30.6699991226196	20.6699997186661	20.6699997186661	tr|C9J1Z8|C9J1Z8_HUMAN	ADP-ribosylation factor 5 (Fragment) OS=Homo sapiens GN=ARF5 PE=1 SV=1	HUMAN	3					
689	0	4.63	25.560000538826	17.2199994325638	17.2199994325638	sp|P84085|ARF5_HUMAN	ADP-ribosylation factor 5 OS=Homo sapiens GN=ARF5 PE=1 SV=2	HUMAN	3					
689	0	4.63	19.9100002646446	13.4200006723404	13.4200006723404	ENST00000000233_6	[2 - 694] cdna:known chromosome:GRCh37:7:127228399:127231759:1 gene:ENSG00000004059 gene_biotype:protein_coding transcript_biotype:protein_coding	6	3					
690	1.09	1.1	16.949999332428	16.949999332428	16.949999332428	ENST00000573882_17	[884 - 1060] cdna:known chromosome:GRCh37:17:78143811:78183130:1 gene:ENSG00000141527 gene_biotype:protein_coding transcript_biotype:protein_coding	17	1					
691	1.09	1.09	17.4300000071526	2.85700000822544	2.85700000822544	ssal1367_c_1_5384	Streptococcus salivarius JIM8780 [1348232 - 1347183] (REVERSE SENSE)  ORF	c_1_5384	1					
692	1.09	1.09	12.83999979496	11.0100001096725	11.0100001096725	lmir_c_9_418	Lautropia mirabilis ATCC 51599 [115387 - 115713] hypothetical protein	c_9_418	1					
693	1.09	1.09	7.79599994421005	4.83900010585785	4.83900010585785	cdur_c_13_413	Corynebacterium durum F0235 [24236 - 23121] (REVERSE SENSE) ORF	c_13_413	1					
694	1.09	1.09	9.90099981427193	9.90099981427193	9.90099981427193	vaty_c_5_139	Veillonella atypica ACS-134-V-Col7a [75361 - 75663] hypothetical protein	c_5_139	1					
695	1.09	1.09	6.07700012624264	6.07700012624264	6.07700012624264	toti_c_61_25	Turicella otitidis ATCC 51513 [7896 - 8438]  ORF	c_61_25	1					
696	1.09	1.09	38.4600013494492	38.4600013494492	38.4600013494492	ENST00000409546_6	[304 - 381] cdna:putative chromosome:GRCh37:2:174939965:175113088:-1 gene:ENSG00000138430 gene_biotype:protein_coding transcript_biotype:protein_coding	6	1					
697	1.08	1.09	7.58100003004074	2.2859999909997	1.32400002330542	lcri_c_1_3362	Lactobacillus crispatus ST1 [1565500 - 1563008] DNA repair atpase	c_1_3362	1					
698	1.08	1.09	31.8500012159348	6.36899992823601	6.36899992823601	paer_c_1_27059	Pseudomonas aeruginosa LESB58 [4263472 - 4263002] hypothetical protein	c_1_27059	1					
699	1.08	1.09	10.0000001490116	10.0000001490116	10.0000001490116	ctes_c_1_7682	Comamonas testosteroni KF-1 [2119984 - 2120343] hypothetical protein	c_1_7682	1					
700	1.08	1.08	4.69699986279011	0.173200003337115	0.173200003337115	pmir1289_c_1_2731	Proteus mirabilis HI4320 [2185083 - 2198942]  ORF	c_1_2731	1					
701	1.08	1.08	10.6100000441074	2.3870000615716	2.3870000615716	pdenta_c_9_286	Prevotella dentalis DSM 3688 [98814 - 99944] hypothetical protein	c_9_286	1					
702	1.08	1.08	19.7200000286102	2.53500007092953	2.53500007092953	daci_c_1_17914	Delftia acidovorans SPH-1 ATCC15668 [5068301 - 5069365] hypothetical protein	c_1_17914	1					
703	1.08	1.08	8.01900029182434	8.01900029182434	8.01900029182434	psal_c_97_52	Prevotella salivae DSM 15606 [1237 - 602] thymidylate synthase	c_97_52	1					
704	1.08	1.08	10.7799999415874	10.7799999415874	10.7799999415874	mlot_c_1_24513	Mesorhizobium loti MAFF303099 [6632959 - 6633459] hypothetical protein	c_1_24513	1					
705	1.07	1.08	28.0800014734268	6.16400018334389	6.16400018334389	esak_c_1_14269	Cronobacter sakazakii ATCC BAA-894 [3778736 - 3778299] hypothetical protein	c_1_14269	1					
706	1.07	1.08	4.29200008511543	4.29200008511543	4.29200008511543	bdim1892_c_47_99	Brevundimonas diminuta 470-4, ATCC 13184 [21196 - 20498] (REVERSE SENSE) ORF	c_47_99	1					
707	1.07	1.07	10.249999910593	1.55300004407763	1.55300004407763	lot107_c_1_714	Lachnospiraceae bacterium Oral taxon 107 F0167 [212391 - 209494] translation initiation factor IF-2	c_1_714	1					
708	1.07	1.07	20.0000002980232	2.17400006949902	2.17400006949902	aot175_c_1_1527	Actinomyces sp. oral taxon 175 F0384 [462002 - 463381] hypothetical protein	c_1_1527	1					
709	1.07	1.07	24.1099998354912	14.1800001263618	6.38300031423569	bcep_c_2_13769	Burkholderia cepacia GG4 [1674955 - 1674533] (REVERSE SENSE)  ORF	c_2_13769	1					
710	1.07	1.07	79.6899974346161	15.6299993395805	15.6299993395805	kpne_c_2_453	Klebsiella pneumoniae NTUH-K2044 [154287 - 154478] hypothetical protein	c_2_453	1					
711	1.07	1.07	38.17999958992	21.8199998140335	21.8199998140335	NCBIABWM_c_8_1477	Enterobacter cancerogenus ATCC 35316 [69216 - 69052] hypothetical protein	c_8_1477	1					
712	1.07	1.07	12.3599998652935	12.3599998652935	12.3599998652935	sexi_c_2_220	Slackia exigua ATCC 700122 [67959 - 68225] hypothetical protein	c_2_220	1					
713	1.07	1.07	4.96900007128716	4.96900007128716	4.96900007128716	ENST00000600466_6	[142 - 624] cdna:known chromosome:GRCh37:19:50304804:50307797:1 gene:ENSG00000196961 gene_biotype:protein_coding transcript_biotype:retained_intron	6	1					
714	1.06	1.07	8.30399990081787	3.80599983036518	3.80599983036518	sot133_c_2_743	Selenomonas sp. oral taxon 133 F0473 [228287 - 229153]  ORF	c_2_743	1					
715	1.06	1.06	10.5800002813339	0.937699992209673	0.937699992209673	lot107_c_1_831	Lachnospiraceae bacterium Oral taxon 107 F0167 [106715 - 102237] UbiD family decarboxylase	c_1_831	1					
716	1.06	1.06	18.129999935627	2.09199991077185	2.09199991077185	jant_c_3_566	Jonquetella anthropi DSM 22815 [186588 - 188738]  ORF	c_3_566	1					
717	1.06	1.06	19.42999958992	5.71400001645088	5.71400001645088	amas_c_88_6	Actinomyces massiliensis F0489 [1016 - 1540]  ORF	c_88_6	1					
718	1.06	1.06	11.9400002062321	4.47800010442734	4.47800010442734	pora_c_4_131	Prevotella oralis ATCC 33269 [53175 - 53978] hypothetical protein	c_4_131	1					
719	1.06	1.06	20.1900005340576	8.65399986505508	8.65399986505508	mlot_c_1_9779	Mesorhizobium loti MAFF303099 [2668438 - 2668749] hypothetical protein	c_1_9779	1					
720	1.06	1.06	17.679999768734	6.07700012624264	6.07700012624264	bdim_c_11_139	Brevundimonas diminuta ATCC 11568 [19791 - 19249] hypothetical protein	c_11_139	1					
721	1.06	1.06	24.5299994945526	24.5299994945526	24.5299994945526	ppse_c_37_152	Pseudomonas pseudoalcaligenes KF707 [40676 - 40518] (REVERSE SENSE) ORF	c_37_152	1					
722	1.06	1.06	31.580001115799	31.580001115799	31.580001115799	pflu1300_c_1_12019	Pseudomonas fluorescens Pf-5 [3676183 - 3676353]  ORF	c_1_12019	1					
723	1.05	1.06	5.88200017809868	5.88200017809868	5.88200017809868	NCBIACEA_c_7_463	Eikenella corrodens ATCC 23834 [16836 - 16429] hypothetical protein	c_7_463	1					
724	1.05	1.05	17.1399995684624	10.8599998056889	5.14300018548965	belk_c_1405_10	Bradyrhizobium elkanii 587 [1602 - 1078] partial (REVERSE SENSE) ORF	c_1405_10	1					
725	1.05	1.05	13.4100005030632	7.31699988245964	7.31699988245964	oant1457_c_2_5051	Ochrobactrum anthropi ATCC 49188 [1450669 - 1451160]  ORF	c_2_5051	1					
726	1.05	1.05	13.5900005698204	13.5900005698204	13.5900005698204	sked_c_1_7244	Sanguibacter keddieii DSM 10542 [2620291 - 2620599] hypothetical protein	c_1_7244	1					
727	1.05	1.05	2.43900008499622	2.43900008499622	2.43900008499622	ngon_c_63_61	Neisseria gonorrhoeae DGI2 [1107 - 1] predicted protein	c_63_61	1					
728	1.05	1.05	10.1899996399879	10.1899996399879	10.1899996399879	NCBIABWM_c_15_171	Enterobacter cancerogenus ATCC 35316 [59209 - 59532] hypothetical protein	c_15_171	1					
729	1.04	1.04	15.3400003910065	2.23999992012978	2.23999992012978	mcat_c_1_6130	Moraxella catarrhalis  [602631 - 599953] alaS gene product	c_1_6130	1					
730	1.04	1.04	6.71800002455711	1.67900007218122	1.67900007218122	sspu_c_2_1147	Selenomonas sputigena ATCC 35185 [74357 - 72393] methyl-accepting chemotaxis sensory transducer with Cache sensors	c_2_1147	1					
731	1.04	1.04	60.0000023841858	20.0000002980232	20.0000002980232	oant1457_c_2_6213	Ochrobactrum anthropi ATCC 49188 [1776816 - 1776965]  ORF	c_2_6213	1					
732	1.04	1.04	2.48099993914366	2.48099993914366	2.48099993914366	bot274_c_4_607	Bacteroidetes bacterium oral taxon 274 F0058 [78095 - 76887] cell surface protein	c_4_607	1					
733	1.04	1.04	27.2700011730194	27.2700011730194	27.2700011730194	ENST00000446972_22	[853 - 951] cdna:pseudogene chromosome:GRCh37:X:35729028:35730059:1 gene:ENSG00000233663 gene_biotype:pseudogene transcript_biotype:processed_pseudogene	22	1					
734	1.03	1.04	12.0600000023842	12.0600000023842	12.0600000023842	anae_c_1_9149	Actinomyces naeslundii MG1 [2735635 - 2736057] hypothetical protein	c_1_9149	1					
735	1.03	1.03	6.74199983477592	4.7749999910593	4.7749999910593	pflu_c_1_522	Pseudomonas fluorescens Pf0-1 [172515 - 173582] secretion protein HlyD	c_1_522	1					
736	1.03	1.03	3.30200009047985	1.29699995741248	1.29699995741248	RRRRRgsan_c_36_4	REVERSED Gemella sanguinis M325 [4242 - 6785] LPXTG-domain-containing protein cell wall anchor protein	c_36_4	1					
737	1.03	1.03	30.4300010204315	13.0400002002716	13.0400002002716	sp|P62857|RS28_HUMAN	40S ribosomal protein S28 OS=Homo sapiens GN=RPS28 PE=1 SV=1	HUMAN	1					
737	0	1.03	27.6300013065338	11.8400000035763	11.8400000035763	ENST00000536115_2	[1 - 228] cdna:pseudogene chromosome:GRCh37:17:18476045:18476415:1 gene:ENSG00000227077 gene_biotype:pseudogene transcript_biotype:processed_pseudogene	2	1					
738	1.03	1.03	4.18800003826618	4.18800003826618	4.18800003826618	pflu1300_c_1_13626	Pseudomonas fluorescens Pf-5 [4154207 - 4154779]  ORF	c_1_13626	1					
739	1.03	1.03	11.2700000405312	11.2700000405312	11.2700000405312	NCBIACEB_c_5_156	Corynebacterium matruchotii ATCC 33806 [47239 - 47451] hypothetical protein	c_5_156	1					
740	1.02	1.03	15.7900005578995	15.7900005578995	15.7900005578995	ENST00000422555_9	[362 - 532] cdna:known chromosome:GRCh37:3:197836983:197837809:1 gene:ENSG00000232783 gene_biotype:pseudogene transcript_biotype:retained_intron	9	1					
741	1.02	1.02	14.0100002288818	1.30599997937679	1.30599997937679	pcat_c_9_79	Porphyromonas catoniae F0037 [35781 - 38306]  ORF	c_9_79	1					
742	1.02	1.02	10.8400002121925	2.46300008147955	2.46300008147955	lsha_c_3_252	Leptotrichia shahii DSM 19757 [222417 - 224243]  ORF	c_3_252	1					
743	1.02	1.02	10.3399999439716	3.1029999256134	3.1029999256134	smal_c_1_23149	Stenotrophomonas maltophilia R551-3 [2677032 - 2676163] hypothetical protein	c_1_23149	1					
744	1.02	1.02	33.3299994468689	12.219999730587	12.219999730587	jant_c_2_260	Jonquetella anthropi DSM 22815 [79346 - 79615]  ORF	c_2_260	1					
745	1.02	1.02	10.0900001823902	4.41600009799004	4.41600009799004	daci_c_1_21221	Delftia acidovorans SPH-1 ATCC15668 [6035765 - 6036715] hypothetical protein	c_1_21221	1					
746	1.02	1.02	14.4899994134903	14.4899994134903	14.4899994134903	ENST00000564419_14	[728 - 934] cdna:putative chromosome:GRCh37:16:69354043:69362569:-1 gene:ENSG00000213380 gene_biotype:protein_coding transcript_biotype:processed_transcript	14	1					
747	1.01	1.02	9.55199971795082	3.28399986028671	3.28399986028671	axyl_c_1_19333	Achromobacter xylosoxidans A8 [5796557 - 5797561] ATPase	c_1_19333	1					
748	1.01	1.01	12.0899997651577	2.09299996495247	1.04700000956655	paer_c_1_12107	Pseudomonas aeruginosa LESB58 [3939380 - 3941959] hypothetical protein	c_1_12107	1					
749	1.01	1.01	19.4700002670288	1.88400000333786	1.88400000333786	ecol1511_c_1_20838	Escherichia coli O157:H7 str. EC4115 [3254401 - 3252491] (REVERSE SENSE)  ORF	c_1_20838	1					
750	1.01	1.01	36.9599997997284	4.71000000834465	4.71000000834465	pbiv_c_38_15	Prevotella bivia JCVIHMP010 [9416 - 10243] ABC transporter, ATP-binding protein	c_38_15	1					
751	1.01	1.01	6.95099979639053	1.34500004351139	1.34500004351139	oot108_c_1_7866	Oribacterium sp. oral taxon 108 F0425 [1492448 - 1489773] alanine--tRNA ligase	c_1_7866	1					
752	1.01	1.01	21.7600002884865	5.88200017809868	5.88200017809868	vpara_c_1_9956	Variovorax paradoxus S110 [3249525 - 3250034] cyclophilin type peptidyl-prolyl cis-trans isomerase	c_1_9956	1					
753	1.01	1.01	16.4299994707108	12.1399998664856	12.1399998664856	sked_c_1_20325	Sanguibacter keddieii DSM 10542 [1187131 - 1186712] hypothetical protein	c_1_20325	1					
754	1.01	1.01	12.66999989748	5.99999986588955	5.99999986588955	rcap_c_1_17715	Rhodobacter capsulatus SB 1003 [1842133 - 1841684] hypothetical protein	c_1_17715	1					
755	1.01	1.01	11.2700000405312	11.2700000405312	11.2700000405312	smal1329_c_1_9589	Stenotrophomonas maltophilia K279a [2693359 - 2693970]  ORF	c_1_9589	1					
756	1.01	1.01	35.7100009918213	35.7100009918213	35.7100009918213	cot336_c_12_96	Capnocytophaga sp. oral taxon 336 F0502 [52742 - 52909]  ORF	c_12_96	1					
757	1	1	14.470000565052	3.67200002074242	3.67200002074242	sp|P61978|HNRPK_HUMAN	Heterogeneous nuclear ribonucleoprotein K OS=Homo sapiens GN=HNRNPK PE=1 SV=1	HUMAN	1					
757	0	1	15.2300000190735	3.86399999260902	3.86399999260902	sp|P61978-3|HNRPK_HUMAN	Isoform 3 of Heterogeneous nuclear ribonucleoprotein K OS=Homo sapiens GN=HNRNPK	HUMAN	1					
757	0	1	14.4400000572205	3.66399995982647	3.66399995982647	sp|P61978-2|HNRPK_HUMAN	Isoform 2 of Heterogeneous nuclear ribonucleoprotein K OS=Homo sapiens GN=HNRNPK	HUMAN	1					
757	0	1	13.0799993872643	3.97199988365173	3.97199988365173	tr|Q5T6W5|Q5T6W5_HUMAN	Heterogeneous nuclear ribonucleoprotein K OS=Homo sapiens GN=HNRNPK PE=1 SV=1	HUMAN	1					
757	0	1	14.7799998521805	4.48499992489815	4.48499992489815	tr|Q5T6W2|Q5T6W2_HUMAN	Heterogeneous nuclear ribonucleoprotein K (Fragment) OS=Homo sapiens GN=HNRNPK PE=1 SV=1	HUMAN	1					
758	1	1	21.2599992752075	3.98700013756752	3.98700013756752	ppro_c_1_3431	Propionibacterium propionicum F0230a [1056009 - 1056911]  ORF	c_1_3431	1					
759	1	1	3.42199988663197	0.834699999541044	0.834699999541044	cmor_c_7_122	Catonella morbi ATCC 51271 [69485 - 73078] glutamate dehydrogenase	c_7_122	1					
760	1	1	2.77800001204014	1.38900000602007	1.38900000602007	lreu_c_1_812	Lactobacillus reuteri F275 [573548 - 575275] cytochrome D ABC transporter ATP-binding and permease componentss	c_1_812	1					
761	1	1	12.7100005745888	4.23699989914894	4.23699989914894	belk_c_1272_13	Bradyrhizobium elkanii 587 [719 - 12] (REVERSE SENSE) ORF	c_1272_13	1					
762	1	1	15.6800001859665	4.8650000244379	4.8650000244379	ENST00000561302_22	[1046 - 1600] cdna:known chromosome:GRCh37:15:76352326:76521462:1 gene:ENSG00000169758 gene_biotype:protein_coding transcript_biotype:nonsense_mediated_decay	22	1					
763	1	1	9.34299975633621	4.15199995040894	4.15199995040894	synsp_sgp_c_1_12268	Synergistetes sp. SGP1 [1024119 - 1023253] (REVERSE SENSE)  ORF	sgp_c_1_12268	1					
764	1	1	5.77600002288818	2.88800001144409	2.88800001144409	ajoh_c_134_42	Actinomyces johnsonii F0330 [1284 - 454] RmlD substrate binding domain protein	c_134_42	1					
765	1	1	4.80599999427795	2.77299992740154	2.77299992740154	RRRRRsp|Q9H223|EHD4_HUMAN	REVERSED EH domain-containing protein 4 OS=Homo sapiens GN=EHD4 PE=1 SV=1	HUMAN	1					
766	1	1	25.560000538826	14.4400000572205	14.4400000572205	NCBIABWK_c_4_782	Mitsuokella multacida A 405-1, DSM 20544, ATCC 27723, NCTC 10 [241840 - 242109] hypothetical protein	c_4_782	1					
767	1	1	7.46299996972084	7.46299996972084	7.46299996972084	elen_c_1_5930	Eggerthella lenta VPI 0255, DSM 2243 [1860030 - 1860431] hypothetical protein	c_1_5930	1					
768	1	1	10.2300003170967	10.2300003170967	10.2300003170967	belk_c_91_30	Bradyrhizobium elkanii 587 [8342 - 8605]  ORF	c_91_30	1					
769	0.99	9.13	41.3500010967255	23.819999396801	18.6499997973442	sp|Q13885|TBB2A_HUMAN	Tubulin beta-2A chain OS=Homo sapiens GN=TUBB2A PE=1 SV=1	HUMAN	7					
769	0	9.13	39.4800007343292	22.7500006556511	17.8100004792213	ENST00000333628_14	[1 - 1398] cdna:known chromosome:GRCh37:6:3153903:3157760:-1 gene:ENSG00000137267 gene_biotype:protein_coding transcript_biotype:protein_coding	14	7					
769	0	9.13	38.1999999284744	23.819999396801	18.6499997973442	sp|Q9BVA1|TBB2B_HUMAN	Tubulin beta-2B chain OS=Homo sapiens GN=TUBB2B PE=1 SV=1	HUMAN	7					
770	0.99	1	16.6700005531311	16.6700005531311	16.6700005531311	oot108_c_1_2361	Oribacterium sp. oral taxon 108 F0425 [1190870 - 1191031] hypothetical protein	c_1_2361	1					
771	0.99	1	7.69200026988983	7.69200026988983	7.69200026988983	mlep_c_1_9849	Mycobacterium leprae Br4923 [2799167 - 2799595] hypothetical protein	c_1_9849	1					
772	0.99	0.99	12.1699996292591	8.22400003671646	8.22400003671646	vpara_c_1_13412	Variovorax paradoxus S110 [4418012 - 4418923] flagellar biosynthesis protein FliO	c_1_13412	1					
773	0.99	0.99	5.29399998486042	1.96100007742643	1.96100007742643	sart_c_3_575	Selenomonas artemidis F0399 [174178 - 172649] hypothetical protein	c_3_575	1					
774	0.99	0.99	5.98799996078014	5.98799996078014	5.98799996078014	mlot_c_1_11184	Mesorhizobium loti MAFF303099 [3053606 - 3054106] transcription regulator	c_1_11184	1					
775	0.99	0.99	16.3900002837181	16.3900002837181	16.3900002837181	ENST00000548547_15	[993 - 1175] cdna:novel chromosome:GRCh37:12:53491220:53496129:1 gene:ENSG00000167779 gene_biotype:protein_coding transcript_biotype:protein_coding	15	1					
776	0.98	0.99	17.4600005149841	15.8700004220009	15.8700004220009	bot272_c_18_137	Bacteroidetes [G-1] oral taxon 272 F0290 [56228 - 56416]  ORF	G-1	1					
777	0.98	0.98	10.8000002801418	1.39800002798438	1.39800002798438	sked_c_1_18900	Sanguibacter keddieii DSM 10542 [1686274 - 1683914] hypothetical protein	c_1_18900	1					
778	0.98	0.98	10.3399999439716	1.93300005048513	1.93300005048513	paer_c_1_22590	Pseudomonas aeruginosa LESB58 [5728594 - 5725025] selB gene product	c_1_22590	1					
779	0.98	0.98	14.8300006985664	3.81399989128113	3.81399989128113	NCBIAAYI_c_1_5154	Actinomyces odontolyticus DSM 43331, ATCC 17982 [1561898 - 1562605]  ORF	c_1_5154	1					
780	0.98	0.98	9.1949999332428	2.58600004017353	2.58600004017353	oot078_c_10_90	Oribacterium sp. oral taxon 078 F0262 [25531 - 26574] hypothetical protein	c_10_90	1					
781	0.98	0.98	5.62600009143353	1.26099996268749	1.26099996268749	cot338_c_8_71	Capnocytophaga sp. oral taxon 338 F0234 [57021 - 60113] outer membrane protein	c_8_71	1					
782	0.98	0.98	8.04599970579147	2.52899993211031	2.52899993211031	aot170_c_18_83	Actinomyces sp. oral taxon 170 F0386 [24973 - 26277] hypothetical protein	c_18_83	1					
783	0.98	0.98	16.6700005531311	16.6700005531311	16.6700005531311	rmuc_c_5_60	Rothia mucilaginosa ATCC 25296 [17573 - 17770] hypothetical protein	c_5_60	1					
784	0.98	0.98	14.5799994468689	14.5799994468689	14.5799994468689	ppse_c_2_482	Pseudomonas pseudoalcaligenes KF707 [153427 - 153714]  ORF	c_2_482	1					
785	0.97	0.98	22.6400002837181	22.6400002837181	22.6400002837181	scon_c_4_385	Streptococcus constellatus subsp. pharyngis SK1060 [205745 - 205903] hypothetical protein	c_4_385	1					
786	0.97	0.97	5.92500008642673	0.831599999219179	0.831599999219179	pmir_c_8_261	Proteus mirabilis ATCC 29906 [63971 - 61086] pitrilysin	c_8_261	1					
787	0.97	0.97	3.99499982595444	1.29300002008677	1.29300002008677	kpne1249_c_1_3414	Klebsiella pneumoniae Kp342 [1155187 - 1157739]  ORF	c_1_3414	1					
788	0.97	0.97	28.0499994754791	10.980000346899	10.980000346899	amas_c_38_137	Actinomyces massiliensis F0489 [8706 - 8461] (REVERSE SENSE) ORF	c_38_137	1					
789	0.97	0.97	15.6499996781349	9.56500023603439	9.56500023603439	agem_c_21_71	Anaeroglobus geminatus F0357 [21911 - 22255] hypothetical protein	c_21_71	1					
790	0.97	0.97	41.6700005531311	41.6700005531311	41.6700005531311	ENST00000326043_7	[519 - 590] cdna:known chromosome:GRCh37:16:79627735:79634611:-1 gene:ENSG00000178573 gene_biotype:protein_coding transcript_biotype:protein_coding	7	1					
791	0.97	0.97	8.46199989318848	8.46199989318848	8.46199989318848	pdenti_c_1_5690	Prevotella denticola F0289 [1921922 - 1922311] hypothetical protein	c_1_5690	1					
792	0.97	0.97	17.5400003790855	17.5400003790855	17.5400003790855	lfer_c_1_4200	Lactobacillus fermentum IFO 3956 [2018500 - 2018670] hypothetical protein	c_1_4200	1					
793	0.97	0.97	38.0299985408783	38.0299985408783	38.0299985408783	daci_c_1_13819	Delftia acidovorans SPH-1 ATCC15668 [3927569 - 3927781] hypothetical protein	c_1_13819	1					
794	0.96	0.97	12.8299996256828	6.95199966430664	6.95199966430664	ENST00000259963_5	[49 - 609] cdna:known chromosome:GRCh37:6:17600586:17611950:1 gene:ENSG00000137414 gene_biotype:protein_coding transcript_biotype:protein_coding	5	1					
795	0.96	0.97	45.4499989748001	45.4499989748001	45.4499989748001	pend_c_16_76	Porphyromonas endodontalis ATCC 35406 [26545 - 26381] hypothetical protein	c_16_76	1					
796	0.96	0.96	8.63900035619736	1.06499996036291	1.06499996036291	rcap_c_1_18812	Rhodobacter capsulatus SB 1003 [1489031 - 1486497] hypothetical protein	c_1_18812	1					
797	0.96	0.96	14.4800007343292	6.89700022339821	6.89700022339821	vpara_c_2_1989	Variovorax paradoxus S110 [612106 - 612540] hypothetical protein	c_2_1989	1					
798	0.96	0.96	4.29200008511543	4.29200008511543	4.29200008511543	RRRRRsp|Q86YJ5-2|MARH9_HUMAN	REVERSED Isoform 2 of E3 ubiquitin-protein ligase MARCH9 OS=Homo sapiens GN=MARCH9	HUMAN	1					
799	0.95	0.95	16.5700003504753	3.57800014317036	3.57800014317036	ajoh_c_39_158	Actinomyces johnsonii F0330 [9362 - 7770] hypothetical protein	c_39_158	1					
800	0.95	0.95	4.15400005877018	1.63199994713068	1.63199994713068	fnucp_c_4_320	Fusobacterium nucleatum subsp. polymorphum ATCC 10953 [175959 - 173938] possible transcriptional regulatory protein	c_4_320	1					
800	0	0.95	3.27400006353855	1.63700003176928	1.63700003176928	fnuc_c_1_851	Fusobacterium nucleatum subsp. nucleatum ATCC 25586 [823865 - 825880] transcriptional regulatory protein	c_1_851	1					
801	0.95	0.95	5.70500008761883	1.51000004261732	1.51000004261732	sp|Q96HC4|PDLI5_HUMAN	PDZ and LIM domain protein 5 OS=Homo sapiens GN=PDLIM5 PE=1 SV=5	HUMAN	1					
801	0	0.95	6.4180001616478	1.86299998313189	1.86299998313189	sp|Q96HC4-7|PDLI5_HUMAN	Isoform 7 of PDZ and LIM domain protein 5 OS=Homo sapiens GN=PDLIM5	HUMAN	1					
801	0	0.95	4.9600001424551	1.43999997526407	1.43999997526407	sp|Q96HC4-6|PDLI5_HUMAN	Isoform 6 of PDZ and LIM domain protein 5 OS=Homo sapiens GN=PDLIM5	HUMAN	1					
801	0	0.95	4.72300015389919	1.84799991548061	1.84799991548061	sp|Q96HC4-4|PDLI5_HUMAN	Isoform 4 of PDZ and LIM domain protein 5 OS=Homo sapiens GN=PDLIM5	HUMAN	1					
801	0	0.91	4.21900004148483	1.89900007098913	1.89900007098913	tr|F5H7Y0|F5H7Y0_HUMAN	PDZ and LIM domain protein 5 OS=Homo sapiens GN=PDLIM5 PE=1 SV=1	HUMAN	1					
801	0	0.91	3.89599986374378	3.89599986374378	3.89599986374378	tr|H0Y8Y3|H0Y8Y3_HUMAN	PDZ and LIM domain protein 5 (Fragment) OS=Homo sapiens GN=PDLIM5 PE=1 SV=1	HUMAN	1					
802	0.95	0.95	5.12499995529652	1.52399996295571	1.52399996295571	pflu_c_1_22677	Pseudomonas fluorescens Pf0-1 [5670798 - 5668633] mechanosensitive ion channel MscS	c_1_22677	1					
803	0.95	0.95	12.7499997615814	7.53600001335144	7.53600001335144	pflu1300_c_1_42864	Pseudomonas fluorescens Pf-5 [1072114 - 1071080] (REVERSE SENSE)  ORF	c_1_42864	1					
804	0.95	0.95	9.13499966263771	4.8080001026392	4.8080001026392	pala_c_9_216	Pseudoramibacter alactolyticus ATCC 23263 [71328 - 71951] group-specific protein	c_9_216	1					
805	0.95	0.95	11.8900001049042	3.52399982511997	3.52399982511997	RRRRRsp|Q92520|FAM3C_HUMAN	REVERSED Protein FAM3C OS=Homo sapiens GN=FAM3C PE=1 SV=1	HUMAN	1					
805	0	0.95	5.29799982905388	5.29799982905388	5.29799982905388	RRRRRtr|C9JMN4|C9JMN4_HUMAN	REVERSED Protein FAM3C (Fragment) OS=Homo sapiens GN=FAM3C PE=1 SV=1	HUMAN	1					
805	0	0.95	53.329998254776	53.329998254776	53.329998254776	ENST00000557471_1	[3 - 47] cdna:putative chromosome:GRCh37:14:96968778:96998585:1 gene:ENSG00000090060 gene_biotype:protein_coding transcript_biotype:protein_coding	1	1					
806	0.95	0.95	6.2890000641346	6.2890000641346	6.2890000641346	pavi_c_4_716	Propionibacterium avidum ATCC 25577 [208908 - 209384] hypothetical protein	c_4_716	1					
807	0.95	0.95	1.79999992251396	1.79999992251396	1.79999992251396	aot848_c_14_53	Actinomyces sp. oral taxon 848 F0332 [13532 - 15031] sodium/proline symporter	c_14_53	1					
808	0.95	0.95	46.6699987649918	46.6699987649918	46.6699987649918	ENST00000404462_34	[1330 - 1419] cdna:pseudogene chromosome:GRCh37:6:38730681:38732470:1 gene:ENSG00000219273 gene_biotype:pseudogene transcript_biotype:processed_pseudogene	34	1					
809	0.94	0.94	2.99600008875132	0.50989999435842	0.50989999435842	vpara_c_1_22918	Variovorax paradoxus S110 [3723976 - 3719270] serine/threonine protein kinase	c_1_22918	1					
810	0.94	0.94	22.3499998450279	10.6100000441074	10.6100000441074	mtub_c_1_14236	Mycobacterium tuberculosis CDC1551 [3828729 - 3829520] hypothetical protein	c_1_14236	1					
811	0.94	0.94	16.0999998450279	10.1700000464916	10.1700000464916	cval_c_23_180	Cardiobacterium valvarum F0432 [9088 - 8735] hypothetical protein	c_23_180	1					
812	0.94	0.94	24.3900001049042	15.8500000834465	15.8500000834465	mot186_c_2_1978	Microbacterium sp. oral taxon 186 F0373 [634507 - 634752]  ORF	c_2_1978	1					
813	0.94	0.94	8.9599996805191	6.64699971675873	6.64699971675873	bot274_c_6_87	Bacteroidetes bacterium oral taxon 274 F0058 [41179 - 42216] UDP-3-O- glucosamine N-acyltransferases[Bacteroidetes oral taxon 274 str. F0058	c_6_87	1					
814	0.94	0.94	45.3500002622604	17.4400001764297	17.4400001764297	RRRRRENST00000329421_4	REVERSED [126 - 383] cdna:known chromosome:GRCh37:1:32799433:32801980:-1 gene:ENSG00000175130 gene_biotype:protein_coding transcript_biotype:protein_coding	4	1					
815	0.94	0.94	45.100000500679	45.100000500679	45.100000500679	nelo_c_7_579	Neisseria elongata ATCC 29315 [21223 - 21071] hypothetical protein	c_7_579	1					
816	0.94	0.94	18.639999628067	18.639999628067	18.639999628067	ENST00000406875_90	[5810 - 5986] cdna:known chromosome:GRCh37:7:139246316:139477517:-1 gene:ENSG00000064393 gene_biotype:protein_coding transcript_biotype:protein_coding	90	1					
817	0.93	0.94	14.4899994134903	5.31399995088577	5.31399995088577	acar_c_2_2000	Actinomyces cardiffensis F0333 [6793 - 6173] (REVERSE SENSE) ORF	c_2_2000	1					
818	0.93	0.94	73.3299970626831	73.3299970626831	73.3299970626831	ENST00000301067_116	[9243 - 9287] cdna:known chromosome:GRCh37:12:49412758:49449107:-1 gene:ENSG00000167548 gene_biotype:protein_coding transcript_biotype:protein_coding	116	1					
819	0.93	0.93	52.6300013065338	7.01799988746643	7.01799988746643	pflu_c_1_34920	Pseudomonas fluorescens Pf0-1 [1850706 - 1850365] hypothetical protein	c_1_34920	1					
820	0.93	0.93	15.4899999499321	5.63400015234947	5.63400015234947	atum_c_1_2612	Agrobacterium tumefaciens str. C58, ATCC 33970 [758077 - 758502] hypothetical protein	c_1_2612	1					
821	0.93	0.93	8.03600028157234	8.03600028157234	8.03600028157234	bani_c_2_965	Bifidobacterium animalis subsp. lactis HN019 [290236 - 290571]  ORF	c_2_965	1					
822	0.92	1.39	14.6099999547005	12.3599998652935	12.3599998652935	sp|Q15365|PCBP1_HUMAN	Poly(rC)-binding protein 1 OS=Homo sapiens GN=PCBP1 PE=1 SV=2	HUMAN	4					
822	0	1.39	14.020000398159	11.8600003421307	11.8600003421307	ENST00000303577_19	[247 - 1359] cdna:known chromosome:GRCh37:2:70314585:70316332:1 gene:ENSG00000169564 gene_biotype:protein_coding transcript_biotype:protein_coding	19	4					
823	0.92	0.93	55.7399988174438	21.3100001215935	21.3100001215935	ENST00000601528_5	[180 - 362] cdna:known chromosome:GRCh37:19:17737097:17739146:-1 gene:ENSG00000130477 gene_biotype:protein_coding transcript_biotype:retained_intron	5	1					
824	0.92	0.93	18.0000007152557	18.0000007152557	18.0000007152557	aot848_c_1_2605	Actinomyces sp. oral taxon 848 F0332 [541644 - 541495] hypothetical protein	c_1_2605	1					
825	0.92	0.93	29.4099986553192	29.4099986553192	29.4099986553192	ENST00000574911_12	[432 - 533] cdna:known chromosome:GRCh37:17:3714817:3728315:-1 gene:ENSG00000074356 gene_biotype:protein_coding transcript_biotype:nonsense_mediated_decay	12	1					
826	0.92	0.92	6.56599998474121	1.85199994593859	1.85199994593859	swar_c_1_1171	Staphylococcus warneri L37603 [132760 - 130979] excinuclease ABC subunit C	c_1_1171	1					
827	0.92	0.92	7.32799991965294	2.15499997138977	2.15499997138977	pflu_c_1_27768	Pseudomonas fluorescens Pf0-1 [4047793 - 4046402] precorrin-2 dehydrogenase	c_1_27768	1					
828	0.92	0.92	20.2000007033348	9.09100025892258	9.09100025892258	ypes1054_c_1_579	Yersinia pestis Antiqua JGI [267066 - 267362]  ORF	c_1_579	1					
829	0.92	0.92	12.4200001358986	5.88200017809868	5.88200017809868	aot170_c_2_1307	Actinomyces sp. oral taxon 170 F0386 [121799 - 121341] hypothetical protein	c_2_1307	1					
830	0.91	0.92	17.4700006842613	4.36699986457825	4.36699986457825	tsoc_c_5_1049	Treponema socranskii subsp. paredis ATCC 35535 [83488 - 82802] (REVERSE SENSE) ORF	c_5_1049	1					
831	0.91	0.92	11.0799998044968	7.48500004410744	0	sp|P40925|MDHC_HUMAN	Malate dehydrogenase, cytoplasmic OS=Homo sapiens GN=MDH1 PE=1 SV=4	HUMAN	0					
831	0	0.92	10.5099998414516	7.10199996829033	0	sp|P40925-3|MDHC_HUMAN	Isoform 3 of Malate dehydrogenase, cytoplasmic OS=Homo sapiens GN=MDH1	HUMAN	0					
831	0	0.92	10.3900000452995	7.02200010418892	0	ENST00000539945_20	[84 - 1151] cdna:known chromosome:GRCh37:2:63816367:63834307:1 gene:ENSG00000014641 gene_biotype:protein_coding transcript_biotype:protein_coding	20	0					
832	0.91	0.92	7.48500004410744	3.2930001616478	3.2930001616478	smue_c_6_85	Simonsiella muelleri ATCC 29453 [31108 - 32109]  ORF	c_6_85	1					
833	0.91	0.91	11.7200002074242	1.19599997997284	1.19599997997284	tr|H0Y8E6|H0Y8E6_HUMAN	DNA replication licensing factor MCM2 (Fragment) OS=Homo sapiens GN=MCM2 PE=1 SV=1	HUMAN	1					
833	0	0.91	9.4030000269413	1.1060000397265	1.1060000397265	sp|P49736|MCM2_HUMAN	DNA replication licensing factor MCM2 OS=Homo sapiens GN=MCM2 PE=1 SV=4	HUMAN	1					
834	0.91	0.91	39.6200001239777	34.909999370575	34.909999370575	sp|Q9GZP8|IMUP_HUMAN	Immortalization up-regulated protein OS=Homo sapiens GN=IMUP PE=1 SV=1	HUMAN	2					
834	0	0.91	49.4100004434586	43.529999256134	43.529999256134	sp|Q9GZP8-2|IMUP_HUMAN	Isoform 2 of Immortalization up-regulated protein OS=Homo sapiens GN=IMUP	HUMAN	2					
834	0	0.89	22.2200006246567	6.5360002219677	6.5360002219677	tr|K7EQZ3|K7EQZ3_HUMAN	Uncharacterized protein (Fragment) OS=Homo sapiens PE=4 SV=1	HUMAN	1					
834	0	0.89	20.8599999547005	6.13499991595745	6.13499991595745	tr|K7EKZ2|K7EKZ2_HUMAN	Uncharacterized protein (Fragment) OS=Homo sapiens PE=4 SV=2	HUMAN	1					
834	0	0.89	19.820000231266	9.00899991393089	9.00899991393089	ENST00000591852_2	[3 - 335] cdna:known chromosome:GRCh37:19:38794913:38795646:1 gene:ENSG00000167644 gene_biotype:protein_coding transcript_biotype:retained_intron	2	1					
835	0.91	0.91	6.51800036430359	3.16600017249584	1.67599990963936	sp|O75131|CPNE3_HUMAN	Copine-3 OS=Homo sapiens GN=CPNE3 PE=1 SV=1	HUMAN	1					
836	0.91	0.91	11.3600000739098	5.86099997162819	5.86099997162819	aori_c_38_70	Actinomyces oris K20 [8881 - 7244] (REVERSE SENSE) ORF	c_38_70	1					
837	0.91	0.91	7.74400010704994	3.03000006824732	3.03000006824732	lpla_c_2_497	Lactobacillus plantarum subsp. plantarum ATCC 14917 [315999 - 316889] cobalt transporter ATP-binding subunit	c_2_497	1					
838	0.91	0.91	7.08699971437454	7.08699971437454	7.08699971437454	paer_c_1_33512	Pseudomonas aeruginosa LESB58 [2141995 - 2141615] hypothetical protein	c_1_33512	1					
839	0.91	0.91	24.5299994945526	24.5299994945526	24.5299994945526	lpar_c_104_6	Lactobacillus parafarraginis F0439 [1036 - 878] hypothetical protein	c_104_6	1					
840	0.9	0.91	64.0399992465973	8.98900032043457	8.98900032043457	oant1457_c_2_7565	Ochrobactrum anthropi ATCC 49188 [1621111 - 1620845] (REVERSE SENSE)  ORF	c_2_7565	1					
841	0.9	0.9	43.41000020504	15.5000001192093	15.5000001192093	sp|P07108-4|ACBP_HUMAN	Isoform 4 of Acyl-CoA-binding protein OS=Homo sapiens GN=DBI	HUMAN	1					
841	0	0.9	35.139998793602	13.510000705719	13.510000705719	sp|P07108-5|ACBP_HUMAN	Isoform 5 of Acyl-CoA-binding protein OS=Homo sapiens GN=DBI	HUMAN	1					
841	0	0.9	32.9100012779236	12.6599997282028	12.6599997282028	ENST00000542275_7	[55 - 528] cdna:known chromosome:GRCh37:2:120124829:120130116:1 gene:ENSG00000155368 gene_biotype:protein_coding transcript_biotype:protein_coding	7	1					
841	0	0.88	41.3800001144409	22.9900002479553	22.9900002479553	sp|P07108|ACBP_HUMAN	Acyl-CoA-binding protein OS=Homo sapiens GN=DBI PE=1 SV=2	HUMAN	1					
841	0	0.88	40.9099996089935	22.7300003170967	22.7300003170967	sp|P07108-3|ACBP_HUMAN	Isoform 3 of Acyl-CoA-binding protein OS=Homo sapiens GN=DBI	HUMAN	1					
841	0	0.88	34.6199989318848	19.2300006747246	19.2300006747246	sp|P07108-2|ACBP_HUMAN	Isoform 2 of Acyl-CoA-binding protein OS=Homo sapiens GN=DBI	HUMAN	1					
842	0.9	0.9	4.86599989235401	1.51000004261732	1.51000004261732	toti_c_31_18	Turicella otitidis ATCC 51513 [6516 - 8303]  ORF	c_31_18	1					
843	0.9	0.9	18.6599999666214	8.20899978280067	8.20899978280067	synsp_sgp_c_1_11993	Synergistetes sp. SGP1 [1121389 - 1120988] (REVERSE SENSE)  ORF	sgp_c_1_11993	1					
844	0.9	0.9	3.87599989771843	2.06700004637241	2.06700004637241	saga_c_1_3558	Streptococcus agalactiae NEM316 [1501512 - 1500352] Methyltransferase	c_1_3558	1					
845	0.9	0.9	14.7100001573563	4.41199988126755	4.41199988126755	rcap_c_1_8007	Rhodobacter capsulatus SB 1003 [2568268 - 2568879] hypothetical protein	c_1_8007	1					
846	0.9	0.9	15.3799995779991	8.54699984192848	8.54699984192848	axyl_c_1_22023	Achromobacter xylosoxidans A8 [6623865 - 6624215] hypothetical protein	c_1_22023	1					
847	0.9	0.9	8.66099968552589	8.66099968552589	8.66099968552589	vpara_c_1_25717	Variovorax paradoxus S110 [2790037 - 2789657] hypothetical protein	c_1_25717	1					
848	0.9	0.9	52.3800015449524	52.3800015449524	52.3800015449524	ENST00000249636_2	[36 - 98] cdna:known chromosome:GRCh37:15:68346517:68480402:1 gene:ENSG00000033800 gene_biotype:protein_coding transcript_biotype:protein_coding	2	1					
849	0.89	0.89	20.7900002598763	1.62599999457598	1.62599999457598	vpara_c_1_19031	Variovorax paradoxus S110 [4995681 - 4993099] LigA	c_1_19031	1					
850	0.89	0.89	41.2999987602234	11.4100001752377	0	sp|P61224|RAP1B_HUMAN	Ras-related protein Rap-1b OS=Homo sapiens GN=RAP1B PE=1 SV=1	HUMAN	0					
850	0	0.89	46.0599988698959	12.729999423027	0	sp|P61224-3|RAP1B_HUMAN	Isoform 3 of Ras-related protein Rap-1b OS=Homo sapiens GN=RAP1B	HUMAN	0					
850	0	0.89	44.9699997901917	12.4300003051758	0	ENST00000540209_13	[134 - 640] cdna:novel chromosome:GRCh37:12:69004705:69053650:1 gene:ENSG00000127314 gene_biotype:protein_coding transcript_biotype:protein_coding	13	0					
850	0	0.89	28.4900009632111	11.7299996316433	0	tr|F5H7Y6|F5H7Y6_HUMAN	Ras-related protein Rap-1b OS=Homo sapiens GN=RAP1B PE=4 SV=1	HUMAN	0					
850	0	0.89	32.480001449585	13.3799999952316	0	tr|E7ESV4|E7ESV4_HUMAN	Ras-related protein Rap-1b (Fragment) OS=Homo sapiens GN=RAP1B PE=4 SV=1	HUMAN	0					
850	0	0.89	50.3600001335144	15.3300002217293	0	sp|P61224-2|RAP1B_HUMAN	Isoform 2 of Ras-related protein Rap-1b OS=Homo sapiens GN=RAP1B	HUMAN	0					
850	0	0.89	27.8699994087219	11.4799998700619	0	ENST00000541216_10	[34 - 582] cdna:putative chromosome:GRCh37:12:69004805:69050417:1 gene:ENSG00000127314 gene_biotype:protein_coding transcript_biotype:protein_coding	10	0					
850	0	0.89	25.900000333786	15.1099994778633	0	tr|F5GX62|F5GX62_HUMAN	Ras-related protein Rap-1b (Fragment) OS=Homo sapiens GN=RAP1B PE=4 SV=1	HUMAN	0					
850	0	0.89	19.5700004696846	11.4100001752377	0	sp|P62834|RAP1A_HUMAN	Ras-related protein Rap-1A OS=Homo sapiens GN=RAP1A PE=1 SV=1	HUMAN	0					
850	0	0.89	22.9499995708466	17.2099992632866	0	tr|F5H6R7|F5H6R7_HUMAN	Ras-related protein Rap-1b (Fragment) OS=Homo sapiens GN=RAP1B PE=4 SV=1	HUMAN	0					
850	0	0.89	27.7200013399124	20.7900002598763	0	tr|F5H500|F5H500_HUMAN	Ras-related protein Rap-1b (Fragment) OS=Homo sapiens GN=RAP1B PE=4 SV=1	HUMAN	0					
850	0	0.89	30.1099985837936	22.579999268055	0	tr|F5H491|F5H491_HUMAN	Ras-related protein Rap-1b (Fragment) OS=Homo sapiens GN=RAP1B PE=4 SV=1	HUMAN	0					
850	0	0.89	28.5699993371964	21.4300006628037	0	tr|F5H0B7|F5H0B7_HUMAN	Ras-related protein Rap-1b (Fragment) OS=Homo sapiens GN=RAP1B PE=4 SV=1	HUMAN	0					
850	0	0.89	33.3299994468689	25	0	tr|F5H077|F5H077_HUMAN	Ras-related protein Rap-1b (Fragment) OS=Homo sapiens GN=RAP1B PE=4 SV=2	HUMAN	0					
850	0	0.89	22.0500007271767	16.5399998426437	0	tr|F5H004|F5H004_HUMAN	Ras-related protein Rap-1b (Fragment) OS=Homo sapiens GN=RAP1B PE=4 SV=1	HUMAN	0					
850	0	0.89	20.5899998545647	15.4400005936623	0	tr|F5GYB5|F5GYB5_HUMAN	Ras-related protein Rap-1b OS=Homo sapiens GN=RAP1B PE=4 SV=1	HUMAN	0					
850	0	0.89	32.1799993515015	24.1400003433228	0	tr|F5GWU8|F5GWU8_HUMAN	Ras-related protein Rap-1b (Fragment) OS=Homo sapiens GN=RAP1B PE=4 SV=1	HUMAN	0					
850	0	0.89	43.75	43.75	0	tr|F5H4H0|F5H4H0_HUMAN	Ras-related protein Rap-1b (Fragment) OS=Homo sapiens GN=RAP1B PE=4 SV=1	HUMAN	0					
850	0	0.89	39.6200001239777	39.6200001239777	0	tr|F5GYH7|F5GYH7_HUMAN	Ras-related protein Rap-1b (Fragment) OS=Homo sapiens GN=RAP1B PE=4 SV=1	HUMAN	0					
851	0.89	0.89	21.4300006628037	4.59199994802475	4.59199994802475	mlot_c_1_21803	Mesorhizobium loti MAFF303099 [5916324 - 5916911] hypothetical protein	c_1_21803	1					
852	0.89	0.89	23.4400004148483	3.125	3.125	daci_c_1_22645	Delftia acidovorans SPH-1 ATCC15668 [6470711 - 6471670] hypothetical protein	c_1_22645	1					
853	0.89	0.89	2.49300003051758	1.06800002977252	1.06800002977252	paer_c_1_16491	Pseudomonas aeruginosa LESB58 [5417609 - 5421820] Large exoprotein	c_1_16491	1					
854	0.89	0.89	10.9399996697903	2.73599997162819	2.73599997162819	fnuc_c_1_3006	Fusobacterium nucleatum subsp. nucleatum ATCC 25586 [1170706 - 1169720] MORN repeat protein	c_1_3006	1					
854	0	0.89	2.71099992096424	2.71099992096424	2.71099992096424	fper_c_5_74	Fusobacterium periodonticum ATCC 33693 [78277 - 79272] MORN repeat variant	c_5_74	1					
855	0.89	0.89	2.04099994152784	0.874600000679493	0.874600000679493	chom_c_24_88	Cardiobacterium hominis ATCC 15826 [25524 - 28610] Omp1B	c_24_88	1					
856	0.88	0.89	3.30899991095066	3.30899991095066	3.30899991095066	sspu_c_23_208	Selenomonas sputigena ATCC 35185 [3608 - 2793] Heptaprenyl diphosphate synthase component I	c_23_208	1					
857	0.88	0.88	16.0899996757507	2.17400006949902	2.17400006949902	paer_c_1_35097	Pseudomonas aeruginosa LESB58 [1625803 - 1624424] hypothetical protein	c_1_35097	1					
858	0.88	0.88	55.1699995994568	8.62099975347519	8.62099975347519	abro_c_4_2955	Afipia broomeae ATCC 49717 [476759 - 476238] (REVERSE SENSE) ORF	c_4_2955	1					
859	0.88	0.88	4.61999997496605	1.19200004264712	1.19200004264712	aact_c_1_7883	Aggregatibacter actinomycetemcomitans HK1651 [361526 - 359514] ATP-dependent DNA helicase Rep	c_1_7883	1					
860	0.88	0.88	10.1300001144409	5.48500008881092	5.48500008881092	ajoh_c_114_5	Actinomyces johnsonii F0330 [483 - 1193] hypothetical protein	c_114_5	1					
861	0.88	0.88	7.08300024271011	3.125	3.125	NCBIACEB_c_18_155	Corynebacterium matruchotii ATCC 33806 [46552 - 47991] cobyric acid synthase CobQ	c_18_155	1					
862	0.88	0.88	11.540000140667	11.540000140667	11.540000140667	aot848_c_7_355	Actinomyces sp. oral taxon 848 F0332 [52403 - 52170] hypothetical protein	c_7_355	1					
863	0.88	0.88	44.4400012493134	44.4400012493134	44.4400012493134	ENST00000412342_12	[624 - 677] cdna:known chromosome:GRCh37:X:71684518:71792620:-1 gene:ENSG00000147099 gene_biotype:protein_coding transcript_biotype:nonsense_mediated_decay	12	1					
864	0.87	0.88	14.0400007367134	14.0400007367134	14.0400007367134	smal_c_1_12483	Stenotrophomonas maltophilia R551-3 [3468063 - 3468233] hypothetical protein	c_1_12483	1					
865	0.87	0.87	12.9600003361702	3.3220000565052	3.3220000565052	vpara_c_2_1046	Variovorax paradoxus S110 [327700 - 328602] hypothetical protein	c_2_1046	1					
866	0.87	0.87	6.47199973464012	2.08800006657839	2.08800006657839	toti_c_7_198	Turicella otitidis ATCC 51513 [53185 - 51749] (REVERSE SENSE) ORF	c_7_198	1					
867	0.87	0.87	5.45100010931492	1.69200003147125	1.69200003147125	ppse_c_19_39	Pseudomonas pseudoalcaligenes KF707 [11906 - 13501]  ORF	c_19_39	1					
868	0.87	0.87	32.1999996900558	16.949999332428	16.949999332428	sot149_c_32_59	Selenomonas sp. oral taxon 149 str. 67H29BP [14634 - 14810] hypothetical protein	c_32_59	1					
869	0.87	0.87	19.2300006747246	7.05099999904633	7.05099999904633	nbac_c_34_31	Neisseria bacilliformis ATCC BAA-1200 [7432 - 7899] hypothetical protein	c_34_31	1					
870	0.87	0.87	42.8600013256073	30.1600009202957	30.1600009202957	bbre2426_c_1_8687	Bifidobacterium breve UCC2003 [2263581 - 2263393] (REVERSE SENSE)  ORF	c_1_8687	1					
871	0.87	0.87	3.87299992144108	3.87299992144108	3.87299992144108	ssob_c_39_21	Streptococcus sobrinus TCI-107 [13092 - 12241] ABC transporter, ATP-binding protein	c_39_21	1					
872	0.86	0.87	16.2300005555153	6.49399980902672	6.49399980902672	chom_c_8_255	Cardiobacterium hominis ATCC 15826 [33885 - 33424] hypothetical protein	c_8_255	1					
873	0.86	0.87	3.24699990451336	3.24699990451336	3.24699990451336	sked_c_1_5819	Sanguibacter keddieii DSM 10542 [2115122 - 2116045] LmbE-like protein	c_1_5819	1					
874	0.86	0.86	7.15100020170212	0.709199998527765	0.709199998527765	tr|G5E9E7|G5E9E7_HUMAN	Tight junction protein 1 (Zona occludens 1), isoform CRA_e OS=Homo sapiens GN=TJP1 PE=1 SV=1	HUMAN	1					
874	0	0.86	6.84399977326393	0.678700022399426	0.678700022399426	tr|G3V1L9|G3V1L9_HUMAN	Tight junction protein 1 (Zona occludens 1), isoform CRA_a OS=Homo sapiens GN=TJP1 PE=1 SV=1	HUMAN	1					
874	0	0.86	6.92199990153313	0.686499988660216	0.686499988660216	sp|Q07157|ZO1_HUMAN	Tight junction protein ZO-1 OS=Homo sapiens GN=TJP1 PE=1 SV=3	HUMAN	1					
874	0	0.86	7.25400000810623	0.71939998306334	0.71939998306334	sp|Q07157-2|ZO1_HUMAN	Isoform Short of Tight junction protein ZO-1 OS=Homo sapiens GN=TJP1	HUMAN	1					
874	0	0.86	7.12999999523163	0.707100005820394	0.707100005820394	ENST00000400011_80	[228 - 5318] cdna:novel chromosome:GRCh37:15:29992356:30113751:-1 gene:ENSG00000104067 gene_biotype:protein_coding transcript_biotype:protein_coding	80	1					
874	0	0.86	6.83199986815453	0.677599990740418	0.677599990740418	ENST00000346128_81	[407 - 5719] cdna:known chromosome:GRCh37:15:29991571:30114706:-1 gene:ENSG00000104067 gene_biotype:protein_coding transcript_biotype:protein_coding	81	1					
874	0	0.86	15.9299999475479	3.13300006091595	3.13300006091595	tr|H0YKB1|H0YKB1_HUMAN	Tight junction protein 1 (Zona occludens 1), isoform CRA_d OS=Homo sapiens GN=TJP1 PE=1 SV=1	HUMAN	1					
875	0.86	0.86	23.0100005865097	1.55699998140335	1.55699998140335	tr|M0R1P6|M0R1P6_HUMAN	Zinc finger protein 878 OS=Homo sapiens GN=ZNF878 PE=4 SV=1	HUMAN	1					
875	0	0.86	25.0499993562698	1.6950000077486	1.6950000077486	sp|C9JN71|ZN878_HUMAN	Zinc finger protein 878 OS=Homo sapiens GN=ZNF878 PE=3 SV=2	HUMAN	1					
876	0.86	0.86	4.03899997472763	1.87199991196394	1.87199991196394	pot279_c_4_464	Porphyromonas sp. oral taxon 279 F0450 [80754 - 77710] (REVERSE SENSE) ORF	c_4_464	1					
877	0.86	0.86	9.81099978089333	1.38400001451373	1.38400001451373	lmir_c_2_230	Lautropia mirabilis ATCC 51599 [62953 - 65337] rb143	c_2_230	1					
878	0.86	0.86	8.25499966740608	2.59399991482496	2.59399991482496	lhof_c_11_116	Leptotrichia hofstadii F0254 [80108 - 78837] divergent AAA domain protein	c_11_116	1					
879	0.86	0.86	8.8079996407032	4.14500012993813	4.14500012993813	sp|Q14116|IL18_HUMAN	Interleukin-18 OS=Homo sapiens GN=IL18 PE=1 SV=1	HUMAN	1					
879	0	0.86	8.99500027298927	4.23300005495548	4.23300005495548	sp|Q14116-2|IL18_HUMAN	Isoform 2 of Interleukin-18 OS=Homo sapiens GN=IL18	HUMAN	1					
879	0	0.86	6.43900036811829	3.03000006824732	3.03000006824732	ENST00000528832_10	[1 - 792] cdna:known chromosome:GRCh37:11:112014319:112034812:-1 gene:ENSG00000150782 gene_biotype:protein_coding transcript_biotype:protein_coding	10	1					
879	0	0.86	6.85499981045723	3.2260000705719	3.2260000705719	ENST00000524595_11	[1 - 744] cdna:novel chromosome:GRCh37:11:112013976:112034797:-1 gene:ENSG00000150782 gene_biotype:protein_coding transcript_biotype:protein_coding	11	1					
880	0.86	0.86	19.3900004029274	19.3900004029274	19.3900004029274	paer_c_1_4877	Pseudomonas aeruginosa LESB58 [1594677 - 1594970] hypothetical protein	c_1_4877	1					
881	0.86	0.86	4.28600013256073	4.28600013256073	4.28600013256073	eita_c_27_59	Enterococcus italicus DSM 15952 [19010 - 18381] amino acid ABC superfamily ATP binding cassette transporter, ABCsprotein	c_27_59	1					
882	0.86	0.86	3.98800000548363	3.98800000548363	3.98800000548363	ehor_c_3_190	Enterobacter hormaechei ATCC 49162 [64435 - 65412] hypothetical protein	c_3_190	1					
883	0.86	0.86	1.19000002741814	1.19000002741814	1.19000002741814	cot332_c_31_19	Capnocytophaga sp. oral taxon 332 F0381 [9518 - 12037]  ORF	c_31_19	1					
884	0.86	0.86	10.0000001490116	10.0000001490116	10.0000001490116	belk_c_721_4	Bradyrhizobium elkanii 587 [787 - 1026]  ORF	c_721_4	1					
885	0.86	0.86	12.7000004053116	12.7000004053116	12.7000004053116	ENST00000325921_36	[1883 - 2071] cdna:known chromosome:GRCh37:16:90122974:90128733:-1 gene:ENSG00000126856 gene_biotype:protein_coding transcript_biotype:protein_coding	36	1					
886	0.85	0.86	9.16899964213371	2.57900003343821	2.57900003343821	kpne1249_c_1_20450	Klebsiella pneumoniae Kp342 [4202060 - 4201014] (REVERSE SENSE)  ORF	c_1_20450	1					
887	0.85	0.86	9.87700000405312	9.87700000405312	9.87700000405312	soli_c_1_7693	Streptococcus oligofermentans AS 1.3089 [376457 - 376215] (REVERSE SENSE)  ORF	c_1_7693	1					
888	0.85	0.85	10.3299997746944	4.13199998438358	4.13199998438358	mtub_c_1_23922	Mycobacterium tuberculosis CDC1551 [2313119 - 2312394] hypothetical protein	c_1_23922	1					
889	0.85	0.85	10.7600003480911	5.06299994885921	5.06299994885921	ENST00000503076_11	[87 - 560] cdna:known chromosome:GRCh37:17:48183805:48185558:1 gene:ENSG00000005882 gene_biotype:protein_coding transcript_biotype:retained_intron	11	1					
890	0.85	0.85	17.2399997711182	17.2399997711182	17.2399997711182	tr|F8VZ29|F8VZ29_HUMAN	Ubiquitin-conjugating enzyme E2 N OS=Homo sapiens GN=UBE2N PE=1 SV=1	HUMAN	1					
890	0	0.85	9.86799970269203	9.86799970269203	9.86799970269203	tr|F8VV71|F8VV71_HUMAN	Ubiquitin-conjugating enzyme E2 N OS=Homo sapiens GN=UBE2N PE=1 SV=1	HUMAN	1					
890	0	0.85	14.2900004982948	14.2900004982948	14.2900004982948	tr|F8VSD4|F8VSD4_HUMAN	Ubiquitin-conjugating enzyme E2 N OS=Homo sapiens GN=UBE2N PE=1 SV=1	HUMAN	1					
890	0	0.85	9.86799970269203	9.86799970269203	9.86799970269203	sp|P61088|UBE2N_HUMAN	Ubiquitin-conjugating enzyme E2 N OS=Homo sapiens GN=UBE2N PE=1 SV=1	HUMAN	1					
890	0	0.85	6.81800022721291	6.81800022721291	6.81800022721291	ENST00000549833_11	[1 - 660] cdna:putative chromosome:GRCh37:12:93803518:93835032:-1 gene:ENSG00000177889 gene_biotype:protein_coding transcript_biotype:protein_coding	11	1					
890	0	0.85	8.87600034475327	8.87600034475327	8.87600034475327	ENST00000318066_10	[328 - 834] cdna:known chromosome:GRCh37:12:93800981:93836038:-1 gene:ENSG00000177889 gene_biotype:protein_coding transcript_biotype:protein_coding	10	1					
891	0.85	0.85	3.47499996423721	3.47499996423721	3.47499996423721	smal_c_1_5773	Stenotrophomonas maltophilia R551-3 [1631862 - 1632638] hypothetical protein	c_1_5773	1					
892	0.85	0.85	22.7300003170967	22.7300003170967	22.7300003170967	pmel1142_c_2_2141	Prevotella melaninogenica ATCC 25845 [1129041 - 1129238]  ORF	c_2_2141	1					
893	0.85	0.85	15.2500003576279	15.2500003576279	15.2500003576279	atum_c_4_101	Agrobacterium tumefaciens str. C58, ATCC 33970 [36037 - 36213] hypothetical protein	c_4_101	1					
894	0.85	0.85	10.9099999070168	10.9099999070168	10.9099999070168	aot170_c_31_28	Actinomyces sp. oral taxon 170 F0386 [8667 - 8996] hypothetical protein	c_31_28	1					
895	0.84	4.39	17.4799993634224	12.8800004720688	12.8800004720688	sp|P01859|IGHG2_HUMAN	Ig gamma-2 chain C region OS=Homo sapiens GN=IGHG2 PE=1 SV=2	HUMAN	4					
895	0	2.31	16.1799997091293	7.42700025439262	7.42700025439262	sp|P01860|IGHG3_HUMAN	Ig gamma-3 chain C region OS=Homo sapiens GN=IGHG3 PE=1 SV=2	HUMAN	2					
896	0.84	0.85	7.38300010561943	7.38300010561943	7.38300010561943	daci_c_1_35682	Delftia acidovorans SPH-1 ATCC15668 [3379495 - 3379049] hypothetical protein	c_1_35682	1					
897	0.84	0.84	22.7099999785423	1.44899999722838	1.44899999722838	belk2487_c_3_2888	Bradyrhizobium elkanii USDA 76 [799621 - 801483]  ORF	c_3_2888	1					
898	0.84	0.84	3.97499985992908	1.16499997675419	0	ppro_c_1_12104	Propionibacterium propionicum F0230a [3169082 - 3164706] (REVERSE SENSE)  ORF	c_1_12104	0					
899	0.84	0.84	21.9500005245209	5.48800006508827	5.48800006508827	rmuc_c_2_113	Rothia mucilaginosa ATCC 25296 [31517 - 32500] ABC transporter ATPase component	c_2_113	1					
900	0.84	0.84	91.1099970340729	17.7799999713898	17.7799999713898	ENST00000577663_24	[1170 - 1304] cdna:known chromosome:GRCh37:17:72441343:72443566:1 gene:ENSG00000170412 gene_biotype:protein_coding transcript_biotype:retained_intron	24	1					
901	0.84	0.84	3.59200015664101	1.70099996030331	1.70099996030331	synsp_sgp_c_1_4349	Synergistetes sp. SGP1 [1544226 - 1545812]  ORF	sgp_c_1_4349	1					
902	0.84	0.84	16.0300001502037	6.87000006437302	6.87000006437302	ppse_c_13_130	Pseudomonas pseudoalcaligenes KF707 [44772 - 45164]  ORF	c_13_130	1					
903	0.84	0.84	5.88200017809868	2.40599997341633	2.40599997341633	ngon1109_c_1_13553	Neisseria gonorrhoeae NCCP11945 [430305 - 429184] (REVERSE SENSE)  ORF	c_1_13553	1					
904	0.84	0.84	6.57399967312813	2.76800002902746	2.76800002902746	abro_c_3_5447	Afipia broomeae ATCC 49717 [535093 - 534227] (REVERSE SENSE) ORF	c_3_5447	1					
905	0.84	0.84	14.5199999213219	8.87100026011467	8.87100026011467	NCBIABZW_c_1_7882	Propionibacterium acnes SK137 [2247443 - 2247814] hypothetical protein	c_1_7882	1					
906	0.84	0.84	18.520000576973	18.520000576973	18.520000576973	sot066_c_1_1090	Streptococcus sp. oral taxon 066 F0442 [473951 - 474112]  ORF	c_1_1090	1					
907	0.84	0.84	17.3899993300438	17.3899993300438	17.3899993300438	ENST00000391901_42	[3639 - 3776] cdna:known chromosome:GRCh37:19:48023942:48059113:-1 gene:ENSG00000118156 gene_biotype:protein_coding transcript_biotype:protein_coding	42	1					
908	0.83	0.84	9.84800010919571	9.84800010919571	9.84800010919571	smal_c_1_10534	Stenotrophomonas maltophilia R551-3 [2924785 - 2925180] hypothetical protein	c_1_10534	1					
909	0.83	0.84	25.3699988126755	25.3699988126755	25.3699988126755	lrha_c_1_10059	Lactobacillus rhamnosus GG [1297011 - 1296811] hypothetical protein	c_1_10059	1					
910	0.83	0.83	2.45799999684095	0.298000010661781	0.298000010661781	ecol1511_c_1_6828	Escherichia coli O157:H7 str. EC4115 [2621057 - 2629111]  ORF	c_1_6828	1					
911	0.83	0.83	4.86100018024445	0.992100033909082	0.992100033909082	pot299_c_2_1242	Prevotella sp. oral taxon 299 F0039 [328059 - 325036] mannosyl-glycoprotein endo-beta-N-acetylglucosaminidase	c_2_1242	1					
912	0.83	0.83	4.9040000885725	2.55900006741285	2.55900006741285	toti_c_10_101	Turicella otitidis ATCC 51513 [31727 - 33133]  ORF	c_10_101	1					
913	0.83	0.83	5.02599999308586	2.38099992275238	2.38099992275238	aoti_c_10_248	Alloiococcus otitis ATCC 51267 [36087 - 34954] (REVERSE SENSE) ORF	c_10_248	1					
914	0.83	0.83	2.50700004398823	2.50700004398823	2.50700004398823	pavi_c_5_148	Propionibacterium avidum ATCC 25577 [41800 - 42876] actinobacterial surface-anchored protein domain proteins	c_5_148	1					
915	0.83	0.83	1.22899999842048	1.22899999842048	1.22899999842048	mlot_c_1_35705	Mesorhizobium loti MAFF303099 [4462510 - 4460558] hypothetical protein	c_1_35705	1					
916	0.83	0.83	16.6700005531311	16.6700005531311	16.6700005531311	ENST00000588208_9	[294 - 455] cdna:known chromosome:GRCh37:19:19287741:19296907:-1 gene:ENSG00000254901 gene_biotype:protein_coding transcript_biotype:protein_coding	9	1					
917	0.82	0.82	5.60100004076958	1.31799997761846	1.31799997761846	ENST00000318950_28	[38 - 1858] cdna:known chromosome:GRCh37:11:9685624:9774538:1 gene:ENSG00000133789 gene_biotype:protein_coding transcript_biotype:protein_coding	28	1					
918	0.82	0.82	9.4650000333786	4.9380000680685	4.9380000680685	sp|Q9BVC6|TM109_HUMAN	Transmembrane protein 109 OS=Homo sapiens GN=TMEM109 PE=1 SV=1	HUMAN	1					
919	0.82	0.82	9.6620000898838	9.6620000898838	9.6620000898838	nwea_c_13_191	Neisseria weaveri ATCC 51223 [61690 - 61070] (REVERSE SENSE) ORF	c_13_191	1					
920	0.82	0.82	6.95699974894524	6.95699974894524	6.95699974894524	lpen_c_18_61	Lactobacillus pentosus KCA1 [24909 - 25253]  ORF	c_18_61	1					
921	0.81	0.81	5.48299998044968	0.74350000359118	0.74350000359118	einf1695_c_3_140	Eubacterium infirmum F0142 [104962 - 108189]  ORF	c_3_140	1					
922	0.81	0.81	18.6199992895126	11.1699998378754	7.44699984788895	tr|Q5W0H4|Q5W0H4_HUMAN	Translationally-controlled tumor protein OS=Homo sapiens GN=TPT1 PE=1 SV=1	HUMAN	1					
922	0	0.81	15.1199996471405	12.2100003063679	8.13999995589256	sp|P13693|TCTP_HUMAN	Translationally-controlled tumor protein OS=Homo sapiens GN=TPT1 PE=1 SV=1	HUMAN	1					
923	0.81	0.81	12.7000004053116	2.38099992275238	2.38099992275238	sp|Q16543|CDC37_HUMAN	Hsp90 co-chaperone Cdc37 OS=Homo sapiens GN=CDC37 PE=1 SV=1	HUMAN	1					
923	0	0.81	12.1200002729893	2.27300003170967	2.27300003170967	ENST00000222005_14	[1 - 1188] cdna:known chromosome:GRCh37:19:10501810:10514209:-1 gene:ENSG00000105401 gene_biotype:protein_coding transcript_biotype:protein_coding	14	1					
923	0	0.81	8.78200009465218	2.54999995231628	2.54999995231628	tr|K7EKQ2|K7EKQ2_HUMAN	Hsp90 co-chaperone Cdc37 (Fragment) OS=Homo sapiens GN=CDC37 PE=1 SV=1	HUMAN	1					
924	0.81	0.81	43.9399987459183	13.6399999260902	13.6399999260902	mlep_c_1_2982	Mycobacterium leprae Br4923 [875238 - 875435] hypothetical protein	c_1_2982	1					
925	0.81	0.81	10.9200000762939	9.24400016665459	9.24400016665459	vpara_c_2_882	Variovorax paradoxus S110 [273668 - 274024] hypothetical protein	c_2_882	1					
926	0.81	0.81	4.49200011789799	1.75800006836653	1.75800006836653	snox_c_1_1780	Selenomonas noxia ATCC 43541 [49705 - 48170] hypothetical protein	c_1_1780	1					
927	0.81	0.81	10.8400002121925	10.8400002121925	10.8400002121925	sked_c_1_5822	Sanguibacter keddieii DSM 10542 [2117495 - 2117743] hypothetical protein	c_1_5822	1					
928	0.81	0.81	10.9999999403954	10.9999999403954	10.9999999403954	bdim1892_c_10_26	Brevundimonas diminuta 470-4, ATCC 13184 [7341 - 7640]  ORF	c_10_26	1					
929	0.8	0.81	11.7600001394749	11.7600001394749	11.7600001394749	pmuls_c_16_297	Prevotella multiformis DSM 16608 [70609 - 70406] hypothetical protein	c_16_297	1					
930	0.8	0.8	11.6099998354912	0.951499957591295	0.951499957591295	pot472_c_6_35	Prevotella sp. oral taxon 472 F0295 [14451 - 17603] SusC homolog	c_6_35	1					
931	0.8	0.8	10.0299999117851	1.14900004118681	1.14900004118681	lkis_c_59_61	Lactobacillus kisonensis F0435 [7284 - 4414] excinuclease ABC, A subunit	c_59_61	1					
932	0.8	0.8	5.01599982380867	1.45600000396371	1.45600000396371	bcep_c_2_18794	Burkholderia cepacia GG4 [110123 - 108270] (REVERSE SENSE)  ORF	c_2_18794	1					
933	0.8	0.8	9.5100000500679	2.59399991482496	2.59399991482496	ENST00000520794_33	[1210 - 2250] cdna:known chromosome:GRCh37:5:179289743:179294302:-1 gene:ENSG00000197226 gene_biotype:protein_coding transcript_biotype:retained_intron	33	1					
934	0.8	0.8	35.8500003814697	16.9799998402596	16.9799998402596	pstu_c_1_6297	Pseudomonas stutzeri A1501, CGMCC 0351 [1836429 - 1836587] hypothetical protein	c_1_6297	1					
935	0.8	0.8	14.1399994492531	11.1100003123283	11.1100003123283	nbac_c_21_215	Neisseria bacilliformis ATCC BAA-1200 [22609 - 22313] hypothetical protein	c_21_215	1					
936	0.8	0.8	46.1499989032745	26.9199997186661	26.9199997186661	hpyl_c_1_504	Helicobacter pylori B38 [355207 - 355362] hypothetical protein	c_1_504	1					
937	0.8	0.8	9.41200032830238	9.41200032830238	9.41200032830238	amas2385_c_15_163	Actinomyces massiliensis 4401292 [41489 - 41743]  ORF	c_15_163	1					
938	0.8	0.8	5.71400001645088	5.71400001645088	5.71400001645088	alac_c_1_288	Anaerococcus lactolyticus ATCC 51172 [46621 - 46202] Fur family transcriptional regulator	c_1_288	1					
939	0.8	0.8	3.34599986672401	3.34599986672401	3.34599986672401	abro_c_2_7847	Afipia broomeae ATCC 49717 [785493 - 784687] (REVERSE SENSE) ORF	c_2_7847	1					
940	0.79	0.8	8.19699987769127	8.19699987769127	8.19699987769127	pot786_c_12_254	Paenibacillus sp. oral taxon 786 D14 [26973 - 26608] hypothetical protein	c_12_254	1					
941	0.79	0.8	13.850000500679	13.850000500679	13.850000500679	ENST00000582337_77	[4683 - 4877] cdna:known chromosome:GRCh37:18:72265106:72516583:1 gene:ENSG00000215421 gene_biotype:protein_coding transcript_biotype:protein_coding	77	1					
942	0.79	0.79	26.9800007343292	1.51800001040101	1.51800001040101	ksed_c_1_11144	Kytococcus sedentarius DSM 20547 [1795008 - 1793230] hypothetical protein	c_1_11144	1					
943	0.79	0.79	6.98899999260902	1.15200001746416	1.15200001746416	sp|Q0VF96|CGNL1_HUMAN	Cingulin-like protein 1 OS=Homo sapiens GN=CGNL1 PE=1 SV=2	HUMAN	1					
944	0.79	0.79	20.0000002980232	5.00000007450581	5.00000007450581	tr|Q5TA02|Q5TA02_HUMAN	Glutathione S-transferase omega-1 (Fragment) OS=Homo sapiens GN=GSTO1 PE=1 SV=1	HUMAN	1					
944	0	0.79	16.5999993681908	4.14899997413158	4.14899997413158	sp|P78417|GSTO1_HUMAN	Glutathione S-transferase omega-1 OS=Homo sapiens GN=GSTO1 PE=1 SV=2	HUMAN	1					
944	0	0.79	18.7800005078316	4.69500012695789	4.69500012695789	sp|P78417-3|GSTO1_HUMAN	Isoform 3 of Glutathione S-transferase omega-1 OS=Homo sapiens GN=GSTO1	HUMAN	1					
944	0	0.79	14.6500006318092	3.66300009191036	3.66300009191036	ENST00000445155_12	[9 - 827] cdna:known chromosome:GRCh37:10:106014744:106027123:1 gene:ENSG00000148834 gene_biotype:protein_coding transcript_biotype:protein_coding	12	1					
944	0	0.79	4.25500012934208	4.25500012934208	4.25500012934208	ENST00000504733_9	[3 - 707] cdna:pseudogene chromosome:GRCh37:3:130546503:130547220:1 gene:ENSG00000232829 gene_biotype:pseudogene transcript_biotype:processed_pseudogene	9	1					
945	0.79	0.79	11.4900000393391	1.29300002008677	1.29300002008677	fnec_c_2_413	Fusobacterium necrophorum subsp. funduliforme 1_1_36S [178528 - 180615] hemin receptor	c_2_413	1					
946	0.79	0.79	12.6399993896484	12.6399993896484	12.6399993896484	ypes_c_1_14071	Yersinia pestis KIM D27 [2651599 - 2651339] hypothetical protein	c_1_14071	1					
947	0.79	0.79	2.19800006598234	2.19800006598234	2.19800006598234	smoo1683_c_2_331	Solobacterium moorei F0204 [181718 - 180627] (REVERSE SENSE) ORF	c_2_331	1					
948	0.79	0.79	17.8599998354912	17.8599998354912	17.8599998354912	amas_c_17_52	Actinomyces massiliensis F0489 [14260 - 14427]  ORF	c_17_52	1					
949	0.78	0.78	7.93699994683266	1.19000002741814	1.19000002741814	falo_c_1_4510	Filifactor alocis ATCC 35896 [1896626 - 1894359] copper amine oxidase N- domain protein	c_1_4510	1					
950	0.78	0.78	23.4699994325638	5.61200007796288	5.61200007796288	ENST00000296674_12	[96 - 683] cdna:known chromosome:GRCh37:5:81569177:81574396:-1 gene:ENSG00000186468 gene_biotype:protein_coding transcript_biotype:protein_coding	12	1					
950	0	0.78	20.2800005674362	7.69200026988983	7.69200026988983	sp|P62266|RS23_HUMAN	40S ribosomal protein S23 OS=Homo sapiens GN=RPS23 PE=1 SV=3	HUMAN	1					
950	0	0.78	21.1799994111061	12.9399999976158	12.9399999976158	tr|D6RIX0|D6RIX0_HUMAN	40S ribosomal protein S23 OS=Homo sapiens GN=RPS23 PE=1 SV=1	HUMAN	1					
950	0	0.78	32.7300012111664	20.0000002980232	20.0000002980232	tr|D6RDJ2|D6RDJ2_HUMAN	40S ribosomal protein S23 OS=Homo sapiens GN=RPS23 PE=1 SV=1	HUMAN	1					
950	0	0.78	13.4299993515015	8.20899978280067	8.20899978280067	tr|D6RD47|D6RD47_HUMAN	40S ribosomal protein S23 OS=Homo sapiens GN=RPS23 PE=1 SV=1	HUMAN	1					
950	0	0.78	14.6300002932549	8.9429996907711	8.9429996907711	tr|D6R9I7|D6R9I7_HUMAN	40S ribosomal protein S23 OS=Homo sapiens GN=RPS23 PE=1 SV=1	HUMAN	1					
951	0.78	0.78	18.5599997639656	5.98799996078014	5.98799996078014	pstu_c_1_4862	Pseudomonas stutzeri A1501, CGMCC 0351 [1411097 - 1411597] hypothetical protein	c_1_4862	1					
952	0.78	0.78	23.0800002813339	11.9699999690056	11.9699999690056	ENST00000506797_6	[66 - 416] cdna:putative chromosome:GRCh37:4:140586989:140625378:1 gene:ENSG00000085871 gene_biotype:protein_coding transcript_biotype:protein_coding	6	1					
952	0	0.78	9.52399969100952	9.52399969100952	9.52399969100952	sp|Q99735|MGST2_HUMAN	Microsomal glutathione S-transferase 2 OS=Homo sapiens GN=MGST2 PE=1 SV=1	HUMAN	1					
952	0	0.78	18.1799992918968	18.1799992918968	18.1799992918968	sp|Q99735-2|MGST2_HUMAN	Isoform 2 of Microsomal glutathione S-transferase 2 OS=Homo sapiens GN=MGST2	HUMAN	1					
953	0.78	0.78	8.18200036883354	8.18200036883354	8.18200036883354	pgin_c_1_8516	Porphyromonas gingivalis W83 [1613402 - 1613073] hypothetical protein	c_1_8516	1					
954	0.78	0.78	31.9999992847443	31.9999992847443	31.9999992847443	ENST00000473251_6	[152 - 226] cdna:known chromosome:GRCh37:1:46726520:46738472:1 gene:ENSG00000085999 gene_biotype:protein_coding transcript_biotype:processed_transcript	6	1					
955	0.77	0.78	17.6499992609024	17.6499992609024	17.6499992609024	abau_c_1_1919	Acinetobacter baumannii AB0057 [1350929 - 1351081] hypothetical protein	c_1_1919	1					
956	0.77	0.77	25.8899986743927	8.92900004982948	8.92900004982948	rcap_c_1_19544	Rhodobacter capsulatus SB 1003 [1266174 - 1265839] hypothetical protein	c_1_19544	1					
957	0.77	0.77	3.20100001990795	0.778499990701675	0.778499990701675	pot302_c_4_719	Prevotella sp. oral taxon 302 F0323 [37723 - 34256] (REVERSE SENSE) ORF	c_4_719	1					
958	0.77	0.77	5.52100017666817	2.05000005662441	2.05000005662441	bcla_c_1_6180	Bacillus clausii KSM-K16 [2702765 - 2704666] asparagine synthetase, glutamine-hydrolyzing	c_1_6180	1					
959	0.77	0.77	5.16400001943111	1.5650000423193	1.5650000423193	oant1457_c_1_3143	Ochrobactrum anthropi ATCC 49188 [891041 - 892957]  ORF	c_1_3143	1					
960	0.77	0.77	6.3060000538826	2.70300004631281	2.70300004631281	rmuc_c_1_1413	Rothia mucilaginosa ATCC 25296 [523891 - 525222] CBS domain protein	c_1_1413	1					
961	0.77	0.77	27.3999989032745	12.33000010252	12.33000010252	elen_c_1_4184	Eggerthella lenta VPI 0255, DSM 2243 [1291158 - 1291376] hypothetical protein	c_1_4184	1					
962	0.77	0.77	4.42700013518333	2.60400008410215	2.60400008410215	ecol_c_1_5425	Escherichia coli BW2952 [2110128 - 2111279] hypothetical protein	c_1_5425	1					
963	0.77	0.77	7.60900005698204	3.26099991798401	3.26099991798401	dmic_c_1_469	Dialister micraerophilus DSM 19965 [161699 - 160872] aspartate-semialdehyde dehydrogenase	c_1_469	1					
964	0.77	0.77	21.9799995422363	10.9899997711182	0	aot170_c_14_8	Actinomyces sp. oral taxon 170 F0386 [1818 - 2090] hypothetical protein	c_14_8	0					
965	0.77	0.77	77.0799994468689	25	25	ENST00000467100_2	[24 - 167] cdna:known chromosome:GRCh37:9:133454352:133457473:1 gene:ENSG00000107164 gene_biotype:protein_coding transcript_biotype:processed_transcript	2	1					
966	0.77	0.77	3.67599986493587	3.67599986493587	3.67599986493587	smal_c_1_11278	Stenotrophomonas maltophilia R551-3 [3138311 - 3139126] hypothetical protein	c_1_11278	1					
967	0.77	0.77	14.2900004982948	14.2900004982948	14.2900004982948	agem_c_45_66	Anaeroglobus geminatus F0357 [8107 - 7856] 30S ribosomal protein S17	c_45_66	1					
968	0.77	0.77	3.99999991059303	3.99999991059303	3.99999991059303	abro_c_1_9722	Afipia broomeae ATCC 49717 [228958 - 228059] (REVERSE SENSE) ORF	c_1_9722	1					
969	0.76	0.77	8.91100019216537	8.91100019216537	8.91100019216537	mtub_c_1_24051	Mycobacterium tuberculosis CDC1551 [2272670 - 2272368] hypothetical protein	c_1_24051	1					
970	0.76	0.77	17.1900004148483	17.1900004148483	17.1900004148483	aot848_c_1_1467	Actinomyces sp. oral taxon 848 F0332 [428544 - 428735] hypothetical protein	c_1_1467	1					
971	0.76	0.76	30.1400005817413	4.78500016033649	4.78500016033649	smal_c_1_26362	Stenotrophomonas maltophilia R551-3 [1794193 - 1793567] hypothetical protein	c_1_26362	1					
972	0.76	0.76	5.68000003695488	1.62300001829863	1.62300001829863	ghae2070_c_12_22	Gemella haemolysans M341 [22448 - 23926]  ORF	c_12_22	1					
973	0.76	0.76	26.4200001955032	5.66000007092953	5.66000007092953	ENST00000293842_11	[1 - 477] cdna:known chromosome:GRCh37:17:8280838:8286511:-1 gene:ENSG00000161970 gene_biotype:protein_coding transcript_biotype:protein_coding	11	1					
973	0	0.76	27.0999997854233	8.41099992394447	8.41099992394447	tr|J3QRI7|J3QRI7_HUMAN	60S ribosomal protein L26 (Fragment) OS=Homo sapiens GN=RPL26 PE=4 SV=1	HUMAN	1					
973	0	0.76	21.4800000190735	6.66700005531311	6.66700005531311	tr|J3QRC4|J3QRC4_HUMAN	60S ribosomal protein L26 (Fragment) OS=Homo sapiens GN=RPL26 PE=4 SV=1	HUMAN	1					
973	0	0.76	26.3599991798401	8.18200036883354	8.18200036883354	tr|J3QQV1|J3QQV1_HUMAN	60S ribosomal protein L26 OS=Homo sapiens GN=RPL26 PE=4 SV=1	HUMAN	1					
973	0	0.76	27.0999997854233	8.41099992394447	8.41099992394447	tr|J3QQQ9|J3QQQ9_HUMAN	KRAB-A domain-containing protein 2 OS=Homo sapiens GN=KRBA2 PE=4 SV=1	HUMAN	1					
973	0	0.76	30.2100002765656	9.375	9.375	tr|J3KTJ8|J3KTJ8_HUMAN	60S ribosomal protein L26 (Fragment) OS=Homo sapiens GN=RPL26 PE=4 SV=2	HUMAN	1					
973	0	0.76	46.0299998521805	14.2900004982948	14.2900004982948	tr|J3KSS0|J3KSS0_HUMAN	60S ribosomal protein L26 OS=Homo sapiens GN=RPL26 PE=4 SV=1	HUMAN	1					
973	0	0.76	20.0000002980232	6.20700009167194	6.20700009167194	sp|P61254|RL26_HUMAN	60S ribosomal protein L26 OS=Homo sapiens GN=RPL26 PE=1 SV=1	HUMAN	1					
973	0	0.76	18.5900002717972	5.76899982988834	5.76899982988834	ENST00000584164_17	[360 - 827] cdna:known chromosome:GRCh37:17:8280839:8286485:-1 gene:ENSG00000161970 gene_biotype:protein_coding transcript_biotype:protein_coding	17	1					
974	0.76	0.76	7.53400027751923	4.45200018584728	4.45200018584728	mlot_c_1_35518	Mesorhizobium loti MAFF303099 [4513286 - 4512411] hypothetical protein	c_1_35518	1					
975	0.76	0.76	5.00000007450581	5.00000007450581	5.00000007450581	aot181_c_2_678	Actinomyces sp. oral taxon 181 F0379 [215537 - 216556]  ORF	c_2_678	1					
976	0.76	0.76	100	100	100	ENST00000265348_42	[2774 - 2815] cdna:known chromosome:GRCh37:6:43005355:43021437:-1 gene:ENSG00000044090 gene_biotype:protein_coding transcript_biotype:protein_coding	42	1					
977	0.75	0.76	5.63899986445904	1.50399999693036	1.50399999693036	abro_c_4_4307	Afipia broomeae ATCC 49717 [87434 - 85839] (REVERSE SENSE) ORF	c_4_4307	1					
978	0.75	0.76	1.87100004404783	1.87100004404783	1.87100004404783	pflu1300_c_1_37859	Pseudomonas fluorescens Pf-5 [2613524 - 2612082] (REVERSE SENSE)  ORF	c_1_37859	1					
979	0.75	0.75	10.9399996697903	1.33199999108911	1.33199999108911	ploe_c_10_154	Prevotella loescheii DSM 19665 = JCM 12249 = ATCC 15930 [46410 - 49562]  ORF	c_10_154	1					
980	0.75	0.75	31.7900002002716	5.95999993383884	5.95999993383884	sot133_c_2_845	Selenomonas sp. oral taxon 133 F0473 [263532 - 263984]  ORF	c_2_845	1					
981	0.75	0.75	16.5900006890297	8.78000035881996	8.78000035881996	mlot_c_1_21881	Mesorhizobium loti MAFF303099 [5938153 - 5938767] hypothetical protein	c_1_21881	1					
982	0.75	0.75	4.34800013899803	1.14399995654821	1.14399995654821	RRRRRtr|B4DFA8|B4DFA8_HUMAN	REVERSED Oxysterol-binding protein OS=Homo sapiens GN=OSBP2 PE=1 SV=1	HUMAN	1					
982	0	0.75	4.14800010621548	1.09200002625585	1.09200002625585	RRRRRsp|Q969R2|OSBP2_HUMAN	REVERSED Oxysterol-binding protein 2 OS=Homo sapiens GN=OSBP2 PE=1 SV=2	HUMAN	1					
982	0	0.75	4.15299981832504	1.09299998730421	1.09299998730421	RRRRRsp|Q969R2-2|OSBP2_HUMAN	REVERSED Isoform 2 of Oxysterol-binding protein 2 OS=Homo sapiens GN=OSBP2	HUMAN	1					
983	0.75	0.75	10.0400000810623	4.8030000180006	4.8030000180006	ssob_c_90_36	Streptococcus sobrinus TCI-107 [1590 - 904] saccharopine dehydrogenase domain protein	c_90_36	1					
984	0.75	0.75	18.1799992918968	6.81800022721291	6.81800022721291	ageo_c_1_548	Actinomyces georgiae F0490 [17067 - 16540] (REVERSE SENSE) ORF	c_1_548	1					
985	0.75	0.75	3.71700003743172	3.71700003743172	3.71700003743172	rmuc1724_c_1_2244	Rothia mucilaginosa DY-18 [820942 - 821748]  ORF	c_1_2244	1					
986	0.75	0.75	13.8899996876717	13.8899996876717	13.8899996876717	pmic_F0438_c_7_88	Prevotella micans F0438 [37394 - 37609] hypothetical protein	F0438_c_7_88	1					
987	0.75	0.75	14.0799999237061	14.0799999237061	14.0799999237061	pdenta_c_11_244	Prevotella dentalis DSM 3688 [76450 - 76662] hypothetical protein	c_11_244	1					
988	0.75	0.75	47.3699986934662	47.3699986934662	47.3699986934662	ENST00000355295_11	[805 - 861] cdna:known chromosome:GRCh37:9:100174232:100258407:1 gene:ENSG00000196116 gene_biotype:protein_coding transcript_biotype:protein_coding	11	1					
989	0.74	0.75	15.3200000524521	9.00899991393089	9.00899991393089	bext1730_c_2_343	Bulleidia extructa W1219, ATCC BAA-170, DSM 13220 [183178 - 182846] (REVERSE SENSE) ORF	c_2_343	1					
990	0.74	0.75	7.33899995684624	7.33899995684624	7.33899995684624	pgin_c_1_7413	Porphyromonas gingivalis W83 [2004851 - 2004525] hypothetical protein	c_1_7413	1					
991	0.74	0.75	7.23700001835823	7.23700001835823	7.23700001835823	mlot_c_1_12533	Mesorhizobium loti MAFF303099 [3414452 - 3414907] hypothetical protein	c_1_12533	1					
992	0.74	0.75	35.7100009918213	35.7100009918213	35.7100009918213	ENST00000609686_427	[19575 - 19658] cdna:known chromosome:GRCh37:12:13693165:14133053:-1 gene:ENSG00000273079 gene_biotype:protein_coding transcript_biotype:protein_coding	427	1					
993	0.74	0.74	21.8700006604195	0.828799977898598	0.236800010316074	RRRRRENST00000378024_293	REVERSED [210 - 17945] cdna:known chromosome:GRCh37:11:62283377:62314307:-1 gene:ENSG00000124942 gene_biotype:protein_coding transcript_biotype:protein_coding	293	1					
993	0	0.74	21.4900001883507	0.831899978220463	0.237699993886054	RRRRRsp|Q09666|AHNK_HUMAN	REVERSED Neuroblast differentiation-associated protein AHNAK OS=Homo sapiens GN=AHNAK PE=1 SV=2	HUMAN	1					
994	0.74	0.74	9.43600013852119	1.12800002098083	0	tr|A8MX12|A8MX12_HUMAN	Myomesin-1 OS=Homo sapiens GN=MYOM1 PE=4 SV=2	HUMAN	0					
994	0	0.74	9.43600013852119	1.12800002098083	0	sp|P52179|MYOM1_HUMAN	Myomesin-1 OS=Homo sapiens GN=MYOM1 PE=1 SV=2	HUMAN	0					
994	0	0.74	10.0100003182888	1.19599997997284	0	sp|P52179-2|MYOM1_HUMAN	Isoform 2 of Myomesin-1 OS=Homo sapiens GN=MYOM1	HUMAN	0					
995	0.74	0.74	10.6200002133846	2.40499991923571	2.40499991923571	psac_c_18_116	Prevotella saccharolytica OT 781 F0055 [44666 - 43170] (REVERSE SENSE) ORF	c_18_116	1					
996	0.74	0.74	22.1799999475479	3.63599993288517	3.63599993288517	pot279_c_2_99	Porphyromonas sp. oral taxon 279 F0450 [38490 - 39314]  ORF	c_2_99	1					
997	0.74	0.74	4.85999993979931	2.24300008267164	2.24300008267164	pbus_c_6_183	Prevotella buccalis ATCC 35310 [75234 - 76838] cadherin	c_6_183	1					
998	0.74	0.74	43.9999997615814	9.00000035762787	9.00000035762787	ENST00000399730_3	[1 - 300] cdna:pseudogene chromosome:GRCh37:8:48114067:48114520:-1 gene:ENSG00000215177 gene_biotype:IG_V_pseudogene transcript_biotype:IG_V_pseudogene	3	1					
999	0.74	0.74	11.8500001728535	11.8500001728535	11.8500001728535	lmir_c_3_926	Lautropia mirabilis ATCC 51599 [263829 - 264233] hypothetical protein	c_3_926	1					
1000	0.74	0.74	6.83199986815453	6.83199986815453	6.83199986815453	elen_c_1_2721	Eggerthella lenta VPI 0255, DSM 2243 [842898 - 843380] hypothetical protein	c_1_2721	1					
1001	0.74	0.74	9.09100025892258	9.09100025892258	9.09100025892258	ENST00000493442_5	[49 - 411] cdna:known chromosome:GRCh37:X:103411301:103440583:1 gene:ENSG00000123575 gene_biotype:protein_coding transcript_biotype:protein_coding	5	1					
1002	0.74	0.74	19.5099994540215	19.5099994540215	19.5099994540215	ENST00000399824_26	[1415 - 1537] cdna:putative chromosome:GRCh37:22:30752624:30763085:1 gene:ENSG00000187860 gene_biotype:protein_coding transcript_biotype:protein_coding	26	1					
1003	0.73	0.74	42.1099990606308	15.7900005578995	15.7900005578995	tsoc_c_11_140	Treponema socranskii subsp. paredis ATCC 35535 [40882 - 41052]  ORF	c_11_140	1					
1004	0.73	0.74	18.520000576973	18.520000576973	18.520000576973	pflu_c_1_36151	Pseudomonas fluorescens Pf0-1 [1479421 - 1479260] hypothetical protein	c_1_36151	1					
1005	0.73	0.74	15.9999996423721	15.9999996423721	15.9999996423721	cot329_c_36_328	Capnocytophaga sp. oral taxon 329 F0087 [2604 - 2380] hypothetical protein	c_36_328	1					
1006	0.73	0.73	6.77099972963333	1.30200004205108	1.30200004205108	ppro_c_1_1119	Propionibacterium propionicum F0230a [331346 - 333649]  ORF	c_1_1119	1					
1007	0.73	0.73	10.4999996721745	1.96899995207787	1.96899995207787	ageo_c_119_20	Actinomyces georgiae F0490 [4935 - 6305]  ORF	c_119_20	1					
1008	0.73	0.73	4.60299998521805	4.60299998521805	4.60299998521805	kpne_c_1_27952	Klebsiella pneumoniae NTUH-K2044 [956634 - 955918] sfsA gene product	c_1_27952	1					
1009	0.73	0.73	7.54700005054474	7.54700005054474	7.54700005054474	NCBIACEO_c_1_564	Neisseria subflava NJ9703 [165699 - 166175] hypothetical protein	c_1_564	1					
1010	0.72	0.73	17.5200000405312	10.9499998390675	0	ENST00000276055_4	[100 - 510] cdna:known chromosome:GRCh37:X:46433219:46457843:1 gene:ENSG00000147119 gene_biotype:protein_coding transcript_biotype:protein_coding	4	1					
1011	0.72	0.73	17.3099994659424	17.3099994659424	17.3099994659424	sot138_c_12_383	Selenomonas sp. oral taxon 138 F0429 [22195 - 22040] (REVERSE SENSE) ORF	c_12_383	1					
1012	0.72	0.73	15.5200004577637	15.5200004577637	15.5200004577637	presp302_s_301_6	Prevotella sp. oral taxon 302 F0020 [471 - 298] hypothetical protein	s_301_6	1					
1013	0.72	0.73	21.5700000524521	21.5700000524521	21.5700000524521	lcri_c_1_3281	Lactobacillus crispatus ST1 [1619787 - 1619635] hypothetical protein	c_1_3281	1					
1014	0.72	0.72	9.90099981427193	2.47499998658895	2.47499998658895	sp|Q9Y5X3|SNX5_HUMAN	Sorting nexin-5 OS=Homo sapiens GN=SNX5 PE=1 SV=1	HUMAN	1					
1014	0	0.72	10.7799999415874	3.71700003743172	3.71700003743172	tr|Q5QPE5|Q5QPE5_HUMAN	Sorting nexin-5 (Fragment) OS=Homo sapiens GN=SNX5 PE=1 SV=1	HUMAN	1					
1014	0	0.72	12.720000743866	4.38599996268749	4.38599996268749	tr|Q5QPE4|Q5QPE4_HUMAN	Sorting nexin-5 (Fragment) OS=Homo sapiens GN=SNX5 PE=1 SV=1	HUMAN	1					
1014	0	0.72	5.37399984896183	2.33600009232759	2.33600009232759	ENST00000362031_23	[2 - 1285] cdna:known chromosome:GRCh37:14:35031615:35099389:-1 gene:ENSG00000129515 gene_biotype:protein_coding transcript_biotype:protein_coding	23	1					
1014	0	0.72	10.0000001490116	6.66700005531311	6.66700005531311	tr|H0YJF8|H0YJF8_HUMAN	Sorting nexin-6 (Fragment) OS=Homo sapiens GN=SNX6 PE=1 SV=1	HUMAN	1					
1014	0	0.72	6.27600029110909	4.18399982154369	4.18399982154369	tr|G3V5X9|G3V5X9_HUMAN	Sorting nexin-6 (Fragment) OS=Homo sapiens GN=SNX6 PE=1 SV=1	HUMAN	1					
1014	0	0.72	8.87600034475327	5.91700002551079	5.91700002551079	tr|G3V4Z5|G3V4Z5_HUMAN	Sorting nexin-6 OS=Homo sapiens GN=SNX6 PE=1 SV=1	HUMAN	1					
1014	0	0.72	11.3600000739098	7.57599994540215	7.57599994540215	tr|G3V2U1|G3V2U1_HUMAN	Sorting nexin-6 OS=Homo sapiens GN=SNX6 PE=1 SV=1	HUMAN	1					
1014	0	0.72	3.69499996304512	2.46300008147955	2.46300008147955	sp|Q9UNH7|SNX6_HUMAN	Sorting nexin-6 OS=Homo sapiens GN=SNX6 PE=1 SV=1	HUMAN	1					
1015	0.72	0.72	7.51100033521652	1.47299999371171	1.47299999371171	bsub_c_1_18049	Bacillus subtilis str. 168 [585867 - 583831] glyS gene product	c_1_18049	1					
1016	0.72	0.72	10.5999998748302	4.59400005638599	4.59400005638599	belk2487_c_5_4044	Bradyrhizobium elkanii USDA 76 [1109893 - 1109045] (REVERSE SENSE) ORF	c_5_4044	1					
1017	0.72	0.72	31.5200001001358	9.78299975395203	9.78299975395203	smal_c_1_19526	Stenotrophomonas maltophilia R551-3 [3685073 - 3684798] hypothetical protein	c_1_19526	1					
1018	0.72	0.72	10.5800002813339	5.82000017166138	5.82000017166138	dot041_dsb3_c_19_27	Desulfobulbus sp. oral taxon 041 str. Dsb3 [5975 - 6541]  ORF	dsb3_c_19_27	1					
1019	0.72	0.72	35.4400008916855	13.9200001955032	13.9200001955032	bdim_c_10_259	Brevundimonas diminuta ATCC 11568 [658 - 422] hypothetical protein	c_10_259	1					
1020	0.72	0.72	12.5	12.5	12.5	ptan_c_3_399	Prevotella tannerae ATCC 51259 [169232 - 169519] hypothetical protein	c_3_399	1					
1021	0.72	0.72	18.4200003743172	18.4200003743172	18.4200003743172	ecol_c_1_22996	Escherichia coli BW2952 [418343 - 418116] hypothetical protein	c_1_22996	1					
1022	0.71	0.72	12.8600001335144	2.04099994152784	2.04099994152784	rcap_c_1_15864	Rhodobacter capsulatus SB 1003 [2417711 - 2416242] hypothetical protein	c_1_15864	1					
1023	0.71	0.72	85.7100009918213	57.1399986743927	0	ENST00000216252_1	[2 - 64] cdna:known chromosome:GRCh37:22:41855721:41864729:-1 gene:ENSG00000100410 gene_biotype:protein_coding transcript_biotype:protein_coding	1	0					
1024	0.71	0.72	3.80700007081032	3.80700007081032	3.80700007081032	tmed_c_2_991	Treponema medium ATCC 700293 [297804 - 296623] (REVERSE SENSE) ORF	c_2_991	1					
1025	0.71	0.72	16.2499994039536	16.2499994039536	16.2499994039536	ccurt_c_1_8194	Cryptobacterium curtum DSM 15641, ATCC 700683, 12-3T [500318 - 500079] hypothetical protein	c_1_8194	1					
1026	0.71	0.71	5.9409998357296	1.27999996766448	0	mot186_c_1_1513	Microbacterium sp. oral taxon 186 F0373 [488221 - 491502]  ORF	c_1_1513	0					
1027	0.71	0.71	15.4100000858307	2.67999991774559	0	scap_c_4_9	Staphylococcus caprae C87 [3340 - 5130] membrane protein	c_4_9	1					
1028	0.71	0.71	8.74700024724007	2.12799999862909	0	efae1080_c_1_1886	Enterococcus faecalis V583, ATCC 700802 [1421851 - 1423119]  ORF	c_1_1886	0					
1029	0.71	0.71	71.2100028991699	22.7300003170967	22.7300003170967	ENST00000368498_2	[70 - 267] cdna:known chromosome:GRCh37:6:117881432:117923527:-1 gene:ENSG00000047932 gene_biotype:protein_coding transcript_biotype:protein_coding	2	1					
1030	0.71	0.71	18.8700005412102	18.8700005412102	18.8700005412102	pstu_c_1_22622	Pseudomonas stutzeri A1501, CGMCC 0351 [2400013 - 2399855] hypothetical protein	c_1_22622	1					
1031	0.71	0.71	12.7900004386902	12.7900004386902	0	nwea_c_34_3	Neisseria weaveri ATCC 51223 [590 - 847]  ORF	c_34_3	1					
1032	0.7	0.71	7.86300003528595	1.70900002121925	0	sp|Q9BWN1|PRR14_HUMAN	Proline-rich protein 14 OS=Homo sapiens GN=PRR14 PE=1 SV=1	HUMAN	0					
1033	0.7	0.71	11.0100001096725	4.84599992632866	4.84599992632866	bsub_c_1_15874	Bacillus subtilis str. 168 [1698825 - 1697464] gamma-DL-glutamyl hydrolase (PGA depolymerase)	c_1_15874	1					
1034	0.7	0.71	11.5800000727177	7.36799985170364	0	vpara_c_1_29497	Variovorax paradoxus S110 [1606890 - 1606321] hypothetical protein	c_1_29497	0					
1035	0.7	0.7	23.9500001072884	3.1580001115799	0	sp|P50552|VASP_HUMAN	Vasodilator-stimulated phosphoprotein OS=Homo sapiens GN=VASP PE=1 SV=3	HUMAN	0					
1035	0	0.7	22.6400002837181	2.98500005155802	0	ENST00000245932_19	[291 - 1496] cdna:known chromosome:GRCh37:19:46010674:46030241:1 gene:ENSG00000125753 gene_biotype:protein_coding transcript_biotype:protein_coding	19	0					
1035	0	0.64	43.7200009822845	6.55699968338013	0	tr|K7EM16|K7EM16_HUMAN	Vasodilator-stimulated phosphoprotein (Fragment) OS=Homo sapiens GN=VASP PE=1 SV=1	HUMAN	0					
1036	0.7	0.7	12.7499997615814	2.01299991458654	0	esab_c_1_545	Eubacterium saburreum DSM 3986 [38353 - 37013] ATPase	c_1_545	0					
1037	0.7	0.7	28.4099996089935	11.3600000739098	0	aot848_c_9_243	Actinomyces sp. oral taxon 848 F0332 [70900 - 71163] hypothetical protein	c_9_243	0					
1038	0.7	0.7	12.83999979496	6.0809999704361	0	aot170_c_54_1	Actinomyces sp. oral taxon 170 F0386 [2 - 445] hypothetical protein	c_54_1	0					
1039	0.7	0.7	7.19799995422363	2.05700006335974	0	sp|Q9HC52|CBX8_HUMAN	Chromobox protein homolog 8 OS=Homo sapiens GN=CBX8 PE=1 SV=3	HUMAN	0					
1039	0	0.7	4.57100011408329	4.57100011408329	0	tr|C9JM54|C9JM54_HUMAN	Chromobox protein homolog 8 (Fragment) OS=Homo sapiens GN=CBX8 PE=1 SV=2	HUMAN	0					
1039	0	0.7	3.30599993467331	3.30599993467331	0	tr|C9J6K3|C9J6K3_HUMAN	Chromobox protein homolog 8 (Fragment) OS=Homo sapiens GN=CBX8 PE=1 SV=1	HUMAN	0					
1040	0.7	0.7	17.739999294281	17.739999294281	0	sdow_c_4_494	Streptococcus downei F0415 [186490 - 186305] hypothetical protein	c_4_494	0					
1041	0.7	0.7	2.54999995231628	2.54999995231628	2.54999995231628	ppis_c_27_44	Pyramidobacter piscolens W5455, DSM 21147, CCUG 55836, F0317 [13506 - 14564]  ORF	c_27_44	1					
1042	0.7	0.7	16.9200003147125	16.9200003147125	0	bsub_c_1_9195	Bacillus subtilis str. 168 [3884484 - 3884678] hypothetical protein	c_1_9195	0					
1043	0.7	0.7	33.3299994468689	33.3299994468689	0	ENST00000583473_20	[690 - 761] cdna:known chromosome:GRCh37:17:63133549:63154909:1 gene:ENSG00000108370 gene_biotype:protein_coding transcript_biotype:retained_intron	20	0					
1044	0.7	0.7	23.6800000071526	23.6800000071526	0	ENST00000344051_34	[2673 - 2786] cdna:known chromosome:GRCh37:15:41136216:41150405:1 gene:ENSG00000166145 gene_biotype:protein_coding transcript_biotype:protein_coding	34	0					
1045	0.69	1.91	14.360000193119	2.21999995410442	1.25700002536178	sp|P58107|EPIPL_HUMAN	Epiplakin OS=Homo sapiens GN=EPPK1 PE=1 SV=2	HUMAN	1					
1046	0.69	0.7	2.58699990808964	0.731199979782104	0	RRRRRsp|Q9Y238-3|DLEC1_HUMAN	REVERSED Isoform 3 of Deleted in lung and esophageal cancer protein 1 OS=Homo sapiens GN=DLEC1	HUMAN	0					
1047	0.69	0.7	24.7299998998642	13.9799997210503	0	ENST00000389279_3	[66 - 344] cdna:known chromosome:GRCh37:8:22462551:22477984:1 gene:ENSG00000158941 gene_biotype:protein_coding transcript_biotype:protein_coding	3	0					
1048	0.69	0.7	9.2229999601841	5.33999986946583	0	sp|Q9NP72|RAB18_HUMAN	Ras-related protein Rab-18 OS=Homo sapiens GN=RAB18 PE=1 SV=1	HUMAN	0					
1048	0	0.7	13.3799999952316	7.74599984288216	0	sp|Q9NP72-3|RAB18_HUMAN	Isoform 3 of Ras-related protein Rab-18 OS=Homo sapiens GN=RAB18	HUMAN	0					
1048	0	0.7	8.08499976992607	4.68100011348724	0	sp|Q9NP72-2|RAB18_HUMAN	Isoform 2 of Ras-related protein Rab-18 OS=Homo sapiens GN=RAB18	HUMAN	0					
1048	0	0.7	8.55899974703789	4.95500005781651	0	ENST00000356940_11	[55 - 720] cdna:known chromosome:GRCh37:10:27793197:27831143:1 gene:ENSG00000099246 gene_biotype:protein_coding transcript_biotype:protein_coding	11	0					
1048	0	0.7	6.83199986815453	6.83199986815453	0	tr|Q5W0J0|Q5W0J0_HUMAN	Ras-related protein Rab-18 OS=Homo sapiens GN=RAB18 PE=1 SV=1	HUMAN	0					
1049	0.69	0.7	16.9799998402596	9.43399965763092	9.43399965763092	sp|P47914|RL29_HUMAN	60S ribosomal protein L29 OS=Homo sapiens GN=RPL29 PE=1 SV=2	HUMAN	1					
1049	0	0.7	13.7799993157387	7.65300020575523	7.65300020575523	ENST00000495383_5	[3 - 590] cdna:known chromosome:GRCh37:3:52027645:52029860:-1 gene:ENSG00000162244 gene_biotype:protein_coding transcript_biotype:protein_coding	5	1					
1050	0.69	0.7	7.78400003910065	7.78400003910065	0	aoti_c_11_211	Alloiococcus otitis ATCC 51267 [34819 - 34319] (REVERSE SENSE) ORF	c_11_211	0					
1051	0.69	0.69	5.99999986588955	4.50000017881393	0	tr|B4DFL2|B4DFL2_HUMAN	Isocitrate dehydrogenase [NADP] OS=Homo sapiens GN=IDH2 PE=1 SV=1	NADP	0					
1051	0	0.69	5.31000010669231	3.98200005292892	0	sp|P48735|IDHP_HUMAN	Isocitrate dehydrogenase [NADP], mitochondrial OS=Homo sapiens GN=IDH2 PE=1 SV=2	HUMAN	0					
1052	0.69	0.69	4.21300008893013	1.11499996855855	0	cot329_c_57_89	Capnocytophaga sp. oral taxon 329 F0087 [34568 - 36988] efflux ABC transporter, permease protein	c_57_89	0					
1053	0.69	0.69	9.80399996042252	4.76199984550476	0	bfor_c_1_2421	Tannerella forsythia ATCC 43037 FDC 338 [CCUG 21028A, CCUG 33064] transposase	CCUG 21028A, CCUG 33064	0					
1054	0.68	0.69	21.2099999189377	11.1100003123283	0	not020_c_25_110	Neisseria sp. oral taxon 020 F0370 [11328 - 11032] (REVERSE SENSE) ORF	c_25_110	0					
1055	0.68	0.68	10.1899996399879	1.53999999165535	0	bcep_c_1_3335	Burkholderia cepacia GG4 [1100234 - 1104325]  ORF	c_1_3335	0					
1056	0.68	0.68	15.1999995112419	4.41199988126755	0	toti_c_22_132	Turicella otitidis ATCC 51513 [18734 - 18123] (REVERSE SENSE) ORF	c_22_132	0					
1057	0.68	0.68	28.1699985265732	11.2700000405312	0	mpne_c_1_1632	Mycoplasma pneumoniae M129, ATCC29342 [766823 - 766398] lipoprotein	c_1_1632	0					
1058	0.68	0.68	16.9400006532669	4.37199994921684	0	lmir_c_7_512	Lautropia mirabilis ATCC 51599 [133502 - 134050] lipoprotein	c_7_512	0					
1059	0.68	0.68	24.4699999690056	12.7700001001358	0	lpen_c_9_333	Lactobacillus pentosus KCA1 [36550 - 36269] (REVERSE SENSE) ORF	c_9_333	0					
1060	0.68	0.68	18.1799992918968	18.1799992918968	18.1799992918968	cval_c_5_118	Cardiobacterium valvarum F0432 [33488 - 33685] hypothetical protein	c_5_118	1					
1061	0.68	0.68	15.2199998497963	15.2199998497963	0	lfus_c_49_18	Lysinibacillus fusiformis ZC1 [703 - 428] hypothetical protein	c_49_18	0					
1062	0.68	0.68	5.09600006043911	5.09600006043911	0	kpne_c_1_11479	Klebsiella pneumoniae NTUH-K2044 [3960841 - 3961311] hypothetical protein	c_1_11479	0					
1063	0.68	0.68	28.2999992370605	28.2999992370605	28.2999992370605	bper_c_1_9153	Bordetella pertussis Tohama I ATCC BAA-589, NCTC-13251 [2895331 - 2895489] hypothetical protein	c_1_9153	1					
1064	0.68	0.68	6.4520001411438	6.4520001411438	0	belk_c_7_22	Bradyrhizobium elkanii 587 [7092 - 7556]  ORF	c_7_22	0					
1065	0.68	0.68	6.95699974894524	6.95699974894524	0	ENST00000551954_10	[195 - 539] cdna:known chromosome:GRCh37:12:56555565:56557280:1 gene:ENSG00000092841 gene_biotype:protein_coding transcript_biotype:processed_transcript	10	0					
1066	0.67	0.68	14.020000398159	14.020000398159	0	ENST00000361573_24	[1617 - 1937] cdna:known chromosome:GRCh37:20:48429418:48508779:1 gene:ENSG00000197818 gene_biotype:protein_coding transcript_biotype:protein_coding	24	0					
1067	0.67	0.68	34.6199989318848	34.6199989318848	0	ENST00000255078_30	[1791 - 1868] cdna:known chromosome:GRCh37:11:68671310:68708067:1 gene:ENSG00000132740 gene_biotype:protein_coding transcript_biotype:protein_coding	30	0					
1068	0.67	0.67	3.68000008165836	0.125700002536178	0	RRRRRtr|E9PEL9|E9PEL9_HUMAN	REVERSED Nesprin-1 OS=Homo sapiens GN=SYNE1 PE=1 SV=1	HUMAN	0					
1068	0	0.67	3.66000011563301	0.124999997206032	0	RRRRRsp|Q8NF91|SYNE1_HUMAN	REVERSED Nesprin-1 OS=Homo sapiens GN=SYNE1 PE=1 SV=4	HUMAN	0					
1068	0	0.67	3.68000008165836	0.125700002536178	0	RRRRRsp|Q8NF91-4|SYNE1_HUMAN	REVERSED Isoform 4 of Nesprin-1 OS=Homo sapiens GN=SYNE1	HUMAN	0					
1068	0	0.65	3.35399992763996	0.130799994803965	0	RRRRRtr|E7ENN3|E7ENN3_HUMAN	REVERSED Nesprin-1 OS=Homo sapiens GN=SYNE1 PE=1 SV=1	HUMAN	0					
1068	0	0.62	2.20999997109175	0.34250000026077	0	RRRRRsp|Q8NF91-8|SYNE1_HUMAN	REVERSED Isoform 8 of Nesprin-1 OS=Homo sapiens GN=SYNE1	HUMAN	0					
1068	0	0.62	2.13799998164177	0.331200007349253	0	RRRRRsp|Q8NF91-2|SYNE1_HUMAN	REVERSED Isoform 2 of Nesprin-1 OS=Homo sapiens GN=SYNE1	HUMAN	0					
1069	0.67	0.67	43.3099985122681	7.08699971437454	0	kden_c_1_878	Kingella denitrificans ATCC 33394 [243170 - 243550] hypothetical protein	c_1_878	0					
1070	0.67	0.67	20.0000002980232	5.23799993097782	0	tr|M0QYS1|M0QYS1_HUMAN	60S ribosomal protein L13a (Fragment) OS=Homo sapiens GN=RPL13A PE=1 SV=2	HUMAN	0					
1070	0	0.67	13.7899994850159	5.41899986565113	0	sp|P40429|RL13A_HUMAN	60S ribosomal protein L13a OS=Homo sapiens GN=RPL13A PE=1 SV=2	HUMAN	0					
1070	0	0.67	12.2800000011921	4.8250000923872	0	ENST00000391857_9	[2 - 685] cdna:known chromosome:GRCh37:19:49990811:49995565:1 gene:ENSG00000142541 gene_biotype:protein_coding transcript_biotype:protein_coding	9	0					
1070	0	0.65	21.5700000524521	10.7799999415874	0	sp|Q6NVV1|R13P3_HUMAN	Putative 60S ribosomal protein L13a protein RPL13AP3 OS=Homo sapiens GN=RPL13AP3 PE=5 SV=1	HUMAN	0					
1071	0.67	0.67	73.5300004482269	16.1799997091293	0	sspu_c_14_219	Selenomonas sputigena ATCC 35185 [65181 - 65384] hypothetical protein	c_14_219	0					
1072	0.67	0.67	10.6700003147125	3.35399992763996	0	bcep_c_1_4943	Burkholderia cepacia GG4 [1644804 - 1645787]  ORF	c_1_4943	0					
1073	0.67	0.67	3.51199992001057	1.47900003939867	0	belk_c_344_26	Bradyrhizobium elkanii 587 [5484 - 7106]  ORF	c_344_26	0					
1074	0.67	0.67	3.3440001308918	3.3440001308918	0	slon_c_1_1090	Stomatobaculum longum  [313210 - 314106]  ORF	c_1_1090	0					
1075	0.67	0.67	2.54200007766485	2.54200007766485	2.54200007766485	lgoo_c_26_8	Leptotrichia goodfellowii F0264 [6320 - 7381] undecaprenyldiphospho-muramoylpentapeptidesbeta-N-acetylglucosaminyltransferase	c_26_8	1					
1076	0.67	0.67	10.809999704361	10.809999704361	0	aori_c_21_32	Actinomyces oris K20 [10110 - 10331]  ORF	c_21_32	0					
1077	0.67	0.67	4.89099994301796	4.89099994301796	0	ENST00000447560_10	[308 - 859] cdna:pseudogene chromosome:GRCh37:2:108893268:108894398:1 gene:ENSG00000227597 gene_biotype:pseudogene transcript_biotype:processed_pseudogene	10	0					
1078	0.66	0.67	4.87499982118607	1.37499999254942	0	amas2385_c_6_95	Actinomyces massiliensis 4401292 [28250 - 30649]  ORF	c_6_95	0					
1079	0.66	0.67	13.7899994850159	13.7899994850159	0	oot078_c_1_703	Oribacterium sp. oral taxon 078 F0262 [237647 - 237820] hypothetical protein	c_1_703	0					
1080	0.66	0.66	27.2700011730194	8.48499983549118	0	cure_c_1_10783	Corynebacterium urealyticum DSM 7109 [1449528 - 1449034] hypothetical protein	c_1_10783	0					
1081	0.66	0.66	6.17799982428551	2.12399996817112	0	RRRRRvpara_c_1_21583	REVERSED Variovorax paradoxus S110 [4160422 - 4158869] aldehyde dehydrogenase (NAD(+))	c_1_21583	0					
1082	0.66	0.66	17.790000140667	4.90799993276596	0	toti_c_9_147	Turicella otitidis ATCC 51513 [55036 - 55524]  ORF	c_9_147	0					
1083	0.66	0.66	5.31900003552437	2.12799999862909	0	ppal_c_3_66	Prevotella pallens ATCC 700821 [29316 - 30443] internalin-like protein	c_3_66	0					
1084	0.66	0.66	47.2200006246567	30.5599987506866	0	ENST00000496152_2	[3 - 110] cdna:known chromosome:GRCh37:3:49059546:49060720:1 gene:ENSG00000178057 gene_biotype:protein_coding transcript_biotype:retained_intron	2	0					
1085	0.66	0.66	3.83000001311302	3.83000001311302	0	nsic_c_29_85	Neisseria sicca ATCC 29256 [28256 - 28960] ribosomal small subunit pseudouridine synthase A	c_29_85	0					
1086	0.66	0.66	12.1200002729893	12.1200002729893	0	lot082_c_15_178	Lachnospiraceae [G-1] hypothetical protein	G-1	0					
1087	0.66	0.66	3.82400006055832	3.82400006055832	0	fnuc420_c_21_23	Fusobacterium nucleatum subsp. animalis F0419 [1600 - 581] (REVERSE SENSE) ORF	c_21_23	0					
1088	0.66	0.66	23.0800002813339	23.0800002813339	23.0800002813339	ENST00000273067_43	[2721 - 2837] cdna:known chromosome:GRCh37:2:217122588:217236750:-1 gene:ENSG00000144583 gene_biotype:protein_coding transcript_biotype:protein_coding	43	1					
1089	0.65	0.67	4.5609999448061	0.0445699988631532	0.0445699988631532	sp|Q8WZ42-3|TITIN_HUMAN	Isoform 3 of Titin OS=Homo sapiens GN=TTN	HUMAN	1					
1089	0	0.66	4.5279998332262	0.0442499993368983	0.0442499993368983	sp|Q8WZ42-9|TITIN_HUMAN	Isoform 9 of Titin OS=Homo sapiens GN=TTN	HUMAN	1					
1089	0	0.66	4.54000011086464	0.0443600001744926	0.0443600001744926	sp|Q8WZ42-10|TITIN_HUMAN	Isoform 10 of Titin OS=Homo sapiens GN=TTN	HUMAN	1					
1089	0	0.5	4.14300002157688	0.0364700012141839	0.0364700012141839	sp|Q8WZ42-5|TITIN_HUMAN	Isoform 5 of Titin OS=Homo sapiens GN=TTN	HUMAN	1					
1089	0	0.49	4.27000001072884	0.0358999997843057	0.0358999997843057	sp|Q8WZ42-11|TITIN_HUMAN	Isoform 11 of Titin OS=Homo sapiens GN=TTN	HUMAN	1					
1089	0	0.48	4.24499996006489	0.0357000011717901	0.0357000011717901	sp|Q8WZ42-7|TITIN_HUMAN	Isoform 7 of Titin OS=Homo sapiens GN=TTN	HUMAN	1					
1089	0	0.48	4.26700003445148	0.0358799996320158	0.0358799996320158	sp|Q8WZ42-4|TITIN_HUMAN	Isoform 4 of Titin OS=Homo sapiens GN=TTN	HUMAN	1					
1089	0	0.47	4.19499985873699	0.0350299989804626	0.0350299989804626	sp|Q8WZ42-2|TITIN_HUMAN	Isoform 2 of Titin OS=Homo sapiens GN=TTN	HUMAN	1					
1089	0	0.46	4.21399995684624	0.0348000001395121	0.0348000001395121	sp|Q8WZ42-13|TITIN_HUMAN	Isoform 13 of Titin OS=Homo sapiens GN=TTN	HUMAN	1					
1089	0	0.46	4.18299995362759	0.0349300011293963	0.0349300011293963	sp|Q8WZ42|TITIN_HUMAN	Titin OS=Homo sapiens GN=TTN PE=1 SV=4	HUMAN	1					
1089	0	0.46	4.16800007224083	0.0348100002156571	0.0348100002156571	sp|Q8WZ42-8|TITIN_HUMAN	Isoform 8 of Titin OS=Homo sapiens GN=TTN	HUMAN	1					
1089	0	0.43	4.13700006902218	0.033340000663884	0.033340000663884	sp|Q8WZ42-12|TITIN_HUMAN	Isoform 12 of Titin OS=Homo sapiens GN=TTN	HUMAN	1					
1090	0.65	0.66	5.88800013065338	1.21799996122718	0	vpara_c_1_9510	Variovorax paradoxus S110 [3109530 - 3112484] predicted protein	c_1_9510	0					
1091	0.65	0.66	18.639999628067	18.639999628067	0	aot181_c_1_1121	Actinomyces sp. oral taxon 181 F0379 [355391 - 355567]  ORF	c_1_1121	0					
1092	0.65	0.65	7.95300006866455	1.05299996212125	0	lmir_c_6_552	Lautropia mirabilis ATCC 51599 [144911 - 147475] hypothetical protein	c_6_552	0					
1093	0.65	0.65	15.9199997782707	3.97999994456768	0	sp|P02763|A1AG1_HUMAN	Alpha-1-acid glycoprotein 1 OS=Homo sapiens GN=ORM1 PE=1 SV=1	HUMAN	0					
1093	0	0.62	8.45799967646599	3.97999994456768	0	sp|P19652|A1AG2_HUMAN	Alpha-1-acid glycoprotein 2 OS=Homo sapiens GN=ORM2 PE=1 SV=2	HUMAN	0					
1093	0	0.62	6.20200000703335	6.20200000703335	0	ENST00000538816_14	[498 - 884] cdna:known chromosome:GRCh37:9:117085377:117086584:1 gene:ENSG00000229314 gene_biotype:protein_coding transcript_biotype:protein_coding	14	0					
1094	0.65	0.65	40.4799997806549	10.7100002467632	0	aot170_c_44_67	Actinomyces sp. oral taxon 170 F0386 [12751 - 12500] conserved domain protein	c_44_67	0					
1095	0.65	0.65	3.55199985206127	1.503000035882	0	ENST00000366645_35	[87 - 2282] cdna:known chromosome:GRCh37:1:231468499:231473598:-1 gene:ENSG00000116903 gene_biotype:protein_coding transcript_biotype:protein_coding	35	0					
1095	0	0.63	1.51699995622039	1.51699995622039	0	sp|Q8IYI6|EXOC8_HUMAN	Exocyst complex component 8 OS=Homo sapiens GN=EXOC8 PE=1 SV=2	HUMAN	0					
1096	0.65	0.65	8.16299989819527	8.16299989819527	0	toti_c_28_16	Turicella otitidis ATCC 51513 [4027 - 4320]  ORF	c_28_16	0					
1097	0.65	0.65	14.2900004982948	14.2900004982948	0	smal_c_1_18714	Stenotrophomonas maltophilia R551-3 [3909238 - 3909050] hypothetical protein	c_1_18714	0					
1098	0.65	0.65	11.8400000035763	11.8400000035763	0	pflu1300_c_1_33606	Pseudomonas fluorescens Pf-5 [3906602 - 3906375] (REVERSE SENSE)  ORF	c_1_33606	0					
1099	0.64	0.65	8.97800028324127	3.59099991619587	3.59099991619587	einf1695_c_4_142	Eubacterium infirmum F0142 [82682 - 84853]  ORF	c_4_142	1					
1100	0.64	0.65	6.01800009608269	1.23699996620417	0	mcat_c_1_574	Moraxella catarrhalis  [289076 - 292714] smc gene product	c_1_574	0					
1101	0.64	0.65	3.68999987840652	1.6669999808073	1.6669999808073	pot786_c_35_202	Paenibacillus sp. oral taxon 786 D14 [4061 - 1542] DNA gyrase, A subunit	c_35_202	1					
1102	0.64	0.65	18.3300003409386	8.33299979567528	0	ctes_c_1_9813	Comamonas testosteroni KF-1 [2724049 - 2724408] hypothetical protein	c_1_9813	0					
1103	0.64	0.64	29.6000003814697	3.59999984502792	0	lot107_c_4_384	Lachnospiraceae bacterium Oral taxon 107 F0167 [87389 - 86640] ABC transporter, ATP-binding protein	c_4_384	0					
1104	0.64	0.64	7.26900026202202	2.35799998044968	0	ppro_c_1_15535	Propionibacterium propionicum F0230a [2156800 - 2155274] (REVERSE SENSE)  ORF	c_1_15535	0					
1105	0.64	0.64	8.92900004982948	3.86900007724762	3.86900007724762	ENST00000412845_45	[1620 - 2627] cdna:pseudogene chromosome:GRCh37:1:117282603:117285231:-1 gene:ENSG00000223489 gene_biotype:pseudogene transcript_biotype:processed_pseudogene	45	1					
1106	0.64	0.64	10.8199998736382	7.35900029540062	0	saur_c_45_10	Staphylococcus aureus subsp. aureus WW2703/97 [10249 - 10941] HAD-superfamily hydrolase	c_45_10	0					
1107	0.64	0.64	4.61499989032745	4.61499989032745	0	sp|P14550|AK1A1_HUMAN	Alcohol dehydrogenase [NADP(+)] OS=Homo sapiens GN=AKR1A1 PE=1 SV=3	HUMAN	0					
1107	0	0.64	4.24900017678738	4.24900017678738	0	ENST00000351829_18	[12 - 1070] cdna:known chromosome:GRCh37:1:46016739:46035721:1 gene:ENSG00000117448 gene_biotype:protein_coding transcript_biotype:protein_coding	18	0					
1108	0.64	0.64	13.4299993515015	13.4299993515015	0	mot186_c_9_5	Microbacterium sp. oral taxon 186 F0373 [1062 - 1262]  ORF	c_9_5	0					
1109	0.64	0.64	10.3799998760223	10.3799998760223	0	atum_c_2_10778	Agrobacterium tumefaciens str. C58, ATCC 33970 [1122697 - 1122380] hypothetical protein	c_2_10778	0					
1110	0.64	0.64	7.19999969005585	7.19999969005585	0	RRRRRtr|J3KQW0|J3KQW0_HUMAN	REVERSED Peripheral myelin protein 22 OS=Homo sapiens GN=PMP22 PE=4 SV=1	HUMAN	0					
1111	0.64	0.64	25.7099986076355	25.7099986076355	0	ENST00000451915_9	[227 - 331] cdna:known chromosome:GRCh37:20:54961393:54967258:-1 gene:ENSG00000087586 gene_biotype:protein_coding transcript_biotype:protein_coding	9	0					
1112	0.63	0.64	3.08299995958805	1.4750000089407	0	vpardsm_c_1_4533	Veillonella parvula Te3, DSM 2008, ATCC 10790, JCM 1297 [1159794 - 1157557] ATP-dependent DNA helicase PcrA	c_1_4533	0					
1113	0.63	0.64	2.77800001204014	1.72000005841255	1.72000005841255	pmac2508_c_13_60	Prevotella maculosa DSM 19339 [26943 - 29210]  ORF	c_13_60	1					
1114	0.63	0.64	6.14000000059605	2.33900006860495	0	fnuc420_c_2_193	Fusobacterium nucleatum subsp. animalis F0419 [199567 - 200592]  ORF	c_2_193	0					
1115	0.63	0.64	12.5	12.5	0	ctes_c_1_35925	Comamonas testosteroni KF-1 [2016081 - 2015746] hypothetical protein	c_1_35925	0					
1116	0.63	0.63	34.8199993371964	10.7100002467632	0	bdim_c_251_11	Brevundimonas diminuta ATCC 11568 [1512 - 1177] hypothetical protein	c_251_11	0					
1117	0.63	0.63	17.6599994301796	2.55299992859364	0	tr|H0Y4R1|H0Y4R1_HUMAN	Inosine-5'-monophosphate dehydrogenase 2 (Fragment) OS=Homo sapiens GN=IMPDH2 PE=1 SV=1	HUMAN	0					
1117	0	0.63	16.1500006914139	2.33500003814697	0	sp|P12268|IMDH2_HUMAN	Inosine-5'-monophosphate dehydrogenase 2 OS=Homo sapiens GN=IMPDH2 PE=1 SV=2	HUMAN	0					
1117	0	0.63	15.7499998807907	2.27700006216764	0	ENST00000326739_29	[2 - 1582] cdna:known chromosome:GRCh37:3:49061758:49066823:-1 gene:ENSG00000178035 gene_biotype:protein_coding transcript_biotype:protein_coding	29	0					
1118	0.63	0.63	14.020000398159	14.020000398159	0	not020_c_55_88	Neisseria sp. oral taxon 020 F0370 [2596 - 2276] (REVERSE SENSE) ORF	c_55_88	0					
1119	0.63	0.63	24.1899996995926	16.1300003528595	0	nelo_c_1_1004	Neisseria elongata ATCC 29315 [104347 - 104162] hypothetical protein	c_1_1004	0					
1120	0.63	0.63	30.7700008153915	30.7700008153915	0	jant1_c_35_18	Jonquetella anthropi E3_33 E1 [330 - 175] (REVERSE SENSE) ORF	c_35_18	0					
1121	0.63	0.63	5.33300004899502	2.66699995845556	0	bper_c_1_17360	Bordetella pertussis Tohama I ATCC BAA-589, NCTC-13251 [2703260 - 2701911] hypothetical protein	c_1_17360	0					
1122	0.63	0.63	4.52600009739399	2.15499997138977	2.15499997138977	RRRRRsp|P04424|ARLY_HUMAN	REVERSED Argininosuccinate lyase OS=Homo sapiens GN=ASL PE=1 SV=4	HUMAN	1					
1122	0	0.63	4.79499995708466	2.28300001472235	2.28300001472235	RRRRRsp|P04424-3|ARLY_HUMAN	REVERSED Isoform 3 of Argininosuccinate lyase OS=Homo sapiens GN=ASL	HUMAN	1					
1122	0	0.63	4.72999997437	2.2520000115037	2.2520000115037	RRRRRsp|P04424-2|ARLY_HUMAN	REVERSED Isoform 2 of Argininosuccinate lyase OS=Homo sapiens GN=ASL	HUMAN	1					
1122	0	0.63	3.41299995779991	3.41299995779991	3.41299995779991	RRRRRtr|H7C0S8|H7C0S8_HUMAN	REVERSED Uncharacterized protein (Fragment) OS=Homo sapiens PE=4 SV=1	HUMAN	1					
1122	0	0.63	4.13199998438358	4.13199998438358	4.13199998438358	RRRRRtr|F8W943|F8W943_HUMAN	REVERSED Argininosuccinate lyase (Fragment) OS=Homo sapiens GN=ASL PE=1 SV=1	HUMAN	1					
1123	0.63	0.63	100	100	0	ENST00000254037_56	[2273 - 2314] cdna:known chromosome:GRCh37:5:80597422:80609116:1 gene:ENSG00000131732 gene_biotype:protein_coding transcript_biotype:protein_coding	56	0					
1124	0.63	0.63	45.1599985361099	45.1599985361099	0	ENST00000012443_5	[180 - 272] cdna:known chromosome:GRCh37:19:46850251:46894109:1 gene:ENSG00000011485 gene_biotype:protein_coding transcript_biotype:protein_coding	5	0					
1125	0.62	0.63	8.72099995613098	5.23299984633923	5.23299984633923	pmac_c_2_269	Prevotella maculosa OT 289 [116372 - 116887] ATP synthase F0, B subunit	c_2_269	1					
1126	0.62	0.62	6.29599988460541	0.92780003324151	0	ENST00000315596_75	[1 - 4527] cdna:known chromosome:GRCh37:13:33160564:33352157:1 gene:ENSG00000083642 gene_biotype:protein_coding transcript_biotype:protein_coding	75	0					
1127	0.62	0.62	16.2900000810623	2.23200004547834	0	bcep_c_1_7568	Burkholderia cepacia GG4 [2491967 - 2493310]  ORF	c_1_7568	0					
1128	0.62	0.62	20.160000026226	4.34800013899803	0	rcap_c_1_18828	Rhodobacter capsulatus SB 1003 [1479696 - 1478938] hypothetical protein	c_1_18828	0					
1129	0.62	0.62	8.43899995088577	0.703199999406934	0	lmir_c_15_93	Lautropia mirabilis ATCC 51599 [21474 - 25739] hypothetical protein	c_15_93	0					
1130	0.62	0.62	3.40900011360645	2.10999995470047	0	sp|Q9H0L4|CSTFT_HUMAN	Cleavage stimulation factor subunit 2 tau variant OS=Homo sapiens GN=CSTF2T PE=1 SV=1	HUMAN	0					
1131	0.62	0.62	36.2100005149841	10.3399999439716	0	pmir1289_c_1_8411	Proteus mirabilis HI4320 [1785152 - 1784805] (REVERSE SENSE)  ORF	c_1_8411	0					
1132	0.62	0.62	26.230001449585	26.230001449585	0	pstu_c_1_25107	Pseudomonas stutzeri A1501, CGMCC 0351 [1675908 - 1675726] hypothetical protein	c_1_25107	0					
1133	0.62	0.62	14.5199999213219	14.5199999213219	0	pmic_F0438_c_34_3	Prevotella micans F0438 [917 - 1102] hypothetical protein	F0438_c_34_3	0					
1134	0.62	0.62	11.540000140667	11.540000140667	0	jant_c_2_609	Jonquetella anthropi DSM 22815 [184406 - 184639]  ORF	c_2_609	0					
1135	0.62	0.62	10.3100001811981	10.3100001811981	0	ENST00000567207_4	[81 - 371] cdna:known chromosome:GRCh37:16:90160431:90162566:1 gene:ENSG00000261812 gene_biotype:polymorphic_pseudogene transcript_biotype:processed_transcript	4	0					
1136	0.61	0.62	2.27700006216764	2.27700006216764	0	agra_c_7_309	Actinomyces graevenitzii C83 [112026 - 113474] sensor histidine kinase	c_7_309	0					
1137	0.61	0.61	49.439999461174	11.2400002777576	0	synsp_sgp_c_1_10666	Synergistetes sp. SGP1 [1601903 - 1601637] (REVERSE SENSE)  ORF	sgp_c_1_10666	0					
1138	0.61	0.61	4.60299998521805	3.34700010716915	0	mot186_c_2_2292	Microbacterium sp. oral taxon 186 F0373 [536146 - 535430] (REVERSE SENSE) ORF	c_2_2292	0					
1139	0.61	0.61	13.510000705719	4.5049998909235	0	dinv_c_1_8794	Dialister invisus DSM 15470 [651628 - 650963] hypothetical protein	c_1_8794	0					
1140	0.61	0.61	11.9000002741814	5.35699985921383	0	NCBIABEE_c_1_289	Parvimonas micra ATCC 33270 [249613 - 250116] conserved domain protein	c_1_289	0					
1141	0.61	0.61	8.97400006651878	4.16699983179569	0	NCBIAAYI_c_1_6290	Actinomyces odontolyticus DSM 43331, ATCC 17982 [1892948 - 1893883]  ORF	c_1_6290	0					
1142	0.61	0.61	24.5299994945526	24.5299994945526	0	nbac_c_15_10	Neisseria bacilliformis ATCC BAA-1200 [6108 - 6266] hypothetical protein	c_15_10	0					
1143	0.61	0.61	2.89900004863739	2.89900004863739	0	abau_c_1_10076	Acinetobacter baumannii AB0057 [946484 - 944622] DNA primase	c_1_10076	0					
1144	0.6	0.6	22.3800003528595	4.19600009918213	0	vpara_c_1_11459	Variovorax paradoxus S110 [3751186 - 3752043] hypothetical protein	c_1_11459	0					
1145	0.6	0.6	13.8199999928474	2.10500005632639	0	not014_c_11_114	Neisseria sp. oral taxon 014 F0314 [38325 - 40604] gp2.52	c_11_114	0					
1146	0.6	0.6	10.8300000429153	2.30400003492832	0	sp|Q86UY5|FA83A_HUMAN	Protein FAM83A OS=Homo sapiens GN=FAM83A PE=1 SV=1	HUMAN	0					
1146	0	0.6	12.8099992871284	2.72499993443489	0	sp|Q86UY5-3|FA83A_HUMAN	Isoform 3 of Protein FAM83A OS=Homo sapiens GN=FAM83A	HUMAN	0					
1146	0	0.6	15.9899994730949	3.40100005269051	0	sp|Q86UY5-2|FA83A_HUMAN	Isoform 2 of Protein FAM83A OS=Homo sapiens GN=FAM83A	HUMAN	0					
1147	0.6	0.6	37.3499989509583	16.8699994683266	0	sot149_c_2_905	Selenomonas sp. oral taxon 149 str. 67H29BP [34426 - 34178] hypothetical protein	c_2_905	0					
1148	0.6	0.6	5.10200001299381	5.10200001299381	0	ctes_c_1_16701	Comamonas testosteroni KF-1 [4603546 - 4604133] hypothetical protein	c_1_16701	0					
1149	0.6	0.6	9.80399996042252	9.80399996042252	0	lmon_c_1_109	Listeria monocytogenes Clip81459 [77579 - 77884] Prefoldin subunit alpha	c_1_109	0					
1150	0.6	0.6	3.51199992001057	3.51199992001057	3.51199992001057	lmir_c_8_437	Lautropia mirabilis ATCC 51599 [122139 - 123761] hypothetical protein	c_8_437	1					
1151	0.6	0.6	15.5799999833107	15.5799999833107	0	bsub_c_1_9710	Bacillus subtilis str. 168 [4022169 - 4021939] hypothetical protein	c_1_9710	0					
1152	0.6	0.6	32.4999988079071	32.4999988079071	0	ENST00000341418_9	[903 - 1022] cdna:known chromosome:GRCh37:15:68112042:68126899:1 gene:ENSG00000188779 gene_biotype:protein_coding transcript_biotype:protein_coding	9	0					
1153	0.59	0.6	15.7900005578995	15.7900005578995	0	ENST00000373548_2	[2 - 172] cdna:known chromosome:GRCh37:1:32757687:32799236:1 gene:ENSG00000116478 gene_biotype:protein_coding transcript_biotype:protein_coding	2	0					
1154	0.59	0.59	14.7900000214577	4.93000000715256	0	elen_c_1_6588	Eggerthella lenta VPI 0255, DSM 2243 [2060283 - 2061134] hypothetical protein	c_1_6588	0					
1155	0.59	0.59	5.20000010728836	2.40000002086163	0	RRRRRsp|Q8N142-2|PURA1_HUMAN	REVERSED Isoform 2 of Adenylosuccinate synthetase isozyme 1 OS=Homo sapiens GN=ADSSL1	HUMAN	0					
1155	0	0.59	19.0500006079674	19.0500006079674	0	RRRRRtr|G3V5D8|G3V5D8_HUMAN	REVERSED Adenylosuccinate synthetase isozyme 1 OS=Homo sapiens GN=ADSSL1 PE=4 SV=1	HUMAN	0					
1155	0	0.59	16.2200003862381	16.2200003862381	0	RRRRRtr|G3V232|G3V232_HUMAN	REVERSED Adenylosuccinate synthetase isozyme 1 OS=Homo sapiens GN=ADSSL1 PE=4 SV=1	HUMAN	0					
1155	0	0.59	2.62599997222424	2.62599997222424	0	RRRRRsp|Q8N142|PURA1_HUMAN	REVERSED Adenylosuccinate synthetase isozyme 1 OS=Homo sapiens GN=ADSSL1 PE=2 SV=1	HUMAN	0					
1156	0.59	0.59	20.9000006318092	20.9000006318092	0	sart_c_12_157	Selenomonas artemidis F0399 [46757 - 46957] hypothetical protein	c_12_157	0					
1157	0.59	0.59	5.55600002408028	5.55600002408028	5.55600002408028	oot078_c_1_2768	Oribacterium sp. oral taxon 078 F0262 [141640 - 141209] hypothetical protein	c_1_2768	1					
1158	0.59	0.59	4.96900007128716	4.96900007128716	0	bant_c_1_3631	Bacillus anthracis A0248 [2755018 - 2755500] hypothetical protein	c_1_3631	0					
1159	0.58	0.59	7.62699991464615	7.62699991464615	0	tsoc_c_3_1145	Treponema socranskii subsp. paredis ATCC 35535 [367929 - 368282]  ORF	c_3_1145	0					
1160	0.58	0.58	18.2500004768372	1.96800008416176	0	sp|Q5QP82|DCA10_HUMAN	DDB1- and CUL4-associated factor 10 OS=Homo sapiens GN=DCAF10 PE=1 SV=1	HUMAN	0					
1160	0	0.58	14.3700003623962	2.10699997842312	0	sp|Q5QP82-2|DCA10_HUMAN	Isoform 2 of DDB1- and CUL4-associated factor 10 OS=Homo sapiens GN=DCAF10	HUMAN	0					
1161	0.58	0.58	5.19200004637241	0.752400001510978	0	snox_c_11_60	Selenomonas noxia ATCC 43541 [16397 - 20383] predicted protein	c_11_60	0					
1162	0.58	0.58	10.6899999082088	2.2409999743104	0	ENST00000221922_19	[76 - 1815] cdna:known chromosome:GRCh37:19:47759716:47775210:1 gene:ENSG00000105321 gene_biotype:protein_coding transcript_biotype:protein_coding	19	0					
1163	0.58	0.58	3.0629999935627	1.08099998906255	0	pot786_c_173_24	Paenibacillus sp. oral taxon 786 D14 [4602 - 7931] DNA polymerase III	c_173_24	0					
1164	0.58	0.58	10.080000013113	3.35900001227856	0	kpne_c_1_8639	Klebsiella pneumoniae NTUH-K2044 [2994518 - 2995678] hypothetical protein	c_1_8639	0					
1165	0.58	0.58	63.9999985694885	36.0000014305115	0	ENST00000359450_67	[3064 - 3138] cdna:known chromosome:GRCh37:17:27400539:27405875:-1 gene:ENSG00000221995 gene_biotype:protein_coding transcript_biotype:protein_coding	67	0					
1166	0.58	0.58	6.33300021290779	5.66699989140034	0	ppse_c_10_1013	Pseudomonas pseudoalcaligenes KF707 [10547 - 9648] (REVERSE SENSE) ORF	c_10_1013	0					
1167	0.58	0.58	9.1789998114109	5.31399995088577	0	hpyl_c_1_523	Helicobacter pylori B38 [369876 - 370496] predicted coding region HP1081	c_1_523	0					
1168	0.58	0.58	14.7499993443489	6.55699968338013	0	aot175_c_2_201	Actinomyces sp. oral taxon 175 F0384 [65296 - 65661] hypothetical protein	c_2_201	0					
1169	0.58	0.58	17.8599998354912	17.8599998354912	0	mtub_c_1_32287	Mycobacterium tuberculosis CDC1551 [82276 - 82109] hypothetical protein	c_1_32287	0					
1170	0.58	0.58	10.0900001823902	10.0900001823902	0	mlot_c_1_44367	Mesorhizobium loti MAFF303099 [2065462 - 2065136] hypothetical protein	c_1_44367	0					
1171	0.58	0.58	2.65800002962351	2.65800002962351	0	lcri_c_1_1294	Lactobacillus crispatus ST1 [972114 - 973580] 2-oxoglutarate/malate translocator	c_1_1294	0					
1172	0.58	0.58	15.1299998164177	15.1299998164177	15.1299998164177	bcep_c_2_11289	Burkholderia cepacia GG4 [2442506 - 2442150] (REVERSE SENSE)  ORF	c_2_11289	1					
1173	0.58	0.58	3.70399989187717	3.70399989187717	0	aot199_c_1_5779	Atopobium sp. oral taxon 199 F0494 [768486 - 767839] (REVERSE SENSE) ORF	c_1_5779	0					
1174	0.58	0.58	4.5269999653101	4.5269999653101	0	ENST00000391865_11	[1 - 729] cdna:known chromosome:GRCh37:1:228327929:228336656:1 gene:ENSG00000143774 gene_biotype:protein_coding transcript_biotype:protein_coding	11	0					
1175	0.57	0.57	6.30299970507622	1.17600001394749	0	raer_c_12_231	Rothia aeria F0474 [33402 - 29833] (REVERSE SENSE) ORF	c_12_231	0					
1176	0.57	0.57	20.9099993109703	3.83299998939037	0	hot851_c_16_46	Haemophilus sp. oral taxon 851 F0397 [28898 - 29758] UPF0701 protein	c_16_46	0					
1177	0.57	0.57	4.15499992668629	1.43299996852875	0	pgin_c_1_1049	Porphyromonas gingivalis W83 [382485 - 384578] ATP-dependent DNA helicase RecG	c_1_1049	0					
1178	0.57	0.57	67.6100015640259	14.0799999237061	0	NCBIABWK_c_10_36	Mitsuokella multacida A 405-1, DSM 20544, ATCC 27723, NCTC 10 [11158 - 11370] hypothetical protein	c_10_36	0					
1179	0.57	0.57	6.7110002040863	6.7110002040863	0	ypes1054_c_1_20457	Yersinia pestis Antiqua JGI [156893 - 156447] (REVERSE SENSE)  ORF	c_1_20457	0					
1180	0.57	0.57	14.2900004982948	14.2900004982948	0	ssat_c_5_670	Shuttleworthia satelles DSM 14600 BAA-774 CCUG 45864 [12075 - 11908] hypothetical protein	c_5_670	0					
1181	0.57	0.57	4.91200014948845	4.91200014948845	0	saga_c_1_3295	Streptococcus agalactiae NEM316 [1715188 - 1714334] amino acid ABC transporter substrate-binding protein	c_1_3295	0					
1182	0.57	0.57	6.86699971556664	6.86699971556664	0	lsal_c_1_2791	Lactobacillus salivarius UCC118 [1219568 - 1218870] alkaline phosphatase synthesis transcriptional regulatory proteinsPhoP	c_1_2791	0					
1183	0.57	0.57	7.58600011467934	7.58600011467934	0	ccurt_c_1_1468	Cryptobacterium curtum DSM 15641, ATCC 700683, 12-3T [547515 - 547949] hypothetical protein	c_1_1468	0					
1184	0.57	0.57	3.83000001311302	3.83000001311302	3.83000001311302	amas2385_c_25_20	Actinomyces massiliensis 4401292 [5907 - 6611]  ORF	c_25_20	1					
1185	0.56	0.57	14.7499993443489	14.7499993443489	0	cure_c_1_12152	Corynebacterium urealyticum DSM 7109 [1047758 - 1047576] hypothetical protein	c_1_12152	0					
1186	0.56	0.56	11.2400002777576	6.08900003135204	0	ENST00000221138_19	[98 - 1378] cdna:known chromosome:GRCh37:8:30643126:30670388:-1 gene:ENSG00000104695 gene_biotype:protein_coding transcript_biotype:protein_coding	19	0					
1186	0	0.56	12.6200005412102	8.41400027275085	0	sp|P67775|PP2AA_HUMAN	Serine/threonine-protein phosphatase 2A catalytic subunit alpha isoform OS=Homo sapiens GN=PPP2CA PE=1 SV=1	HUMAN	0					
1186	0	0.56	15.2899995446205	10.1999998092651	0	sp|P67775-2|PP2AA_HUMAN	Isoform 2 of Serine/threonine-protein phosphatase 2A catalytic subunit alpha isoform OS=Homo sapiens GN=PPP2CA	HUMAN	0					
1186	0	0.56	12.6200005412102	8.41400027275085	0	sp|P62714|PP2AB_HUMAN	Serine/threonine-protein phosphatase 2A catalytic subunit beta isoform OS=Homo sapiens GN=PPP2CB PE=1 SV=1	HUMAN	0					
1187	0.56	0.56	17.8100004792213	5.47900013625622	0	sp|P12273|PIP_HUMAN	Prolactin-inducible protein OS=Homo sapiens GN=PIP PE=1 SV=1	HUMAN	0					
1187	0	0.56	16.3499996066093	5.03100007772446	0	ENST00000291009_8	[2 - 478] cdna:known chromosome:GRCh37:7:142829170:142836839:1 gene:ENSG00000159763 gene_biotype:protein_coding transcript_biotype:protein_coding	8	0					
1188	0.56	0.56	10.1499997079372	4.92299981415272	4.92299981415272	rmuc_c_1_2607	Rothia mucilaginosa ATCC 25296 [199455 - 198481] thymidylate synthase	c_1_2607	1					
1189	0.56	0.56	32.8799992799759	12.33000010252	12.33000010252	ppis_c_19_131	Pyramidobacter piscolens W5455, DSM 21147, CCUG 55836, F0317 [38684 - 38902]  ORF	c_19_131	1					
1190	0.56	0.56	11.0200002789497	6.5310001373291	0	ctes_c_1_15383	Comamonas testosteroni KF-1 [4226100 - 4226834] hypothetical protein	c_1_15383	0					
1191	0.56	0.56	12.5699996948242	6.55699968338013	0	bdim_c_3_146	Brevundimonas diminuta ATCC 11568 [37915 - 38463] hypothetical protein	c_3_146	0					
1192	0.56	0.56	8.43399986624718	8.43399986624718	0	smal1329_c_1_29301	Stenotrophomonas maltophilia K279a [1450344 - 1449847] (REVERSE SENSE)  ORF	c_1_29301	0					
1193	0.56	0.56	12.16000020504	12.16000020504	12.16000020504	pflu_c_1_1429	Pseudomonas fluorescens Pf0-1 [454648 - 454869] hypothetical protein	c_1_1429	1					
1194	0.56	0.56	5.97000010311604	5.97000010311604	0	ehor_c_13_343	Enterobacter hormaechei ATCC 49162 [99293 - 98892] hypothetical protein	c_13_343	0					
1195	0.56	0.56	2.10800003260374	2.10800003260374	0	cot326_c_52_58	Capnocytophaga sp. oral taxon 326 F0382 [12754 - 11474] (REVERSE SENSE) ORF	c_52_58	0					
1196	0.56	0.56	16.2799999117851	16.2799999117851	0	anae_c_1_7180	Actinomyces naeslundii MG1 [2141252 - 2141509] hypothetical protein	c_1_7180	0					
1197	0.56	0.56	11.9400002062321	11.9400002062321	0	anae_c_1_11766	Actinomyces naeslundii MG1 [2558232 - 2558032] hypothetical protein	c_1_11766	0					
1198	0.56	0.56	26.0899990797043	26.0899990797043	0	ENST00000591961_46	[1965 - 2102] cdna:known chromosome:GRCh37:16:5083703:5094000:1 gene:ENSG00000033011 gene_biotype:protein_coding transcript_biotype:retained_intron	46	0					
1199	0.55	0.56	14.4600003957748	14.4600003957748	0	mlot_c_1_25885	Mesorhizobium loti MAFF303099 [6999096 - 6999344] hypothetical protein	c_1_25885	0					
1200	0.55	0.56	1.83099992573261	1.83099992573261	0	gele_c_17_15	Granulicatella elegans ATCC 700633 [15748 - 17058] serine protease DO	c_17_15	0					
1201	0.55	0.56	29.2699992656708	29.2699992656708	0	ENST00000591655_6	[141 - 263] cdna:known chromosome:GRCh37:HG311_PATCH:118380352:118404649:1 gene:ENSG00000266200 gene_biotype:polymorphic_pseudogene transcript_biotype:nonsense_mediated_decay	6	0					
1202	0.55	0.55	8.29100012779236	1.65800005197525	0	sp|Q32MZ4-2|LRRF1_HUMAN	Isoform 2 of Leucine-rich repeat flightless-interacting protein 1 OS=Homo sapiens GN=LRRFIP1	HUMAN	0					
1202	0	0.55	6.5590001642704	1.60900000482798	0	sp|Q32MZ4|LRRF1_HUMAN	Leucine-rich repeat flightless-interacting protein 1 OS=Homo sapiens GN=LRRFIP1 PE=1 SV=2	HUMAN	0					
1202	0	0.55	6.25699982047081	1.53500000014901	0	ENST00000392000_38	[1 - 2541] cdna:known chromosome:GRCh37:2:238600982:238673604:1 gene:ENSG00000124831 gene_biotype:protein_coding transcript_biotype:protein_coding	38	0					
1202	0	0.51	6.91500008106232	1.72899998724461	0	sp|Q32MZ4-3|LRRF1_HUMAN	Isoform 3 of Leucine-rich repeat flightless-interacting protein 1 OS=Homo sapiens GN=LRRFIP1	HUMAN	0					
1203	0.55	0.55	5.84999993443489	2.04099994152784	0	bcla_c_1_3391	Bacillus clausii KSM-K16 [1691036 - 1693240] GTP pyrophosphokinase	c_1_3391	0					
1204	0.55	0.55	8.09099972248077	2.28199996054173	0	tr|F8WA56|F8WA56_HUMAN	Abl interactor 1 OS=Homo sapiens GN=ABI1 PE=1 SV=1	HUMAN	0					
1204	0	0.55	7.66199976205826	2.16099992394447	0	tr|A6NFN2|A6NFN2_HUMAN	Abl interactor 1 OS=Homo sapiens GN=ABI1 PE=1 SV=2	HUMAN	0					
1204	0	0.55	7.67700001597404	2.16499995440245	0	sp|Q8IZP0|ABI1_HUMAN	Abl interactor 1 OS=Homo sapiens GN=ABI1 PE=1 SV=4	HUMAN	0					
1204	0	0.55	8.10799971222878	2.28700004518032	0	sp|Q8IZP0-9|ABI1_HUMAN	Isoform 9 of Abl interactor 1 OS=Homo sapiens GN=ABI1	HUMAN	0					
1204	0	0.55	8.12499970197678	2.2919999435544	0	sp|Q8IZP0-6|ABI1_HUMAN	Isoform 6 of Abl interactor 1 OS=Homo sapiens GN=ABI1	HUMAN	0					
1204	0	0.55	8.19299966096878	2.31100004166365	0	sp|Q8IZP0-5|ABI1_HUMAN	Isoform 5 of Abl interactor 1 OS=Homo sapiens GN=ABI1	HUMAN	0					
1204	0	0.55	8.64700004458427	2.43900008499622	0	sp|Q8IZP0-4|ABI1_HUMAN	Isoform 4 of Abl interactor 1 OS=Homo sapiens GN=ABI1	HUMAN	0					
1204	0	0.55	8.62800031900406	2.43400000035763	0	sp|Q8IZP0-3|ABI1_HUMAN	Isoform 3 of Abl interactor 1 OS=Homo sapiens GN=ABI1	HUMAN	0					
1204	0	0.55	8.74399989843369	2.4660000577569	0	sp|Q8IZP0-2|ABI1_HUMAN	Isoform 2 of Abl interactor 1 OS=Homo sapiens GN=ABI1	HUMAN	0					
1204	0	0.55	7.86300003528595	2.21800003200769	0	sp|Q8IZP0-12|ABI1_HUMAN	Isoform 12 of Abl interactor 1 OS=Homo sapiens GN=ABI1	HUMAN	0					
1204	0	0.55	7.33100026845932	2.06799991428852	0	ENST00000376142_26	[1 - 1596] cdna:known chromosome:GRCh37:10:27035522:27149864:-1 gene:ENSG00000136754 gene_biotype:protein_coding transcript_biotype:protein_coding	26	0					
1204	0	0.55	5.67400008440018	2.60000005364418	0	tr|F8WA55|F8WA55_HUMAN	Abl interactor 1 OS=Homo sapiens GN=ABI1 PE=1 SV=1	HUMAN	0					
1204	0	0.55	6.09100013971329	2.79200002551079	0	tr|F5H1G9|F5H1G9_HUMAN	Abl interactor 1 OS=Homo sapiens GN=ABI1 PE=1 SV=1	HUMAN	0					
1204	0	0.55	6.10699988901615	2.79900003224611	0	sp|Q8IZP0-8|ABI1_HUMAN	Isoform 8 of Abl interactor 1 OS=Homo sapiens GN=ABI1	HUMAN	0					
1204	0	0.55	5.68699985742569	2.60700006037951	0	sp|Q8IZP0-7|ABI1_HUMAN	Isoform 7 of Abl interactor 1 OS=Homo sapiens GN=ABI1	HUMAN	0					
1204	0	0.55	7.29499980807304	3.34299989044666	0	sp|Q8IZP0-11|ABI1_HUMAN	Isoform 11 of Abl interactor 1 OS=Homo sapiens GN=ABI1	HUMAN	0					
1204	0	0.55	6.18599988520145	2.83499993383884	0	sp|Q8IZP0-10|ABI1_HUMAN	Isoform 10 of Abl interactor 1 OS=Homo sapiens GN=ABI1	HUMAN	0					
1205	0.55	0.55	22.1399992704391	9.16000008583069	0	sked_c_1_7564	Sanguibacter keddieii DSM 10542 [2735621 - 2736013] hypothetical protein	c_1_7564	0					
1206	0.55	0.55	7.08099976181984	2.41800006479025	0	pflu1300_c_1_27179	Pseudomonas fluorescens Pf-5 [5831870 - 5830134] (REVERSE SENSE)  ORF	c_1_27179	0					
1207	0.55	0.55	6.7330002784729	2.99299992620945	2.99299992620945	pstu_c_1_10165	Pseudomonas stutzeri A1501, CGMCC 0351 [2974799 - 2976001] transcriptional regulator	c_1_10165	1					
1208	0.55	0.55	17.7499994635582	11.8299998342991	11.8299998342991	belk_c_58_24	Bradyrhizobium elkanii 587 [7835 - 8341]  ORF	c_58_24	1					
1209	0.55	0.55	2.66999993473291	2.18400005251169	0	aot448_c_20_83	Actinomyces sp. oral taxon 448 F0400 [23340 - 24575] phenol 2-monooxygenase	c_20_83	0					
1210	0.55	0.55	56.8199992179871	31.8199992179871	0	ENST00000444199_15	[654 - 785] cdna:pseudogene chromosome:GRCh37:19:55208383:55212683:1 gene:ENSG00000186152 gene_biotype:pseudogene transcript_biotype:unprocessed_pseudogene	15	0					
1211	0.55	0.55	2.57900003343821	2.57900003343821	0	lmon_c_1_6311	Listeria monocytogenes Clip81459 [1826099 - 1825053] phosphoribosylaminoimidazole synthetase	c_1_6311	0					
1212	0.55	0.55	22.579999268055	22.579999268055	0	ENST00000496807_81	[3238 - 3423] cdna:putative chromosome:GRCh37:3:63638374:63664696:1 gene:ENSG00000188817 gene_biotype:protein_coding transcript_biotype:protein_coding	81	0					
1213	0.54	0.55	5.68200014531612	3.18199992179871	0	aot178_c_2_247	Actinomyces sp. oral taxon 178 F0338 [39588 - 38269] ATP-dependent Clp protease ATP-binding subunit	c_2_247	0					
1214	0.54	0.55	3.87299992144108	3.87299992144108	3.87299992144108	aot180_c_5_548	Actinomyces sp. oral taxon 180 F0310 [54022 - 53171] predicted protein	c_5_548	1					
1215	0.54	0.55	8.50199982523918	8.50199982523918	0	aot178_c_186_19	Actinomyces sp. oral taxon 178 F0338 [4019 - 3279] fructokinase	c_186_19	0					
1216	0.54	0.54	8.07799994945526	4.03899997472763	0	pflu_c_1_30296	Pseudomonas fluorescens Pf0-1 [3281889 - 3280033] hypothetical protein	c_1_30296	0					
1217	0.54	0.54	5.17200008034706	3.23299989104271	0	sot137_c_4_1483	Selenomonas sp. oral taxon 137 F0430 [146108 - 144717] ATP-dependent protease HslVU, ATPase subunit	c_4_1483	0					
1218	0.54	0.54	8.12200009822845	4.56900000572205	0	pori_c_20_88	Prevotella oris F0302 [33097 - 33687] hypothetical protein	c_20_88	0					
1219	0.54	0.54	5.37599995732307	2.68799997866154	0	ahae_c_1_8217	Arcanobacterium haemolyticum CCM, DSM 20595, ATCC 9345 [1230655 - 1229540] D-alanine--D-alanine ligase	c_1_8217	0					
1220	0.54	0.54	11.2099997699261	11.2099997699261	0	ctes_c_1_21681	Comamonas testosteroni KF-1 [6004163 - 6004483] hypothetical protein	c_1_21681	0					
1221	0.54	0.54	4.15499992668629	4.15499992668629	0	RRRRRtr|E5RIK9|E5RIK9_HUMAN	REVERSED mTERF domain-containing protein 1, mitochondrial OS=Homo sapiens GN=MTERFD1 PE=1 SV=1	HUMAN	0					
1221	0	0.54	22.3900005221367	22.3900005221367	0	RRRRRtr|E5RI75|E5RI75_HUMAN	REVERSED mTERF domain-containing protein 1, mitochondrial (Fragment) OS=Homo sapiens GN=MTERFD1 PE=4 SV=1	HUMAN	0					
1221	0	0.54	3.59699986875057	3.59699986875057	0	RRRRRsp|Q96E29|MTER1_HUMAN	REVERSED mTERF domain-containing protein 1, mitochondrial OS=Homo sapiens GN=MTERFD1 PE=1 SV=2	HUMAN	0					
1222	0.53	0.56	11.6899996995926	2.12600007653236	0	bfor_c_1_1157	Tannerella forsythia ATCC 43037 FDC 338 [CCUG 21028A, CCUG 33064] beta-galactosidase	CCUG 21028A, CCUG 33064	0					
1223	0.53	0.54	6.52199983596802	6.52199983596802	0	bper_c_1_25403	Bordetella pertussis Tohama I ATCC BAA-589, NCTC-13251 [143525 - 142974] hypothetical protein	c_1_25403	0					
1224	0.53	0.54	9.0159997344017	9.0159997344017	0	ENST00000398905_10	[314 - 679] cdna:novel chromosome:GRCh37:21:39751949:39870366:-1 gene:ENSG00000157554 gene_biotype:protein_coding transcript_biotype:protein_coding	10	0					
1225	0.53	0.53	7.66500011086464	0.401300005614758	0	RRRRRsp|P46100|ATRX_HUMAN	REVERSED Transcriptional regulator ATRX OS=Homo sapiens GN=ATRX PE=1 SV=5	HUMAN	0					
1225	0	0.53	7.78300017118454	0.407500006258488	0	RRRRRsp|P46100-4|ATRX_HUMAN	REVERSED Isoform 3 of Transcriptional regulator ATRX OS=Homo sapiens GN=ATRX	HUMAN	0					
1225	0	0.53	7.78800025582314	0.427900021895766	0	RRRRRsp|P46100-5|ATRX_HUMAN	REVERSED Isoform 5 of Transcriptional regulator ATRX OS=Homo sapiens GN=ATRX	HUMAN	0					
1225	0	0.53	7.66299962997437	0.42110001668334	0	RRRRRsp|P46100-3|ATRX_HUMAN	REVERSED Isoform 2 of Transcriptional regulator ATRX OS=Homo sapiens GN=ATRX	HUMAN	0					
1225	0	0.53	7.95499980449677	0.437099998816848	0	RRRRRsp|P46100-2|ATRX_HUMAN	REVERSED Isoform 1 of Transcriptional regulator ATRX OS=Homo sapiens GN=ATRX	HUMAN	0					
1226	0.53	0.53	8.54599997401237	1.1459999717772	0.67739998921752	sp|Q8TDM6|DLG5_HUMAN	Disks large homolog 5 OS=Homo sapiens GN=DLG5 PE=1 SV=4	HUMAN	1					
1226	0	0.53	9.0659998357296	1.21600003913045	0.718599976971745	sp|Q8TDM6-4|DLG5_HUMAN	Isoform 4 of Disks large homolog 5 OS=Homo sapiens GN=DLG5	HUMAN	1					
1226	0	0.53	10.3900000452995	1.39300003647804	0.823299959301949	sp|Q8TDM6-2|DLG5_HUMAN	Isoform 2 of Disks large homolog 5 OS=Homo sapiens GN=DLG5	HUMAN	1					
1227	0.53	0.53	54.1700005531311	16.6700005531311	0	sot138_c_6_427	Selenomonas sp. oral taxon 138 F0429 [52542 - 52327] (REVERSE SENSE) ORF	c_6_427	0					
1228	0.53	0.53	17.9700002074242	9.375	0	sot133_c_2_1627	Selenomonas sp. oral taxon 133 F0473 [184581 - 184198] (REVERSE SENSE) ORF	c_2_1627	0					
1229	0.53	0.53	14.470000565052	5.53199984133244	0	lcol_c_14_33	Lactobacillus coleohominis 101-4-CHN [23580 - 24284] GepA protein	c_14_33	0					
1230	0.53	0.53	27.3999989032745	10.9600000083447	0	ENST00000253233_9	[369 - 587] cdna:known chromosome:GRCh37:12:123717463:123742506:1 gene:ENSG00000130921 gene_biotype:protein_coding transcript_biotype:protein_coding	9	0					
1231	0.53	0.53	12.3099997639656	12.3099997639656	12.3099997639656	ypes1054_c_1_8119	Yersinia pestis Antiqua JGI [3685486 - 3685680]  ORF	c_1_8119	1					
1232	0.53	0.53	6.18599988520145	6.18599988520145	0	pflu1300_c_1_5000	Pseudomonas fluorescens Pf-5 [1547727 - 1548308]  ORF	c_1_5000	0					
1233	0.53	0.53	17.2800004482269	17.2800004482269	0	esak_c_1_21672	Cronobacter sakazakii ATCC BAA-894 [1134785 - 1134543] hypothetical protein	c_1_21672	0					
1234	0.53	0.53	5.40499985218048	5.40499985218048	0	NCBIABWK_c_9_76	Mitsuokella multacida A 405-1, DSM 20544, ATCC 27723, NCTC 10 [21033 - 21476] hypothetical protein	c_9_76	0					
1235	0.53	0.53	43.3299988508224	43.3299988508224	0	ENST00000555645_6	[248 - 337] cdna:known chromosome:GRCh37:14:65016638:65031543:1 gene:ENSG00000165807 gene_biotype:protein_coding transcript_biotype:nonsense_mediated_decay	6	0					
1236	0.53	0.53	71.4299976825714	71.4299976825714	0	ENST00000439132_19	[903 - 944] cdna:pseudogene chromosome:GRCh37:1:79520630:79521740:-1 gene:ENSG00000230787 gene_biotype:pseudogene transcript_biotype:processed_pseudogene	19	0					
1237	0.52	0.53	7.46000036597252	3.0239999294281	0	mcat_c_1_4058	Moraxella catarrhalis  [1703043 - 1701556] Ppx/GppA phosphatase	c_1_4058	0					
1238	0.52	0.53	7.19999969005585	7.19999969005585	0	smal1329_c_1_5829	Stenotrophomonas maltophilia K279a [1662376 - 1662750]  ORF	c_1_5829	0					
1239	0.52	0.53	2.81300004571676	2.81300004571676	0	pbus_c_6_301	Prevotella buccalis ATCC 35310 [80157 - 78985] conserved domain protein	c_6_301	0					
1240	0.52	0.53	21.2799996137619	21.2799996137619	0	ENST00000305864_9	[412 - 552] cdna:known chromosome:GRCh37:4:101318621:101439160:-1 gene:ENSG00000164035 gene_biotype:protein_coding transcript_biotype:protein_coding	9	0					
1241	0.52	0.52	9.47799980640411	2.32100002467632	0	tr|E7EUC7|E7EUC7_HUMAN	UTP--glucose-1-phosphate uridylyltransferase OS=Homo sapiens GN=UGP2 PE=1 SV=1	HUMAN	0					
1241	0	0.52	9.64599996805191	2.36200001090765	0	sp|Q16851|UGPA_HUMAN	UTP--glucose-1-phosphate uridylyltransferase OS=Homo sapiens GN=UGP2 PE=1 SV=5	HUMAN	0					
1241	0	0.52	9.85900014638901	2.41400003433228	0	sp|Q16851-2|UGPA_HUMAN	Isoform 2 of UTP--glucose-1-phosphate uridylyltransferase OS=Homo sapiens GN=UGP2	HUMAN	0					
1242	0.52	0.52	20.0000002980232	3.75000014901161	3.75000014901161	vaty_c_21_17	Veillonella atypica ACS-134-V-Col7a [14268 - 15227] DNA processing protein (Smf family)	c_21_17	1					
1243	0.52	0.52	16.3900002837181	6.55699968338013	0	swig_c_1_2159	Scardovia wiggsiae F0424 [472379 - 472014] (REVERSE SENSE) ORF	c_1_2159	0					
1244	0.52	0.52	12.8000006079674	6.70699998736382	0	cdip_c_1_1379	Corynebacterium diphtheriae NCTC 13129 [473591 - 474082] molybdenum cofactor biosynthesis protein	c_1_1379	0					
1245	0.52	0.52	4.8080001026392	4.8080001026392	0	ppis_c_8_71	Pyramidobacter piscolens W5455, DSM 21147, CCUG 55836, F0317 [24683 - 25306]  ORF	c_8_71	0					
1246	0.52	0.52	23.0800002813339	23.0800002813339	0	paer_c_1_28164	Pseudomonas aeruginosa LESB58 [3902826 - 3902632] hypothetical protein	c_1_28164	0					
1247	0.52	0.52	20.0000002980232	20.0000002980232	0	dot041_dsb2_c_56_16	Desulfobulbus sp. oral taxon 041 str. Dsb2 [2117 - 1878] (REVERSE SENSE) ORF	dsb2_c_56_16	0					
1248	0.52	0.52	41.6700005531311	41.6700005531311	0	ENST00000431083_1	[1 - 72] cdna:known chromosome:GRCh37:7:154988273:154990165:-1 gene:ENSG00000217825 gene_biotype:protein_coding transcript_biotype:nonsense_mediated_decay	1	0					
1249	0.52	0.52	37.83999979496	37.83999979496	0	ENST00000228955_15	[865 - 975] cdna:putative chromosome:GRCh37:12:124118376:124145376:1 gene:ENSG00000111358 gene_biotype:protein_coding transcript_biotype:protein_coding	15	0					
1250	0.51	1.1	4.93000000715256	3.34499999880791	0	raer_c_16_187	Rothia aeria F0474 [37622 - 35919] (REVERSE SENSE) ORF	c_16_187	0					
1251	0.51	0.53	19.3900004029274	11.2199999392033	0	sp|Q99525|H4G_HUMAN	Histone H4-like protein type G OS=Homo sapiens GN=HIST1H4G PE=2 SV=1	HUMAN	0					
1252	0.51	0.52	17.1399995684624	17.1399995684624	0	ksed_c_1_5106	Kytococcus sedentarius DSM 20547 [1758963 - 1759172] hypothetical protein	c_1_5106	0					
1253	0.51	0.52	16.6700005531311	16.6700005531311	0	ENST00000525991_5	[239 - 436] cdna:known chromosome:GRCh37:10:96796741:96829254:-1 gene:ENSG00000138115 gene_biotype:protein_coding transcript_biotype:nonsense_mediated_decay	5	0					
1254	0.51	0.52	7.25400000810623	7.25400000810623	0	ENST00000355452_34	[1704 - 2282] cdna:putative chromosome:GRCh37:9:133954630:133969860:1 gene:ENSG00000050555 gene_biotype:protein_coding transcript_biotype:protein_coding	34	0					
1255	0.51	0.51	2.61199995875359	0.674000009894371	0	sp|Q15678|PTN14_HUMAN	Tyrosine-protein phosphatase non-receptor type 14 OS=Homo sapiens GN=PTPN14 PE=1 SV=2	HUMAN	0					
1255	0	0.51	2.54900008440018	0.65790000371635	0	ENST00000366956_55	[109 - 3756] cdna:known chromosome:GRCh37:1:214522039:214724566:-1 gene:ENSG00000152104 gene_biotype:protein_coding transcript_biotype:protein_coding	55	0					
1256	0.51	0.51	76.4699995517731	29.4099986553192	29.4099986553192	oot078_c_1_260	Oribacterium sp. oral taxon 078 F0262 [88002 - 88154] hypothetical protein	c_1_260	1					
1257	0.51	0.51	37.8600001335144	11.6499997675419	0	belk_c_896_8	Bradyrhizobium elkanii 587 [2851 - 3159] partial ORF	c_896_8	0					
1258	0.51	0.51	6.17999993264675	6.17999993264675	0	slon_c_3_1321	Stomatobaculum longum  [298745 - 298212] (REVERSE SENSE) ORF	c_3_1321	0					
1259	0.51	0.51	8.12999978661537	8.12999978661537	0	pflu_c_1_24458	Pseudomonas fluorescens Pf0-1 [5097995 - 5097627] glutaredoxin-like protein	c_1_24458	0					
1260	0.51	0.51	3.64399999380112	3.64399999380112	0	pdenta_c_17_51	Prevotella dentalis DSM 3688 [16825 - 17565] hypothetical protein	c_17_51	0					
1261	0.51	0.51	30.1899999380112	30.1899999380112	0	osin_c_125_1	Oribacterium sinus F0268 [632 - 790] hypothetical protein	c_125_1	0					
1262	0.51	0.51	15.0000005960464	15.0000005960464	0	ENST00000320285_24	[1347 - 1526] cdna:known chromosome:GRCh37:6:161551057:161695093:-1 gene:ENSG00000026652 gene_biotype:protein_coding transcript_biotype:protein_coding	24	0					
1263	0.5	0.51	12.5	12.5	0	ssob_c_33_52	Streptococcus sobrinus TCI-107 [6721 - 6530] hypothetical protein	c_33_52	0					
1264	0.5	0.51	11.2499997019768	11.2499997019768	0	bcep_c_1_2940	Burkholderia cepacia GG4 [976591 - 977070]  ORF	c_1_2940	0					
1265	0.5	0.51	57.1399986743927	57.1399986743927	0	ENST00000394196_1	[4 - 87] cdna:novel chromosome:GRCh37:15:93443058:93571237:1 gene:ENSG00000173575 gene_biotype:protein_coding transcript_biotype:protein_coding	1	0					
1266	0.5	0.5	17.679999768734	4.6000000089407	0	axyl_c_1_5366	Achromobacter xylosoxidans A8 [1593897 - 1595135] hypothetical protein	c_1_5366	0					
1267	0.5	0.5	26.7300009727478	11.2199999392033	11.2199999392033	ENST00000393198_10	[1 - 909] cdna:known chromosome:GRCh37:17:49230920:49249104:1 gene:ENSG00000243678 gene_biotype:protein_coding transcript_biotype:protein_coding	10	1					
1267	0	0.5	21.9200000166893	11.6400003433228	11.6400003433228	tr|Q32Q12|Q32Q12_HUMAN	Nucleoside diphosphate kinase OS=Homo sapiens GN=NME1-NME2 PE=1 SV=1	HUMAN	1					
1267	0	0.5	23.9700004458427	12.729999423027	12.729999423027	sp|P22392-2|NDKB_HUMAN	Isoform 3 of Nucleoside diphosphate kinase B OS=Homo sapiens GN=NME2	HUMAN	1					
1267	0	0.49	25.8899986743927	8.62900018692017	8.62900018692017	tr|J3KPD9|J3KPD9_HUMAN	Nucleoside diphosphate kinase B OS=Homo sapiens GN=NME2 PE=1 SV=1	HUMAN	1					
1267	0	0.49	24.3399992585182	11.1800000071526	11.1800000071526	sp|P22392|NDKB_HUMAN	Nucleoside diphosphate kinase B OS=Homo sapiens GN=NME2 PE=1 SV=1	HUMAN	1					
1267	0	0.49	27.0099997520447	12.4099999666214	12.4099999666214	sp|O60361|NDK8_HUMAN	Putative nucleoside diphosphate kinase OS=Homo sapiens GN=NME2P1 PE=5 SV=1	HUMAN	1					
1268	0.5	0.5	8.06500017642975	2.99500003457069	0	bcep_c_2_9385	Burkholderia cepacia GG4 [2969100 - 2970401]  ORF	c_2_9385	0					
1269	0.5	0.5	39.6600008010864	17.2399997711182	0	toti_c_42_15	Turicella otitidis ATCC 51513 [3123 - 3296]  ORF	c_42_15	0					
1270	0.5	0.5	5.07799983024597	5.07799983024597	0	rcap_c_1_684	Rhodobacter capsulatus SB 1003 [241883 - 242650] hypothetical protein	c_1_684	0					
1271	0.5	0.5	4.27699983119965	1.83300003409386	1.83300003409386	cgra_c_16_86	Campylobacter gracilis ATCC 33236, RM3268 [2383 - 911] (REVERSE SENSE) ORF	c_16_86	1					
1272	0.5	0.5	4.11299988627434	4.11299988627434	0	rpic_c_1_25689	Ralstonia pickettii 12D [315144 - 313978] hypothetical protein	c_1_25689	0					
1273	0.5	0.5	4.36000004410744	4.36000004410744	4.36000004410744	mtub_c_1_7209	Mycobacterium tuberculosis CDC1551 [2006376 - 2007407] 2,4-diacetylphloroglucinol specific hydrolase PhlG	c_1_7209	1					
1274	0.5	0.5	4.95500005781651	4.95500005781651	0	cgra_c_1_1046	Campylobacter gracilis ATCC 33236, RM3268 [486177 - 486842]  ORF	c_1_1046	0					
1275	0.5	0.5	8.88900011777878	8.88900011777878	0	abro_c_1_1401	Afipia broomeae ATCC 49717 [393855 - 394124]  ORF	c_1_1401	0					
1276	0.5	0.5	38.1000012159348	38.1000012159348	0	ENST00000567329_12	[457 - 519] cdna:known chromosome:GRCh37:16:8995996:8998379:-1 gene:ENSG00000187555 gene_biotype:protein_coding transcript_biotype:retained_intron	12	0					
1277	0.49	92.14	76.9500017166138	71.450001001358	66.6700005531311	sp|P48668|K2C6C_HUMAN	Keratin, type II cytoskeletal 6C OS=Homo sapiens GN=KRT6C PE=1 SV=3	HUMAN	90					
1277	0	92.14	74.8300015926361	69.4800019264221	64.8299992084503	ENST00000252250_18	[1 - 1740] cdna:known chromosome:GRCh37:12:52862300:52867569:-1 gene:ENSG00000170465 gene_biotype:protein_coding transcript_biotype:protein_coding	18	90					
1278	0.49	0.5	15.8999994397163	7.11300000548363	0	aot170_c_3_522	Actinomyces sp. oral taxon 170 F0386 [146276 - 146992] hypothetical protein	c_3_522	0					
1279	0.49	0.5	9.82099995017052	4.91099990904331	0	sp|Q9H444|CHM4B_HUMAN	Charged multivesicular body protein 4b OS=Homo sapiens GN=CHMP4B PE=1 SV=1	HUMAN	0					
1279	0	0.5	7.88500010967255	3.94299998879433	0	ENST00000217402_14	[1 - 837] cdna:known chromosome:GRCh37:20:32399110:32442172:1 gene:ENSG00000101421 gene_biotype:protein_coding transcript_biotype:protein_coding	14	0					
1280	0.49	0.5	31.3699990510941	23.5300004482269	0	oot078_c_14_158	Oribacterium sp. oral taxon 078 F0262 [53868 - 54173] hypothetical protein	c_14_158	0					
1281	0.49	0.5	60.0000023841858	60.0000023841858	0	ENST00000262450_67	[5323 - 5382] cdna:known chromosome:GRCh37:1:6161853:6240183:-1 gene:ENSG00000116254 gene_biotype:protein_coding transcript_biotype:protein_coding	67	0					
1282	0.49	0.49	11.4200003445148	3.59399989247322	3.59399989247322	daci_c_1_37225	Delftia acidovorans SPH-1 ATCC15668 [2923043 - 2921625] esterase	c_1_37225	1					
1283	0.49	0.49	19.5199996232986	5.82199990749359	0	abro_c_1_5474	Afipia broomeae ATCC 49717 [1390302 - 1389427] (REVERSE SENSE) ORF	c_1_5474	0					
1284	0.49	0.49	50.8800029754639	24.5600000023842	24.5600000023842	paer_c_1_30472	Pseudomonas aeruginosa LESB58 [3112920 - 3112750] hypothetical protein	c_1_30472	1					
1285	0.49	0.49	16.7699992656708	9.58100035786629	0	tr|Q5SQ17|Q5SQ17_HUMAN	Chloride intracellular channel protein 3 (Fragment) OS=Homo sapiens GN=CLIC3 PE=4 SV=1	HUMAN	0					
1285	0	0.49	11.8600003421307	6.78000003099442	0	sp|O95833|CLIC3_HUMAN	Chloride intracellular channel protein 3 OS=Homo sapiens GN=CLIC3 PE=1 SV=2	HUMAN	0					
1285	0	0.49	10.3299997746944	5.90399987995625	0	ENST00000494426_7	[156 - 968] cdna:known chromosome:GRCh37:9:139889087:139891255:-1 gene:ENSG00000169583 gene_biotype:protein_coding transcript_biotype:protein_coding	7	0					
1286	0.49	0.49	17.4600005149841	9.52399969100952	0	rcap_c_1_10749	Rhodobacter capsulatus SB 1003 [3440170 - 3440547] hypothetical protein	c_1_10749	0					
1287	0.49	0.49	9.52399969100952	4.76199984550476	0	ppro_c_1_7049	Propionibacterium propionicum F0230a [2177039 - 2177605]  ORF	c_1_7049	0					
1288	0.48	0.49	9.24400016665459	9.24400016665459	0	pstu_c_1_5356	Pseudomonas stutzeri A1501, CGMCC 0351 [1559685 - 1560041] hypothetical protein	c_1_5356	0					
1289	0.48	0.49	8.62099975347519	8.62099975347519	0	mlot_c_1_9628	Mesorhizobium loti MAFF303099 [2623768 - 2624289] mlr3271	c_1_9628	0					
1290	0.48	0.49	41.3800001144409	41.3800001144409	0	ENST00000494517_12	[603 - 689] cdna:novel chromosome:GRCh37:3:121414325:121468513:-1 gene:ENSG00000173230 gene_biotype:protein_coding transcript_biotype:protein_coding	12	0					
1291	0.48	0.48	5.16100004315376	0.921699963510036	0.921699963510036	elen_c_1_3222	Eggerthella lenta VPI 0255, DSM 2243 [995607 - 998861] helicase domain-containing protein	c_1_3222	1					
1292	0.48	0.48	10.5499997735023	2.95400004833937	0	agem_c_55_9	Anaeroglobus geminatus F0357 [1186 - 2607] transcriptional regulator, GntR family	c_55_9	0					
1293	0.48	0.48	6.55699968338013	2.66399998217821	0	sked_c_1_583	Sanguibacter keddieii DSM 10542 [200739 - 202202] hypothetical protein	c_1_583	0					
1294	0.48	0.48	31.8199992179871	10.2300003170967	0	ENST00000490579_32	[1696 - 1959] cdna:known chromosome:GRCh37:3:183994718:184009005:1 gene:ENSG00000145194 gene_biotype:protein_coding transcript_biotype:retained_intron	32	0					
1295	0.48	0.48	3.64199988543987	3.64199988543987	0	tvin_c_31_2	Treponema vincentii ATCC 35580 [2 - 1813] cell wall/surface repeat-containing protein	c_31_2	0					
1296	0.48	0.48	7.39099979400635	7.39099979400635	0	tr|I3L4V6|I3L4V6_HUMAN	Nucleoredoxin (Fragment) OS=Homo sapiens GN=NXN PE=1 SV=1	HUMAN	0					
1296	0	0.48	13.4900003671646	13.4900003671646	0	tr|B4DNN6|B4DNN6_HUMAN	Nucleoredoxin OS=Homo sapiens GN=NXN PE=1 SV=1	HUMAN	0					
1297	0.48	0.48	27.8499990701675	27.8499990701675	0	tmed_c_1_7	Treponema medium ATCC 700293 [2957 - 3193]  ORF	c_1_7	0					
1298	0.48	0.48	7.77800008654594	7.77800008654594	7.77800008654594	paer_c_1_29100	Pseudomonas aeruginosa LESB58 [3579238 - 3578699] hypothetical protein	c_1_29100	1					
1299	0.48	0.48	12.6000002026558	12.6000002026558	0	elen_c_1_22772	Eggerthella lenta VPI 0255, DSM 2243 [79575 - 79195] hypothetical protein	c_1_22772	0					
1300	0.48	0.48	24.5299994945526	24.5299994945526	0	bdim_c_44_32	Brevundimonas diminuta ATCC 11568 [9019 - 9177] hypothetical protein	c_44_32	0					
1301	0.48	0.48	20.5099999904633	20.5099999904633	0	ENST00000537858_12	[611 - 844] cdna:known chromosome:GRCh37:5:134779908:134788089:-1 gene:ENSG00000255833 gene_biotype:protein_coding transcript_biotype:protein_coding	12	0					
1302	0.47	0.48	2.69799996167421	1.11600002273917	0	efae1080_c_1_6823	Enterococcus faecalis V583, ATCC 700802 [1841940 - 1838716] (REVERSE SENSE)  ORF	c_1_6823	0					
1303	0.47	0.48	70.9699988365173	29.0300011634827	0	ENST00000519724_3	[15 - 107] cdna:known chromosome:GRCh37:8:71128931:71157610:-1 gene:ENSG00000140396 gene_biotype:protein_coding transcript_biotype:protein_coding	3	0					
1304	0.47	0.47	3.75100001692772	0.558699993416667	0	RRRRRsp|Q96JM2|ZN462_HUMAN	REVERSED Zinc finger protein 462 OS=Homo sapiens GN=ZNF462 PE=1 SV=3	HUMAN	0					
1304	0	0.47	3.66300009191036	0.545600010082126	0	RRRRRsp|Q96JM2-3|ZN462_HUMAN	REVERSED Isoform 3 of Zinc finger protein 462 OS=Homo sapiens GN=ZNF462	HUMAN	0					
1305	0.47	0.47	19.1200003027916	2.47799996286631	0	bper_c_1_6172	Bordetella pertussis Tohama I ATCC BAA-589, NCTC-13251 [1950312 - 1952006] predicted protein	c_1_6172	0					
1306	0.47	0.47	22.7500006556511	7.18600004911423	0	ajoh_c_53_81	Actinomyces johnsonii F0330 [18205 - 17705] hypothetical protein	c_53_81	0					
1307	0.47	0.47	8.77199992537498	3.00799999386072	3.00799999386072	sp|P61160-2|ARP2_HUMAN	Isoform 2 of Actin-related protein 2 OS=Homo sapiens GN=ACTR2	HUMAN	1					
1307	0	0.47	4.56900000572205	3.0460000038147	3.0460000038147	sp|P61160|ARP2_HUMAN	Actin-related protein 2 OS=Homo sapiens GN=ACTR2 PE=1 SV=1	HUMAN	1					
1307	0	0.46	3.93400005996227	3.93400005996227	3.93400005996227	tr|F5H6T1|F5H6T1_HUMAN	Actin-related protein 2 OS=Homo sapiens GN=ACTR2 PE=1 SV=1	HUMAN	1					
1308	0.47	0.47	4.21999990940094	1.99299994856119	0	bbre_c_3_1132	Bifidobacterium breve CECT 7263 [59584 - 57026] (REVERSE SENSE) ORF	c_3_1132	0					
1309	0.47	0.47	1.29399998113513	0.809099990874529	0	tr|F8W775|F8W775_HUMAN	Neuronal cell adhesion molecule OS=Homo sapiens GN=NRCAM PE=4 SV=1	HUMAN	0					
1309	0	0.47	1.22300004586577	0.764499977231026	0	sp|Q92823-5|NRCAM_HUMAN	Isoform 5 of Neuronal cell adhesion molecule OS=Homo sapiens GN=NRCAM	HUMAN	0					
1309	0	0.47	1.29399998113513	0.809099990874529	0	sp|Q92823-2|NRCAM_HUMAN	Isoform 2 of Neuronal cell adhesion molecule OS=Homo sapiens GN=NRCAM	HUMAN	0					
1310	0.47	0.47	2.31899991631508	1.25599997118115	1.25599997118115	sot137_c_2_824	Selenomonas sp. oral taxon 137 F0430 [244650 - 247754] hypothetical protein	c_2_824	1					
1311	0.47	0.47	17.5600007176399	6.87000006437302	0	RRRRRtr|H3BQV8|H3BQV8_HUMAN	REVERSED Liver carboxylesterase 1 (Fragment) OS=Homo sapiens GN=CES1 PE=4 SV=2	HUMAN	0					
1312	0.47	0.47	37.2900009155273	37.2900009155273	0	vpara_c_1_22727	Variovorax paradoxus S110 [3783208 - 3783032] hypothetical protein	c_1_22727	0					
1313	0.47	0.47	38.4600013494492	38.4600013494492	0	ENST00000568390_11	[451 - 528] cdna:known chromosome:GRCh37:16:67880826:67902644:1 gene:ENSG00000102898 gene_biotype:protein_coding transcript_biotype:retained_intron	11	0					
1314	0.47	0.47	27.8699994087219	27.8699994087219	27.8699994087219	ENST00000482125_5	[406 - 588] cdna:novel chromosome:GRCh37:3:180685839:180694070:1 gene:ENSG00000114416 gene_biotype:protein_coding transcript_biotype:protein_coding	5	1					
1315	0.46	0.47	2.17400006949902	2.17400006949902	0	paer_c_1_3920	Pseudomonas aeruginosa LESB58 [1280249 - 1281352] hypothetical protein	c_1_3920	0					
1316	0.46	0.46	3.10500003397465	0.312400003895164	0	sp|Q4G0P3|HYDIN_HUMAN	Hydrocephalus-inducing protein homolog OS=Homo sapiens GN=HYDIN PE=1 SV=3	HUMAN	0					
1316	0	0.46	3.08699999004602	0.310699990950525	0	ENST00000393567_251	[65 - 15514] cdna:putative chromosome:GRCh37:16:70841281:71264592:-1 gene:ENSG00000157423 gene_biotype:protein_coding transcript_biotype:protein_coding	251	0					
1317	0.46	0.46	21.6900005936623	2.89200004190207	0	mlot_c_1_6321	Mesorhizobium loti MAFF303099 [1716741 - 1717985] hypothetical protein	c_1_6321	0					
1318	0.46	0.46	5.00000007450581	1.69799998402596	0	lrha_c_1_9643	Lactobacillus rhamnosus GG [1463018 - 1459839] Carbamoylphosphate synthase large subunit	c_1_9643	0					
1319	0.46	0.46	53.8500010967255	8.33299979567528	0	cure_c_1_1425	Corynebacterium urealyticum DSM 7109 [442948 - 443415] 50S ribosomal protein L17	c_1_1425	0					
1320	0.46	0.46	6.97000026702881	2.42400001734495	0	RRRRRsp|Q5VTT5-3|MYOM3_HUMAN	REVERSED Isoform 3 of Myomesin-3 OS=Homo sapiens GN=MYOM3	HUMAN	0					
1320	0	0.45	3.81899997591972	0.555599993094802	0	RRRRRtr|A6NI63|A6NI63_HUMAN	REVERSED Myomesin-3 OS=Homo sapiens GN=MYOM3 PE=4 SV=2	HUMAN	0					
1320	0	0.45	3.82700003683567	0.55669997818768	0	RRRRRsp|Q5VTT5|MYOM3_HUMAN	REVERSED Myomesin-3 OS=Homo sapiens GN=MYOM3 PE=2 SV=1	HUMAN	0					
1321	0.46	0.46	8.81199985742569	3.44800017774105	0	tr|H7C3M2|H7C3M2_HUMAN	60S ribosomal protein L3 (Fragment) OS=Homo sapiens GN=RPL3 PE=1 SV=1	HUMAN	0					
1321	0	0.46	3.97000014781952	2.23299991339445	0	sp|P39023|RL3_HUMAN	60S ribosomal protein L3 OS=Homo sapiens GN=RPL3 PE=1 SV=2	HUMAN	0					
1321	0	0.46	3.81899997591972	2.14799996465445	0	ENST00000216146_19	[127 - 1383] cdna:known chromosome:GRCh37:22:39708889:39715776:-1 gene:ENSG00000100316 gene_biotype:protein_coding transcript_biotype:protein_coding	19	0					
1321	0	0.46	2.95100007206202	2.95100007206202	0	tr|H7C422|H7C422_HUMAN	60S ribosomal protein L3 (Fragment) OS=Homo sapiens GN=RPL3 PE=1 SV=1	HUMAN	0					
1321	0	0.46	5.00000007450581	5.00000007450581	0	tr|F8WCR1|F8WCR1_HUMAN	60S ribosomal protein L3 OS=Homo sapiens GN=RPL3 PE=1 SV=1	HUMAN	0					
1322	0.46	0.46	35.8700007200241	19.5700004696846	0	amas_c_183_6	Actinomyces massiliensis F0489 [993 - 1268]  ORF	c_183_6	0					
1323	0.46	0.46	11.4799998700619	11.4799998700619	0	ppro_c_1_7995	Propionibacterium propionicum F0230a [2456488 - 2456853]  ORF	c_1_7995	0					
1324	0.46	0.46	7.10100010037422	7.10100010037422	0	pana_c_35_8	Peptostreptococcus anaerobius 653-L [3014 - 3520] hypothetical protein	c_35_8	0					
1325	0.45	0.46	6.09599985182285	0.493100006133318	0	tr|G3XAA0|G3XAA0_HUMAN	AT rich interactive domain 1B (SWI1-like), isoform CRA_a OS=Homo sapiens GN=ARID1B PE=1 SV=1	HUMAN	0					
1325	0	0.46	6.0819998383522	0.491899996995926	0	sp|Q8NFD5|ARI1B_HUMAN	AT-rich interactive domain-containing protein 1B OS=Homo sapiens GN=ARID1B PE=1 SV=2	HUMAN	0					
1325	0	0.46	5.9409998357296	0.480599980801344	0	sp|Q8NFD5-3|ARI1B_HUMAN	Isoform 3 of AT-rich interactive domain-containing protein 1B OS=Homo sapiens GN=ARID1B	HUMAN	0					
1325	0	0.46	6.04699999094009	0.489100022241473	0	sp|Q8NFD5-2|ARI1B_HUMAN	Isoform 2 of AT-rich interactive domain-containing protein 1B OS=Homo sapiens GN=ARID1B	HUMAN	0					
1325	0	0.46	6.598000228405	0.625699991360307	0	tr|H0Y7H8|H0Y7H8_HUMAN	AT-rich interactive domain-containing protein 1B (Fragment) OS=Homo sapiens GN=ARID1B PE=1 SV=1	HUMAN	0					
1325	0	0.46	7.80600011348724	0.740200001746416	0	sp|Q8NFD5-4|ARI1B_HUMAN	Isoform 4 of AT-rich interactive domain-containing protein 1B OS=Homo sapiens GN=ARID1B	HUMAN	0					
1326	0.45	0.46	18.0000007152557	18.0000007152557	0	ppse_c_3_440	Pseudomonas pseudoalcaligenes KF707 [150469 - 150618]  ORF	c_3_440	0					
1327	0.45	0.45	4.8369999974966	0.653599994257092	0	sp|Q9BX26|SYCP2_HUMAN	Synaptonemal complex protein 2 OS=Homo sapiens GN=SYCP2 PE=2 SV=2	HUMAN	0					
1327	0	0.45	5.18100000917912	0.977499969303608	0	tr|A2A341|A2A341_HUMAN	Synaptonemal complex protein 2 (Fragment) OS=Homo sapiens GN=SYCP2 PE=4 SV=1	HUMAN	0					
1328	0.45	0.45	8.20299983024597	5.85899986326694	0	tmed_c_2_1092	Treponema medium ATCC 700293 [257553 - 256786] (REVERSE SENSE) ORF	c_2_1092	0					
1329	0.45	0.45	35.3700011968613	14.6300002932549	0	ppse_c_8_199	Pseudomonas pseudoalcaligenes KF707 [62217 - 62462]  ORF	c_8_199	0					
1330	0.45	0.45	7.08300024271011	3.3330000936985	0	swig_c_4_1052	Scardovia wiggsiae F0424 [265284 - 266003]  ORF	c_4_1052	0					
1331	0.45	0.45	13.3300006389618	7.99999982118607	0	smal_c_1_15963	Stenotrophomonas maltophilia R551-3 [4456391 - 4456840] hypothetical protein	c_1_15963	0					
1332	0.45	0.45	11.4000000059605	2.79600005596876	0	sinf_c_1_1220	Streptococcus infantarius subsp. infantarius ATCC BAA-102 [110758 - 109364] phosphoglucosamine mutase	c_1_1220	0					
1333	0.45	0.45	9.46699976921082	9.46699976921082	0	cure_c_1_868	Corynebacterium urealyticum DSM 7109 [265760 - 266773] hypothetical protein	c_1_868	0					
1334	0.45	0.45	17.2900006175041	9.02300029993057	0	NCBIABWM_c_2_2243	Enterobacter cancerogenus ATCC 35316 [204983 - 204585] hypothetical protein	c_2_2243	0					
1335	0.45	0.45	36.6699993610382	23.3300000429153	0	ENST00000594701_5	[54 - 233] cdna:known chromosome:GRCh37:19:47101406:47104182:-1 gene:ENSG00000230510 gene_biotype:protein_coding transcript_biotype:retained_intron	5	0					
1336	0.45	0.45	9.52399969100952	5.71400001645088	0	ENST00000533985_16	[680 - 1309] cdna:pseudogene chromosome:GRCh37:11:9115924:9117437:1 gene:ENSG00000213538 gene_biotype:pseudogene transcript_biotype:processed_pseudogene	16	0					
1337	0.45	0.45	12.899999320507	12.899999320507	0	rcap_c_1_15165	Rhodobacter capsulatus SB 1003 [2641463 - 2641092] hypothetical protein	c_1_15165	0					
1338	0.45	0.45	92.8600013256073	92.8600013256073	0	ENST00000506577_1	[3 - 44] cdna:known chromosome:GRCh37:5:42800233:42825998:-1 gene:ENSG00000250722 gene_biotype:protein_coding transcript_biotype:protein_coding	1	0					
1339	0.44	0.45	26.6699999570847	6.1540000140667	0	sp|Q9ULZ3|ASC_HUMAN	Apoptosis-associated speck-like protein containing a CARD OS=Homo sapiens GN=PYCARD PE=1 SV=2	HUMAN	0					
1339	0	0.45	29.5500010251999	6.81800022721291	0	sp|Q9ULZ3-2|ASC_HUMAN	Isoform 2 of Apoptosis-associated speck-like protein containing a CARD OS=Homo sapiens GN=PYCARD	HUMAN	0					
1339	0	0.45	28.150001168251	8.88900011777878	0	sp|Q9ULZ3-3|ASC_HUMAN	Isoform 3 of Apoptosis-associated speck-like protein containing a CARD OS=Homo sapiens GN=PYCARD	HUMAN	0					
1340	0.44	0.45	8.98900032043457	8.98900032043457	0	rpic_c_1_17241	Ralstonia pickettii 12D [2588536 - 2588003] hypothetical protein	c_1_17241	0					
1341	0.44	0.45	37.5	37.5	0	ENST00000174618_65	[4507 - 4602] cdna:known chromosome:GRCh37:17:2287354:2304412:-1 gene:ENSG00000070444 gene_biotype:protein_coding transcript_biotype:protein_coding	65	0					
1342	0.44	0.44	4.9380000680685	0.379800004884601	0.379800004884601	sp|Q9Y520|PRC2C_HUMAN	Protein PRRC2C OS=Homo sapiens GN=PRRC2C PE=1 SV=4	HUMAN	1					
1342	0	0.44	4.93399985134602	0.379600003361702	0.379600003361702	sp|Q9Y520-7|PRC2C_HUMAN	Isoform 7 of Protein PRRC2C OS=Homo sapiens GN=PRRC2C	HUMAN	1					
1342	0	0.44	5.01900017261505	0.38610000628978	0.38610000628978	sp|Q9Y520-5|PRC2C_HUMAN	Isoform 5 of Protein PRRC2C OS=Homo sapiens GN=PRRC2C	HUMAN	1					
1342	0	0.44	4.6739999204874	0.414599990472198	0.414599990472198	sp|Q9Y520-2|PRC2C_HUMAN	Isoform 2 of Protein PRRC2C OS=Homo sapiens GN=PRRC2C	HUMAN	1					
1342	0	0.43	4.54099997878075	0.390199990943074	0.390199990943074	tr|E7EPN9|E7EPN9_HUMAN	Protein PRRC2C OS=Homo sapiens GN=PRRC2C PE=1 SV=1	HUMAN	1					
1342	0	0.43	4.6509999781847	0.399699993431568	0.399699993431568	sp|Q9Y520-6|PRC2C_HUMAN	Isoform 6 of Protein PRRC2C OS=Homo sapiens GN=PRRC2C	HUMAN	1					
1342	0	0.43	4.5439999550581	0.390499993227422	0.390499993227422	sp|Q9Y520-4|PRC2C_HUMAN	Isoform 4 of Protein PRRC2C OS=Homo sapiens GN=PRRC2C	HUMAN	1					
1342	0	0.43	4.7410000115633	0.407399982213974	0.407399982213974	sp|Q9Y520-3|PRC2C_HUMAN	Isoform 3 of Protein PRRC2C OS=Homo sapiens GN=PRRC2C	HUMAN	1					
1342	0	0.43	2.38499995321035	0.846199970692396	0.846199970692396	tr|H7C5N8|H7C5N8_HUMAN	Protein PRRC2C (Fragment) OS=Homo sapiens GN=PRRC2C PE=1 SV=1	HUMAN	1					
1343	0.44	0.44	17.4600005149841	2.26799994707108	0	belk_c_1171_14	Bradyrhizobium elkanii 587 [2149 - 827] (REVERSE SENSE) ORF	c_1171_14	0					
1344	0.44	0.44	6.58399984240532	1.95700004696846	0	pden_c_3_1295	Parascardovia denticolens F0305, DSM 10105 [4395 - 2710] predicted transcriptional regulator	c_3_1295	0					
1345	0.44	0.44	6.21800012886524	4.14500012993813	0	rcap_c_1_17878	Rhodobacter capsulatus SB 1003 [1787422 - 1786265] Aldehyde dehydrogenase	c_1_17878	0					
1346	0.44	0.44	12.0399996638298	5.09300008416176	0	bdim1892_c_53_47	Brevundimonas diminuta 470-4, ATCC 13184 [14139 - 14786]  ORF	c_53_47	0					
1347	0.44	0.44	3.73400002717972	3.73400002717972	0	sp|P20618|PSB1_HUMAN	Proteasome subunit beta type-1 OS=Homo sapiens GN=PSMB1 PE=1 SV=2	HUMAN	0					
1347	0	0.44	3.55699993669987	3.55699993669987	0	ENST00000262193_12	[64 - 822] cdna:known chromosome:GRCh37:6:170844205:170862429:-1 gene:ENSG00000008018 gene_biotype:protein_coding transcript_biotype:protein_coding	12	0					
1348	0.44	0.44	9.00000035762787	9.00000035762787	0	rpic_c_1_4866	Ralstonia pickettii 12D [1352089 - 1352388] hypothetical protein	c_1_4866	0					
1349	0.44	0.44	9.64900031685829	9.64900031685829	0	blon_c_2_1307	Bifidobacterium longum subsp. longum ATCC 55813 [252602 - 252261] hypothetical protein	c_2_1307	0					
1350	0.44	0.44	5.07600009441376	5.07600009441376	5.07600009441376	aseg_c_1_882	Aggregatibacter segnis ATCC 33393 [406648 - 406058] osmotically induced periplasmic protein OsmY	c_1_882	1					
1351	0.44	0.44	34.7799986600876	34.7799986600876	0	ENST00000477265_92	[4048 - 4185] cdna:known chromosome:GRCh37:4:142635810:142654611:1 gene:ENSG00000164136 gene_biotype:protein_coding transcript_biotype:protein_coding	92	0					
1352	0.44	0.44	23.2600003480911	23.2600003480911	0	ENST00000427496_7	[288 - 545] cdna:pseudogene chromosome:GRCh37:Y:24452072:24454098:-1 gene:ENSG00000229940 gene_biotype:pseudogene transcript_biotype:unprocessed_pseudogene	7	0					
1353	0.43	0.44	10.3200003504753	1.92699991166592	0	aot848_c_2_1605	Actinomyces sp. oral taxon 848 F0332 [472888 - 475533] ATP-dependent chaperone protein ClpB	c_2_1605	0					
1354	0.43	0.44	25	8.65399986505508	0	abro_c_2_6023	Afipia broomeae ATCC 49717 [1302691 - 1302068] (REVERSE SENSE) ORF	c_2_6023	0					
1355	0.43	0.44	15.0700002908707	15.0700002908707	0	ypes_c_1_19449	Yersinia pestis KIM D27 [219824 - 219606] hypothetical protein	c_1_19449	0					
1356	0.43	0.44	21.7399999499321	21.7399999499321	0	lot107_c_39_51	Lachnospiraceae bacterium Oral taxon 107 F0167 [13220 - 13014] hypothetical protein	c_39_51	0					
1357	0.43	0.43	11.7200002074242	1.6499999910593	0	sp|O75083|WDR1_HUMAN	WD repeat-containing protein 1 OS=Homo sapiens GN=WDR1 PE=1 SV=4	HUMAN	0					
1357	0	0.43	11.3200001418591	1.59499999135733	0	ENST00000499869_28	[132 - 2012] cdna:known chromosome:GRCh37:4:10075963:10118484:-1 gene:ENSG00000071127 gene_biotype:protein_coding transcript_biotype:protein_coding	28	0					
1357	0	0.41	8.79800021648407	2.14600004255772	0	sp|O75083-3|WDR1_HUMAN	Isoform 2 of WD repeat-containing protein 1 OS=Homo sapiens GN=WDR1	HUMAN	0					
1357	0	0.4	25.3100007772446	4.08199988305569	0	tr|D6RD66|D6RD66_HUMAN	WD repeat-containing protein 1 (Fragment) OS=Homo sapiens GN=WDR1 PE=1 SV=1	HUMAN	0					
1358	0.43	0.43	3.1530000269413	1.18199996650219	0	saur1312_c_1_3895	Staphylococcus aureus subsp. aureus JH1 [2465108 - 2462064] (REVERSE SENSE)  ORF	c_1_3895	0					
1359	0.43	0.43	10.3500001132488	2.01999992132187	0	edur_c_1_1248	Enterococcus durans FB129-CNAB-4 [411018 - 409831] (REVERSE SENSE) ORF	c_1_1248	0					
1360	0.43	0.43	14.4899994134903	3.72699983417988	0	edur2534_c_32_83	Enterococcus durans ATCC 6056 [7118 - 5670] (REVERSE SENSE) ORF	c_32_83	0					
1361	0.43	0.43	6.66700005531311	1.97000000625849	0	amas_c_92_40	Actinomyces massiliensis F0489 [8963 - 10942]  ORF	c_92_40	0					
1362	0.43	0.43	25.8100003004074	25.8100003004074	0	pmuls_c_7_665	Prevotella multiformis DSM 16608 [115721 - 115536] hypothetical protein	c_7_665	0					
1363	0.43	0.43	4.96900007128716	3.10600008815527	0	mtub_c_1_24781	Mycobacterium tuberculosis CDC1551 [2092408 - 2090960] 6-phosphogluconate dehydrogenase	c_1_24781	0					
1364	0.43	0.43	1.83199997991323	0.976799987256527	0	RRRRRsp|Q86UP0|CAD24_HUMAN	REVERSED Cadherin-24 OS=Homo sapiens GN=CDH24 PE=1 SV=1	HUMAN	0					
1364	0	0.43	1.92099995911121	1.02399997413158	0	RRRRRsp|Q86UP0-2|CAD24_HUMAN	REVERSED Isoform 2 of Cadherin-24 OS=Homo sapiens GN=CDH24	HUMAN	0					
1364	0	0.41	13.7799993157387	1.36099997907877	0	aot178_c_47_41	Actinomyces sp. oral taxon 178 F0338 [11148 - 12911] hypothetical protein	c_47_41	0					
1364	0	0.41	2.04099994152784	2.04099994152784	0	RRRRRsp|Q86UP0-3|CAD24_HUMAN	REVERSED Isoform 3 of Cadherin-24 OS=Homo sapiens GN=CDH24	HUMAN	0					
1365	0.43	0.43	11.4000000059605	11.4000000059605	0	pstu_c_1_4047	Pseudomonas stutzeri A1501, CGMCC 0351 [1185290 - 1185631] hypothetical protein	c_1_4047	0					
1366	0.43	0.43	18.75	18.75	0	daci_c_1_35193	Delftia acidovorans SPH-1 ATCC15668 [3515173 - 3514934] hypothetical protein	c_1_35193	0					
1367	0.43	0.43	44.4400012493134	44.4400012493134	0	ENST00000554411_1	[14 - 67] cdna:known chromosome:GRCh37:14:24774302:24777469:-1 gene:ENSG00000136305 gene_biotype:protein_coding transcript_biotype:protein_coding	1	0					
1368	0.43	0.43	39.1299992799759	39.1299992799759	0	ENST00000358095_20	[1614 - 1682] cdna:known chromosome:GRCh37:18:30313650:30352842:-1 gene:ENSG00000197705 gene_biotype:protein_coding transcript_biotype:protein_coding	20	0					
1369	0.42	14.32	60.7400000095367	40.3699994087219	40.3699994087219	ENST00000518157_9	[2 - 811] cdna:known chromosome:GRCh37:19:36014269:36019253:-1 gene:ENSG00000189001 gene_biotype:protein_coding transcript_biotype:protein_coding	9	10					
1369	0	14.32	57.889997959137	44.1300004720688	44.1300004720688	sp|Q6UWP8-2|SBSN_HUMAN	Isoform 2 of Suprabasin OS=Homo sapiens GN=SBSN	HUMAN	10					
1370	0.42	0.43	13.680000603199	0.572500005364418	0	edur2534_c_34_24	Enterococcus durans ATCC 6056 [10541 - 15256]  ORF	c_34_24	0					
1371	0.42	0.43	15.5000001192093	6.20200000703335	0	ppis_c_1_29	Pyramidobacter piscolens W5455, DSM 21147, CCUG 55836, F0317 [7994 - 8767]  ORF	c_1_29	0					
1372	0.42	0.43	3.73499989509583	2.03699991106987	0	lsal_c_1_2315	Lactobacillus salivarius UCC118 [1674010 - 1672244] brp/Blh family beta-carotene 15,15'-monooxygenase	c_1_2315	0					
1373	0.42	0.43	3.3330000936985	3.3330000936985	0	paer_c_1_26775	Pseudomonas aeruginosa LESB58 [4355546 - 4354827] PA1469	c_1_26775	0					
1374	0.42	0.42	6.7550003528595	1.23699996620417	0	ppro_c_1_19611	Propionibacterium propionicum F0230a [929821 - 926669] (REVERSE SENSE)  ORF	c_1_19611	0					
1375	0.42	0.42	10.1899996399879	2.398999966681	0	aot178_c_156_27	Actinomyces sp. oral taxon 178 F0338 [2511 - 511] hypothetical protein	c_156_27	0					
1376	0.42	0.42	11.4699997007847	3.52899990975857	0	RRRRRsp|Q9UNA3|A4GCT_HUMAN	REVERSED Alpha-1,4-N-acetylglucosaminyltransferase OS=Homo sapiens GN=A4GNT PE=2 SV=1	HUMAN	0					
1377	0.42	0.42	6.0759998857975	3.54400016367435	0	sspu_c_4_366	Selenomonas sputigena ATCC 35185 [109472 - 110656] translation elongation factor Tu	c_4_366	0					
1378	0.42	0.42	6.4690001308918	2.69499998539686	0	pint_c_2_2497	Prevotella intermedia 17 [208415 - 207303] HNH nuclease	c_2_2497	0					
1379	0.42	0.42	7.45799988508224	3.72899994254112	0	ecas_c_5_4	Enterococcus casseliflavus EC30 [2079 - 2963] predicted protein	c_5_4	0					
1380	0.42	0.42	7.52200037240982	7.07999989390373	0	ageo_c_28_52	Actinomyces georgiae F0490 [12901 - 13578]  ORF	c_28_52	0					
1381	0.42	0.42	5.66000007092953	5.66000007092953	0	sot138_c_8_283	Selenomonas sp. oral taxon 138 F0429 [77879 - 78514]  ORF	c_8_283	0					
1382	0.41	2.66	11.2099997699261	4.10999990999699	1.49400001391768	sp|P14625|ENPL_HUMAN	Endoplasmin OS=Homo sapiens GN=HSP90B1 PE=1 SV=1	HUMAN	1					
1382	0	2.66	10.6299996376038	3.89599986374378	1.41700003296137	ENST00000299767_44	[51 - 2591] cdna:known chromosome:GRCh37:12:104324112:104341704:1 gene:ENSG00000166598 gene_biotype:protein_coding transcript_biotype:protein_coding	44	1					
1383	0.41	0.42	17.2000005841255	8.60200002789497	8.60200002789497	elim_c_1_4362	Eubacterium limosum KIST612 [1888042 - 1888320] hypothetical protein	c_1_4362	1					
1384	0.41	0.42	15.0199994444847	6.86699971556664	0	bcep_c_1_1077	Burkholderia cepacia GG4 [359106 - 359804]  ORF	c_1_1077	0					
1385	0.41	0.42	7.25200027227402	7.25200027227402	0	bcep_c_2_17222	Burkholderia cepacia GG4 [597031 - 596246] (REVERSE SENSE)  ORF	c_2_17222	0					
1386	0.41	0.41	6.98499977588654	0.537300016731024	0	vot158_c_2_1017	Veillonella sp. oral taxon 158 F0412 [215045 - 210021] TonB-dependent receptor plug domain protein	c_2_1017	0					
1387	0.41	0.41	5.02300001680851	1.7119999974966	0	bper_c_1_21582	Bordetella pertussis Tohama I ATCC BAA-589, NCTC-13251 [1373431 - 1370804] tat (twin-arginine translocation) pathway signal sequence domainsprotein	c_1_21582	0					
1388	0.41	0.41	25.7699996232986	9.27800014615059	0	synsp_sgp_c_1_375	Synergistetes sp. SGP1 [138425 - 138715]  ORF	sgp_c_1_375	0					
1389	0.41	0.41	11.0299997031689	5.69400005042553	0	vpara_c_1_5587	Variovorax paradoxus S110 [1866481 - 1867323] hypothetical protein	c_1_5587	0					
1390	0.41	0.41	4.22499999403954	1.29100000485778	0	cdur_c_1_1525	Corynebacterium durum F0235 [250538 - 247983] (REVERSE SENSE) ORF	c_1_1525	0					
1391	0.41	0.41	4.07200008630753	4.07200008630753	4.07200008630753	smal_c_1_22681	Stenotrophomonas maltophilia R551-3 [2802883 - 2800895] hypothetical protein	c_1_22681	1					
1392	0.41	0.41	5.71400001645088	5.71400001645088	0	rpic_c_3_1785	Ralstonia pickettii 12D [314393 - 313974] hypothetical protein	c_3_1785	0					
1393	0.41	0.41	0.754499994218349	0.754499994218349	0	abro_c_5_8	Afipia broomeae ATCC 49717 [2 - 5965] partial ORF	c_5_8	0					
1394	0.4	0.41	8.60700011253357	4.50799986720085	0	bbre_c_1_964	Bifidobacterium breve CECT 7263 [193280 - 192549] (REVERSE SENSE) ORF	c_1_964	0					
1395	0.4	0.41	20.4099997878075	20.4099997878075	0	aot448_c_35_1	Actinomyces sp. oral taxon 448 F0400 [1 - 294] hypothetical protein	c_35_1	0					
1396	0.4	0.41	11.9599997997284	11.9599997997284	11.9599997997284	oant1457_c_2_12563	Ochrobactrum anthropi ATCC 49188 [225506 - 225231] (REVERSE SENSE)  ORF	c_2_12563	1					
1397	0.4	0.4	21.8600004911423	1.28600001335144	0	elen_c_1_8676	Eggerthella lenta VPI 0255, DSM 2243 [2731660 - 2733525] hypothetical protein	c_1_8676	0					
1398	0.4	0.4	13.629999756813	4.38800007104874	0	belk_c_910_5	Bradyrhizobium elkanii 587 [242 - 1540]  ORF	c_910_5	0					
1399	0.4	0.4	10.5899997055531	6.40399977564812	6.40399977564812	mot186_c_3_1309	Microbacterium sp. oral taxon 186 F0373 [362449 - 363666]  ORF	c_3_1309	1					
1400	0.4	0.4	7.28499963879585	1.49699999019504	0	bper_c_1_6222	Bordetella pertussis Tohama I ATCC BAA-589, NCTC-13251 [1964117 - 1967122] hypothetical protein	c_1_6222	0					
1401	0.4	0.4	23.139999806881	10.7400000095367	0	atum_c_1_19453	Agrobacterium tumefaciens str. C58, ATCC 33970 [188624 - 188262] hypothetical protein	c_1_19453	0					
1402	0.4	0.4	3.54800000786781	3.54800000786781	0	pot302_c_2_51	Prevotella sp. oral taxon 302 F0323 [15743 - 17095]  ORF	c_2_51	0					
1403	0.4	0.4	14.8100003600121	14.8100003600121	0	pdenti_c_1_13331	Prevotella denticola F0289 [1328523 - 1328281] hypothetical protein	c_1_13331	0					
1404	0.4	0.4	6.20200000703335	6.20200000703335	0	adef_c_1_1342	Abiotrophia defectiva ATCC 49176 [523279 - 522506] nitrilotriacetate monooxygenase component B	c_1_1342	0					
1405	0.4	0.4	12.16000020504	12.16000020504	0	RRRRRtr|E5RFR4|E5RFR4_HUMAN	REVERSED Hepatitis A virus cellular receptor 2 (Fragment) OS=Homo sapiens GN=HAVCR2 PE=4 SV=1	HUMAN	0					
1405	0	0.4	2.9899999499321	2.9899999499321	0	RRRRRsp|Q8TDQ0|HAVR2_HUMAN	REVERSED Hepatitis A virus cellular receptor 2 OS=Homo sapiens GN=HAVCR2 PE=1 SV=3	HUMAN	0					
1406	0.4	0.4	47.6200014352798	47.6200014352798	0	ENST00000432459_4	[204 - 266] cdna:known chromosome:GRCh37:7:156433441:156469818:1 gene:ENSG00000105982 gene_biotype:protein_coding transcript_biotype:protein_coding	4	0					
1407	0.39	0.41	30.7399988174438	14.2399996519089	11.6499997675419	RRRRRsp|Q04118|PRB3_HUMAN	REVERSED Basic salivary proline-rich protein 3 OS=Homo sapiens GN=PRB3 PE=1 SV=2	HUMAN	2					
1407	0	0.41	27.1800011396408	14.2399996519089	11.6499997675419	RRRRRtr|F5H7C1|F5H7C1_HUMAN	REVERSED Basic salivary proline-rich protein 3 OS=Homo sapiens GN=PRB3 PE=4 SV=1	HUMAN	2					
1407	0	0.41	26.1700004339218	13.7099996209145	11.2099997699261	RRRRRENST00000538488_4	REVERSED [3 - 965] cdna:known chromosome:GRCh37:12:11418890:11422641:-1 gene:ENSG00000197870 gene_biotype:protein_coding transcript_biotype:protein_coding	4	2					
1408	0.39	0.4	8.25700014829636	8.25700014829636	0	ssat_c_1_2245	Shuttleworthia satelles DSM 14600 BAA-774 CCUG 45864 [675922 - 676575] hypothetical protein	c_1_2245	0					
1409	0.39	0.4	24.0700006484985	24.0700006484985	0	not014_c_4_1055	Neisseria sp. oral taxon 014 F0314 [38807 - 38646] hypothetical protein	c_4_1055	0					
1410	0.39	0.39	17.6100000739098	1.84099990874529	0	sart_c_7_360	Selenomonas artemidis F0399 [45596 - 42990] molybdenum cofactor biosynthesis protein	c_7_360	0					
1411	0.39	0.39	14.6699994802475	2.40000002086163	0	jant_c_3_920	Jonquetella anthropi DSM 22815 [317698 - 315449] (REVERSE SENSE) ORF	c_3_920	0					
1412	0.39	0.39	14.0300005674362	3.20600010454655	0	vpara_c_2_6150	Variovorax paradoxus S110 [419055 - 417559] hypothetical protein	c_2_6150	0					
1413	0.39	0.39	5.68699985742569	1.57500002533197	0	bdim1892_c_7_326	Brevundimonas diminuta 470-4, ATCC 13184 [48128 - 44700] (REVERSE SENSE) ORF	c_7_326	0					
1414	0.39	0.39	5.79699985682964	0.652199983596802	0	bper_c_1_8957	Bordetella pertussis Tohama I ATCC BAA-589, NCTC-13251 [2830039 - 2834178] multidrug resistance transport transmembrane protein	c_1_8957	0					
1415	0.39	0.39	11.2199999392033	3.74099984765053	0	ajoh_c_68_19	Actinomyces johnsonii F0330 [4200 - 5081] hypothetical protein	c_68_19	0					
1416	0.39	0.39	27.5000005960464	12.5	12.5	sflu_c_10_404	Selenomonas flueggei ATCC 43531 [103109 - 102870] hypothetical protein	c_10_404	1					
1417	0.39	0.39	24.6900007128716	11.1100003123283	0	fnucp_c_3_172	Fusobacterium nucleatum subsp. polymorphum ATCC 10953 [196438 - 196680] hypothetical protein	c_3_172	0					
1418	0.39	0.39	7.96800032258034	2.19100005924702	0	axyl_c_1_2257	Achromobacter xylosoxidans A8 [676373 - 677878] D-alanyl-poly(phosphoribitol) synthetase	c_1_2257	0					
1419	0.39	0.39	2.84299999475479	1.50499995797873	0	RRRRRsp|Q9NS40|KCNH7_HUMAN	REVERSED Potassium voltage-gated channel subfamily H member 7 OS=Homo sapiens GN=KCNH7 PE=2 SV=2	HUMAN	0					
1419	0	0.39	4.64500002563	2.45900005102158	0	RRRRRsp|Q9NS40-2|KCNH7_HUMAN	REVERSED Isoform 2 of Potassium voltage-gated channel subfamily H member 7 OS=Homo sapiens GN=KCNH7	HUMAN	0					
1420	0.39	0.39	25.7099986076355	25.7099986076355	0	ENST00000556326_2	[2 - 106] cdna:known chromosome:GRCh37:14:77765867:77787203:-1 gene:ENSG00000009830 gene_biotype:protein_coding transcript_biotype:nonsense_mediated_decay	2	0					
1421	0.39	0.39	100	100	0	ENST00000494753_16	[623 - 670] cdna:known chromosome:GRCh37:9:19129735:19149288:-1 gene:ENSG00000147872 gene_biotype:protein_coding transcript_biotype:processed_transcript	16	0					
1422	0.38	0.39	2.1509999409318	1.51399997994304	0	belk_c_402_52	Bradyrhizobium elkanii 587 [4057 - 293] (REVERSE SENSE) ORF	c_402_52	0					
1423	0.38	0.39	12.6800000667572	5.63400015234947	0	aot199_c_3_42	Atopobium sp. oral taxon 199 F0494 [13078 - 13503]  ORF	c_3_42	0					
1424	0.38	0.39	61.5400016307831	61.5400016307831	61.5400016307831	ENST00000485537_21	[1015 - 1092] cdna:known chromosome:GRCh37:2:113239776:113241507:1 gene:ENSG00000114999 gene_biotype:protein_coding transcript_biotype:processed_transcript	21	1					
1425	0.38	0.38	29.4999986886978	13.6700004339218	7.19399973750114	ENST00000377831_14	[446 - 862] cdna:known chromosome:GRCh37:6:26197068:26199521:-1 gene:ENSG00000197409 gene_biotype:protein_coding transcript_biotype:protein_coding	14	1					
1425	0	0.37	26.4699995517731	13.9699995517731	7.35300034284592	sp|Q16695|H31T_HUMAN	Histone H3.1t OS=Homo sapiens GN=HIST3H3 PE=1 SV=3	HUMAN	1					
1425	0	0.37	24.2599993944168	13.9699995517731	7.35300034284592	sp|Q71DI3|H32_HUMAN	Histone H3.2 OS=Homo sapiens GN=HIST2H3A PE=1 SV=3	HUMAN	1					
1425	0	0.37	24.2599993944168	13.9699995517731	7.35300034284592	sp|P68431|H31_HUMAN	Histone H3.1 OS=Homo sapiens GN=HIST1H3A PE=1 SV=2	HUMAN	1					
1425	0	0.37	19.1200003027916	13.9699995517731	7.35300034284592	tr|Q5TEC6|Q5TEC6_HUMAN	Histone H3 OS=Homo sapiens GN=HIST2H3PS2 PE=1 SV=1	HUMAN	1					
1425	0	0.34	15.2300000190735	5.95999993383884	0	tr|K7ES00|K7ES00_HUMAN	Histone H3.3 (Fragment) OS=Homo sapiens GN=H3F3B PE=1 SV=1	HUMAN	0					
1425	0	0.34	25	9.78299975395203	0	tr|K7EMV3|K7EMV3_HUMAN	Histone H3 OS=Homo sapiens GN=H3F3B PE=1 SV=1	HUMAN	0					
1425	0	0.34	17.4199998378754	6.81800022721291	0	tr|K7EK07|K7EK07_HUMAN	Histone H3 (Fragment) OS=Homo sapiens GN=H3F3B PE=1 SV=1	HUMAN	0					
1425	0	0.34	18.7000006437302	7.31699988245964	0	tr|B4DEB1|B4DEB1_HUMAN	Histone H3 OS=Homo sapiens GN=H3F3A PE=1 SV=1	HUMAN	0					
1425	0	0.34	16.9100001454353	6.61799982190132	0	sp|P84243|H33_HUMAN	Histone H3.3 OS=Homo sapiens GN=H3F3A PE=1 SV=2	HUMAN	0					
1425	0	0.34	14.1599997878075	7.96499997377396	0	tr|K7EP01|K7EP01_HUMAN	Histone H3.3 OS=Homo sapiens GN=H3F3B PE=1 SV=1	HUMAN	0					
1425	0	0.34	11.8500001728535	6.66700005531311	0	sp|Q6NXT2|H3C_HUMAN	Histone H3.3C OS=Homo sapiens GN=H3F3C PE=1 SV=3	HUMAN	0					
1425	0	0.34	25	14.0599995851517	0	ENST00000321285_4	[1 - 192] cdna:pseudogene chromosome:GRCh37:4:113486144:113486554:1 gene:ENSG00000250966 gene_biotype:pseudogene transcript_biotype:processed_pseudogene	4	0					
1426	0.38	0.38	23.1600001454353	9.47400033473969	0	daci_c_1_8056	Delftia acidovorans SPH-1 ATCC15668 [2346455 - 2346739] hypothetical protein	c_1_8056	0					
1427	0.38	0.38	3.26800011098385	1.04599995538592	0	aot178_c_56_9	Actinomyces sp. oral taxon 178 F0338 [1260 - 3554] transporter, major facilitator family	c_56_9	0					
1428	0.38	0.38	34.4199985265732	6.49399980902672	0	sp|Q9UK76|HN1_HUMAN	Hematological and neurological expressed 1 protein OS=Homo sapiens GN=HN1 PE=1 SV=3	HUMAN	0					
1428	0	0.38	49.0700006484985	9.25899967551231	0	sp|Q9UK76-3|HN1_HUMAN	Isoform 3 of Hematological and neurological expressed 1 protein OS=Homo sapiens GN=HN1	HUMAN	0					
1428	0	0.38	36.0500007867813	6.80299997329712	0	ENST00000304834_16	[395 - 835] cdna:known chromosome:GRCh37:17:73131402:73150770:-1 gene:ENSG00000189159 gene_biotype:protein_coding transcript_biotype:nonsense_mediated_decay	16	0					
1428	0	0.38	9.61500033736229	9.61500033736229	0	tr|J3KT51|J3KT51_HUMAN	Hematological and neurological-expressed 1 protein OS=Homo sapiens GN=HN1 PE=1 SV=1	HUMAN	0					
1428	0	0.38	10.7500001788139	10.7500001788139	0	tr|J3KSH8|J3KSH8_HUMAN	Hematological and neurological-expressed 1 protein (Fragment) OS=Homo sapiens GN=HN1 PE=1 SV=2	HUMAN	0					
1428	0	0.38	9.25899967551231	9.25899967551231	0	tr|F5GY98|F5GY98_HUMAN	Hematological and neurological-expressed 1 protein OS=Homo sapiens GN=HN1 PE=1 SV=1	HUMAN	0					
1428	0	0.38	5.52500002086163	5.52500002086163	0	sp|Q9UK76-2|HN1_HUMAN	Isoform 2 of Hematological and neurological expressed 1 protein OS=Homo sapiens GN=HN1	HUMAN	0					
1429	0.38	0.38	17.7599996328354	8.41099992394447	0	snox_c_15_122	Selenomonas noxia ATCC 43541 [35119 - 35439] hypothetical protein	c_15_122	0					
1430	0.38	0.38	43.079999089241	23.0800002813339	0	rcap_c_1_16862	Rhodobacter capsulatus SB 1003 [2116168 - 2115974] hypothetical protein	c_1_16862	0					
1431	0.38	0.38	13.8600006699562	12.8700003027916	12.8700003027916	paer_c_1_10275	Pseudomonas aeruginosa LESB58 [3329185 - 3329487] hypothetical protein	c_1_10275	1					
1432	0.38	0.38	5.67799992859364	2.52400003373623	0	elim_c_1_13244	Eubacterium limosum KIST612 [3492379 - 3491429] 3-dehydroquinate synthase	c_1_13244	0					
1433	0.38	0.38	15.4300004243851	7.42899999022484	0	daci_c_1_32312	Delftia acidovorans SPH-1 ATCC15668 [4316641 - 4316117] hypothetical protein	c_1_32312	0					
1434	0.38	0.38	4.3699998408556	4.3699998408556	0	pana_c_7_155	Peptostreptococcus anaerobius 653-L [59469 - 58303] aminoglycoside phosphotransferase	c_7_155	0					
1435	0.37	7.14	34.4900012016296	14.2100006341934	8.66599977016449	sp|P26038|MOES_HUMAN	Moesin OS=Homo sapiens GN=MSN PE=1 SV=3	HUMAN	4					
1435	0	7.14	33.7900012731552	13.9200001955032	8.48900005221367	ENST00000360270_30	[137 - 1903] cdna:known chromosome:GRCh37:X:64887537:64961791:1 gene:ENSG00000147065 gene_biotype:protein_coding transcript_biotype:protein_coding	30	4					
1436	0.37	0.38	11.5699999034405	1.42599996179342	0	bcep_c_2_11627	Burkholderia cepacia GG4 [2345705 - 2343813] (REVERSE SENSE)  ORF	c_2_11627	0					
1437	0.37	0.38	7.91900008916855	2.03600004315376	0	lmon_c_1_6386	Listeria monocytogenes Clip81459 [1772226 - 1770901] helicase domain protein	c_1_6386	0					
1438	0.37	0.38	17.4899995326996	8.96899998188019	0	cval_c_13_152	Cardiobacterium valvarum F0432 [36177 - 35509] hypothetical protein	c_13_152	0					
1439	0.37	0.38	6.12200014293194	6.12200014293194	0	axyl_c_1_10792	Achromobacter xylosoxidans A8 [3232486 - 3233220] amino ABC transporter permease, 3-TM region, His/Glu/Gln/Arg/opinesfamily domain-containing protein 7	c_1_10792	0					
1440	0.37	0.37	3.09299994260073	0.843499973416328	0	sp|O94979-6|SC31A_HUMAN	Isoform 6 of Protein transport protein Sec31A OS=Homo sapiens GN=SEC31A	HUMAN	0					
1440	0	0.37	2.79399994760752	0.76210000552237	0	sp|O94979-4|SC31A_HUMAN	Isoform 4 of Protein transport protein Sec31A OS=Homo sapiens GN=SEC31A	HUMAN	0					
1440	0	0.37	2.83000003546476	0.771899987012148	0	sp|O94979-10|SC31A_HUMAN	Isoform 10 of Protein transport protein Sec31A OS=Homo sapiens GN=SEC31A	HUMAN	0					
1440	0	0.36	2.64699999243021	0.74439998716116	0	ENST00000443462_56	[1 - 3627] cdna:putative chromosome:GRCh37:4:83739815:83812331:-1 gene:ENSG00000138674 gene_biotype:protein_coding transcript_biotype:protein_coding	56	0					
1440	0	0.36	1.96100007742643	0.928799994289875	0	tr|H7BXG7|H7BXG7_HUMAN	Protein transport protein Sec31A OS=Homo sapiens GN=SEC31A PE=1 SV=1	HUMAN	0					
1440	0	0.36	1.96100007742643	0.928799994289875	0	sp|O94979-7|SC31A_HUMAN	Isoform 7 of Protein transport protein Sec31A OS=Homo sapiens GN=SEC31A	HUMAN	0					
1440	0	0.34	1.83899998664856	0.71939998306334	0	tr|D6REX3|D6REX3_HUMAN	Protein transport protein Sec31A OS=Homo sapiens GN=SEC31A PE=1 SV=1	HUMAN	0					
1440	0	0.34	1.88500005751848	0.737700005993247	0	sp|O94979|SC31A_HUMAN	Protein transport protein Sec31A OS=Homo sapiens GN=SEC31A PE=1 SV=3	HUMAN	0					
1440	0	0.34	1.91699992865324	0.749999983236194	0	sp|O94979-9|SC31A_HUMAN	Isoform 9 of Protein transport protein Sec31A OS=Homo sapiens GN=SEC31A	HUMAN	0					
1440	0	0.34	1.86500009149313	0.729899993166327	0	sp|O94979-8|SC31A_HUMAN	Isoform 8 of Protein transport protein Sec31A OS=Homo sapiens GN=SEC31A	HUMAN	0					
1440	0	0.34	2.08000000566244	0.81369997933507	0	sp|O94979-3|SC31A_HUMAN	Isoform 3 of Protein transport protein Sec31A OS=Homo sapiens GN=SEC31A	HUMAN	0					
1440	0	0.34	1.90900005400181	0.746899982914329	0	sp|O94979-2|SC31A_HUMAN	Isoform 2 of Protein transport protein Sec31A OS=Homo sapiens GN=SEC31A	HUMAN	0					
1440	0	0.34	4.97200004756451	4.97200004756451	0	tr|H0YAF5|H0YAF5_HUMAN	Protein transport protein Sec31A (Fragment) OS=Homo sapiens GN=SEC31A PE=1 SV=1	HUMAN	0					
1440	0	0.34	2.34999991953373	2.34999991953373	0	tr|H0Y8W8|H0Y8W8_HUMAN	Protein transport protein Sec31A (Fragment) OS=Homo sapiens GN=SEC31A PE=1 SV=1	HUMAN	0					
1441	0.37	0.37	10.080000013113	4.62200008332729	0	NCBIACDX_c_1_1159	Neisseria mucosa ATCC 25996 [167003 - 166290] hypothetical protein	c_1_1159	0					
1442	0.37	0.37	16.5999993681908	7.50999972224236	0	rcap_c_1_13217	Rhodobacter capsulatus SB 1003 [3240522 - 3239764] hypothetical protein	c_1_13217	0					
1443	0.37	0.37	8.81000012159348	1.90500002354383	0	aot448_c_21_37	Actinomyces sp. oral taxon 448 F0400 [16210 - 17469] respiratory nitrate reductase, gamma subunit	c_21_37	0					
1444	0.37	0.37	3.86399999260902	1.638999953866	0	RRRRRsp|A4D1B5|GSAP_HUMAN	REVERSED Gamma-secretase-activating protein OS=Homo sapiens GN=GSAP PE=1 SV=2	HUMAN	0					
1444	0	0.37	5.90300001204014	2.50400006771088	0	RRRRRsp|A4D1B5-3|GSAP_HUMAN	REVERSED Isoform 3 of Gamma-secretase-activating protein OS=Homo sapiens GN=GSAP	HUMAN	0					
1444	0	0.37	5.71900010108948	2.42599993944168	0	RRRRRsp|A4D1B5-2|GSAP_HUMAN	REVERSED Isoform 2 of Gamma-secretase-activating protein OS=Homo sapiens GN=GSAP	HUMAN	0					
1445	0.37	0.37	37.7999991178513	21.9500005245209	0	amas_c_34_3	Actinomyces massiliensis F0489 [467 - 712]  ORF	c_34_3	0					
1446	0.37	0.37	2.66299992799759	2.66299992799759	0	slon_c_3_2290	Stomatobaculum longum  [1436 - 423] (REVERSE SENSE) ORF	c_3_2290	0					
1447	0.37	0.37	9.88999977707863	9.88999977707863	9.88999977707863	lbre_c_1_2778	Lactobacillus brevis ATCC 367 [1563743 - 1564015] XRE family transcriptional regulator	c_1_2778	1					
1448	0.37	0.37	5.29399998486042	5.29399998486042	0	chom_c_45_137	Cardiobacterium hominis ATCC 15826 [10090 - 9581] hypothetical protein	c_45_137	0					
1449	0.36	0.37	7.40299969911575	1.50199998170137	0	sp|Q86TD4|SRCA_HUMAN	Sarcalumenin OS=Homo sapiens GN=SRL PE=2 SV=2	HUMAN	0					
1449	0	0.37	5.96700012683868	2.88100000470877	0	tr|I3L4D6|I3L4D6_HUMAN	Sarcalumenin OS=Homo sapiens GN=SRL PE=4 SV=1	HUMAN	0					
1450	0.36	0.37	8.59600007534027	5.44399991631508	0	atum_c_2_6128	Agrobacterium tumefaciens str. C58, ATCC 33970 [1715050 - 1716096] hypothetical protein	c_2_6128	0					
1451	0.36	0.37	6.0809999704361	6.0809999704361	0	sves_c_4_220	Streptococcus vestibularis F0396 [116979 - 117422] dUTP diphosphatase	c_4_220	0					
1452	0.36	0.37	100	100	0	ENST00000519151_63	[2837 - 2881] cdna:known chromosome:GRCh37:13:52594705:52602885:1 gene:ENSG00000253710 gene_biotype:protein_coding transcript_biotype:processed_transcript	63	0					
1453	0.36	0.37	50	50	50	ENST00000372731_94	[5774 - 5845] cdna:known chromosome:GRCh37:9:131314869:131395941:1 gene:ENSG00000197694 gene_biotype:protein_coding transcript_biotype:protein_coding	94	1					
1454	0.36	0.37	53.329998254776	53.329998254776	0	ENST00000369617_22	[1464 - 1508] cdna:novel chromosome:GRCh37:1:113933371:114225056:1 gene:ENSG00000081026 gene_biotype:protein_coding transcript_biotype:protein_coding	22	0					
1455	0.36	0.36	4.16000001132488	0.416000001132488	0	RRRRRsp|Q13535|ATR_HUMAN	REVERSED Serine/threonine-protein kinase ATR OS=Homo sapiens GN=ATR PE=1 SV=3	HUMAN	0					
1455	0	0.36	4.21499982476234	0.421500019729137	0	RRRRRsp|Q13535-3|ATR_HUMAN	REVERSED Isoform 3 of Serine/threonine-protein kinase ATR OS=Homo sapiens GN=ATR	HUMAN	0					
1455	0	0.36	4.26400005817413	0.426399987190962	0	RRRRRsp|Q13535-2|ATR_HUMAN	REVERSED Isoform 2 of Serine/threonine-protein kinase ATR OS=Homo sapiens GN=ATR	HUMAN	0					
1455	0	0.36	9.38500016927719	3.55999991297722	0	RRRRRtr|D6RIG7|D6RIG7_HUMAN	REVERSED Serine/threonine-protein kinase ATR (Fragment) OS=Homo sapiens GN=ATR PE=1 SV=2	HUMAN	0					
1456	0.36	0.36	6.9410003721714	1.53299998492002	0	phis_c_7_101	Prevotella histicola F0411 [45797 - 49513] DNA polymerase III, alpha subunit	c_7_101	0					
1457	0.36	0.36	7.12699964642525	1.64500009268522	1.64500009268522	sint_c_3_712	Streptococcus intermedius F0413 [232951 - 230216] cell wall bound protein	c_3_712	1					
1458	0.36	0.36	14.2299994826317	3.64999994635582	0	axyl_c_1_6437	Achromobacter xylosoxidans A8 [1921865 - 1922686] hypothetical protein	c_1_6437	0					
1459	0.36	0.36	16.0600006580353	4.24199998378754	0	axyl_c_1_40776	Achromobacter xylosoxidans A8 [1844242 - 1843253] hypothetical protein	c_1_40776	0					
1460	0.36	0.36	25.7099986076355	11.429999768734	0	ENST00000508373_11	[611 - 820] cdna:known chromosome:GRCh37:6:167770521:167797998:-1 gene:ENSG00000203690 gene_biotype:protein_coding transcript_biotype:retained_intron	11	0					
1461	0.36	0.36	26.8900007009506	15.1299998164177	0	abro_c_2_8885	Afipia broomeae ATCC 49717 [493602 - 493246] (REVERSE SENSE) ORF	c_2_8885	0					
1462	0.36	0.36	17.569999396801	17.569999396801	17.569999396801	smal_c_1_22806	Stenotrophomonas maltophilia R551-3 [2765737 - 2765516] hypothetical protein	c_1_22806	1					
1463	0.36	0.36	6.4190000295639	6.4190000295639	6.4190000295639	pavi2522_c_1_8128	Propionibacterium avidum 44067 [2250894 - 2251781]  ORF	c_1_8128	1					
1464	0.36	0.36	25.7099986076355	25.7099986076355	0	ENST00000475534_7	[401 - 505] cdna:known chromosome:GRCh37:21:45209394:45217418:1 gene:ENSG00000160214 gene_biotype:protein_coding transcript_biotype:processed_transcript	7	0					
1465	0.36	0.36	44.4400012493134	44.4400012493134	0	ENST00000361569_1	[2 - 82] cdna:known chromosome:GRCh37:4:86937632:87374283:-1 gene:ENSG00000109339 gene_biotype:protein_coding transcript_biotype:protein_coding	1	0					
1466	0.35	0.36	20.6300005316734	4.23300005495548	0	ppro_c_1_15790	Propionibacterium propionicum F0230a [2070598 - 2070032] (REVERSE SENSE)  ORF	c_1_15790	0					
1467	0.35	0.36	29.3099999427795	29.3099999427795	0	sot133_c_1_4506	Selenomonas sp. oral taxon 133 F0473 [584976 - 584803] (REVERSE SENSE) ORF	c_1_4506	0					
1468	0.35	0.36	1.554000005126	1.554000005126	0	poul_c_1_1909	Prevotella oulorum F0390 [128951 - 127215] outer membrane protein	c_1_1909	0					
1469	0.35	0.36	5.17200008034706	5.17200008034706	0	ksed_c_1_13064	Kytococcus sedentarius DSM 20547 [1117178 - 1116135] hypothetical protein	c_1_13064	0					
1470	0.35	0.36	4.54499982297421	4.54499982297421	0	NCBIACEO_c_12_353	Neisseria subflava NJ9703 [72171 - 71578] hypothetical protein	c_12_353	0					
1471	0.35	0.36	71.4299976825714	71.4299976825714	0	ENST00000461416_9	[553 - 636] cdna:known chromosome:GRCh37:7:128578035:128587799:1 gene:ENSG00000128604 gene_biotype:protein_coding transcript_biotype:retained_intron	9	0					
1472	0.35	0.35	13.2200002670288	1.26599995419383	0	tr|B9A067|B9A067_HUMAN	Mitochondrial inner membrane protein OS=Homo sapiens GN=IMMT PE=1 SV=2	HUMAN	0					
1472	0	0.35	9.8630003631115	1.36599997058511	0	tr|C9J406|C9J406_HUMAN	Mitochondrial inner membrane protein OS=Homo sapiens GN=IMMT PE=1 SV=1	HUMAN	0					
1472	0	0.35	8.57499986886978	1.18699995800853	0	sp|Q16891|IMMT_HUMAN	Mitochondrial inner membrane protein OS=Homo sapiens GN=IMMT PE=1 SV=1	HUMAN	0					
1472	0	0.35	8.58699977397919	1.18899997323751	0	sp|Q16891-4|IMMT_HUMAN	Isoform 4 of Mitochondrial inner membrane protein OS=Homo sapiens GN=IMMT	HUMAN	0					
1472	0	0.35	8.70100036263466	1.20500000193715	0	sp|Q16891-2|IMMT_HUMAN	Isoform 2 of Mitochondrial inner membrane protein OS=Homo sapiens GN=IMMT	HUMAN	0					
1472	0	0.35	6.74899965524673	1.24000003561378	0	sp|Q16891-3|IMMT_HUMAN	Isoform 3 of Mitochondrial inner membrane protein OS=Homo sapiens GN=IMMT	HUMAN	0					
1472	0	0.35	6.12200014293194	6.12200014293194	0	tr|D6RAW4|D6RAW4_HUMAN	Mitochondrial inner membrane protein OS=Homo sapiens GN=IMMT PE=1 SV=1	HUMAN	0					
1473	0.35	0.35	8.975999802351	1.26000000163913	0	pala_c_1_644	Pseudoramibacter alactolyticus ATCC 23263 [196428 - 198332] PTS family mannitol porter, EIICB component	c_1_644	0					
1474	0.35	0.35	9.69299972057343	2.36399993300438	0	pflu1300_c_1_46207	Pseudomonas fluorescens Pf-5 [21622 - 20354] (REVERSE SENSE)  ORF	c_1_46207	0					
1475	0.35	0.35	20.9700003266335	9.67700034379959	9.67700034379959	tr|B4E241|B4E241_HUMAN	Serine/arginine-rich-splicing factor 3 OS=Homo sapiens GN=SRSF3 PE=1 SV=1	HUMAN	1					
1475	0	0.35	15.8500000834465	7.31699988245964	7.31699988245964	sp|P84103|SRSF3_HUMAN	Serine/arginine-rich splicing factor 3 OS=Homo sapiens GN=SRSF3 PE=1 SV=1	HUMAN	1					
1476	0.35	0.35	40.5800014734268	20.2900007367134	20.2900007367134	pflu_c_1_7800	Pseudomonas fluorescens Pf0-1 [2479835 - 2480041] hypothetical protein	c_1_7800	1					
1477	0.35	0.35	12.5699996948242	7.18600004911423	0	ENST00000492239_7	[1 - 501] cdna:known chromosome:GRCh37:19:10420893:10426471:-1 gene:ENSG00000267673 gene_biotype:protein_coding transcript_biotype:processed_transcript	7	0					
1478	0.35	0.35	4.14500012993813	4.14500012993813	0	vpara_c_1_27466	Variovorax paradoxus S110 [2251548 - 2250970] hypothetical protein	c_1_27466	0					
1479	0.35	0.35	2.5560000911355	2.5560000911355	0	pmac_c_12_466	Prevotella maculosa OT 289 [12453 - 11515] outer membrane insertion signal domain protein	c_12_466	0					
1480	0.35	0.35	41.1799997091293	41.1799997091293	0	ENST00000521478_1	[35 - 85] cdna:known chromosome:GRCh37:7:27185281:27190222:-1 gene:ENSG00000106006 gene_biotype:protein_coding transcript_biotype:processed_transcript	1	0					
1481	0.34	0.35	7.30300024151802	2.80900001525879	0	rcap_c_1_16202	Rhodobacter capsulatus SB 1003 [2313697 - 2311562] hypothetical protein	c_1_16202	0					
1482	0.34	0.35	10.5099998414516	2.71199997514486	0	pflu_c_1_4295	Pseudomonas fluorescens Pf0-1 [1378212 - 1379096] 6-pyruvoyl-tetrahydropterin synthase	c_1_4295	0					
1483	0.34	0.35	3.53699997067451	1.92900002002716	1.92900002002716	RRRRRsp|P35558|PCKGC_HUMAN	REVERSED Phosphoenolpyruvate carboxykinase, cytosolic [GTP] OS=Homo sapiens GN=PCK1 PE=1 SV=3	HUMAN	1					
1483	0	0.35	3.83399985730648	3.83399985730648	3.83399985730648	RRRRRtr|F5GZM4|F5GZM4_HUMAN	REVERSED Phosphoenolpyruvate carboxykinase, cytosolic [GTP] OS=Homo sapiens GN=PCK1 PE=4 SV=1	GTP	1					
1484	0.34	0.35	30.1899999380112	30.1899999380112	0	scon_c_1_814	Streptococcus constellatus subsp. pharyngis SK1060 [495880 - 496038] GTPase ObgE	c_1_814	0					
1485	0.34	0.34	12.8000006079674	5.21299988031387	0	toti_c_10_284	Turicella otitidis ATCC 51513 [13283 - 12018] (REVERSE SENSE) ORF	c_10_284	0					
1486	0.34	0.34	2.99399998039007	0.647199992090464	0	RRRRRpot375_c_1_3079	REVERSED Peptoniphilus sp. oral taxon 375 F0436 [1606578 - 1610285] S-layer domain protein	c_1_3079	0					
1487	0.34	0.34	14.9599999189377	8.66099968552589	8.66099968552589	vpara_c_1_17902	Variovorax paradoxus S110 [5375172 - 5374792] hypothetical protein	c_1_17902	1					
1488	0.34	0.34	15.7100006937981	10.0000001490116	0	tden_c_1_7040	Treponema denticola ATCC 35405, DSM 14222 [1422899 - 1422480] hypothetical protein	c_1_7040	0					
1489	0.34	0.34	4.35400009155273	3.00299990922213	0	pdenta_c_9_214	Prevotella dentalis DSM 3688 [73125 - 75122] RagB/SusD domain-containing protein	c_9_214	0					
1490	0.34	0.34	33.8699996471405	12.899999320507	0	pasa_c_43_35	Porphyromonas asaccharolytica PR426713P-I [4535 - 4350] hypothetical protein	c_43_35	0					
1491	0.34	0.34	6.44199997186661	3.37399989366531	3.37399989366531	osin_c_96_16	Oribacterium sinus F0268 [5854 - 7809] NlpC/P60 family protein	c_96_16	1					
1492	0.34	0.34	13.3300006389618	13.3300006389618	0	kpne1249_c_1_14902	Klebsiella pneumoniae Kp342 [5115772 - 5115996]  ORF	c_1_14902	0					
1493	0.34	0.34	19.6400001645088	19.6400001645088	19.6400001645088	pmel_c_57_41	Prevotella melaninogenica D18 [14765 - 14598] hypothetical protein	c_57_41	1					
1494	0.34	0.34	20.270000398159	20.270000398159	0	lot107_c_15_183	Lachnospiraceae bacterium Oral taxon 107 F0167 [73593 - 73372] hypothetical protein	c_15_183	0					
1495	0.34	0.34	11.8100002408028	11.8100002408028	0	lmir_c_1_2116	Lautropia mirabilis ATCC 51599 [584856 - 585287] hypothetical protein	c_1_2116	0					
1496	0.33	0.34	19.1200003027916	11.7600001394749	0	ajoh_c_12_72	Actinomyces johnsonii F0330 [19474 - 19881] hypothetical protein	c_12_72	0					
1497	0.33	0.34	7.72399976849556	7.72399976849556	0	mlot_c_1_26262	Mesorhizobium loti MAFF303099 [6978826 - 6978089] repressor protein C	c_1_26262	0					
1498	0.33	0.33	15.7900005578995	2.05899998545647	0	vpara_c_1_33911	Variovorax paradoxus S110 [125312 - 122691] hypothetical protein	c_1_33911	0					
1499	0.33	0.33	7.03599974513054	1.67100001126528	0	bper_c_1_1086	Bordetella pertussis Tohama I ATCC BAA-589, NCTC-13251 [331903 - 335313] hypothetical protein	c_1_1086	0					
1500	0.33	0.33	5.64900003373623	0.758899981155992	0	bcep_c_1_5845	Burkholderia cepacia GG4 [1944844 - 1948401]  ORF	c_1_5845	0					
1501	0.33	0.33	7.38100036978722	1.59200001507998	0	daci_c_1_40119	Delftia acidovorans SPH-1 ATCC15668 [2089935 - 2087863] hypothetical protein	c_1_40119	0					
1502	0.33	0.33	42.2699987888336	17.5300002098084	0	pflu_c_1_36031	Pseudomonas fluorescens Pf0-1 [1518341 - 1518051] hypothetical protein	c_1_36031	0					
1503	0.33	0.33	4.44400012493134	2.22200006246567	0	RRRRRtr|H7C1M9|H7C1M9_HUMAN	REVERSED Myosin-IIIb (Fragment) OS=Homo sapiens GN=MYO3B PE=4 SV=1	HUMAN	0					
1503	0	0.33	1.44800003618002	0.72400001809001	0	RRRRRtr|F5H2J1|F5H2J1_HUMAN	REVERSED Myosin-IIIb (Fragment) OS=Homo sapiens GN=MYO3B PE=4 SV=1	HUMAN	0					
1503	0	0.33	1.19300000369549	0.596599979326129	0	RRRRRsp|Q8WXR4|MYO3B_HUMAN	REVERSED Myosin-IIIb OS=Homo sapiens GN=MYO3B PE=2 SV=4	HUMAN	0					
1503	0	0.33	1.1850000359118	0.592599995434284	0	RRRRRsp|Q8WXR4-7|MYO3B_HUMAN	REVERSED Isoform 7 of Myosin-IIIb OS=Homo sapiens GN=MYO3B	HUMAN	0					
1503	0	0.33	1.34199997410178	0.671100011095405	0	RRRRRsp|Q8WXR4-6|MYO3B_HUMAN	REVERSED Isoform 6 of Myosin-IIIb OS=Homo sapiens GN=MYO3B	HUMAN	0					
1503	0	0.33	1.25500001013279	0.627500005066395	0	RRRRRsp|Q8WXR4-5|MYO3B_HUMAN	REVERSED Isoform 5 of Myosin-IIIb OS=Homo sapiens GN=MYO3B	HUMAN	0					
1503	0	0.33	1.21799996122718	0.608799979090691	0	RRRRRsp|Q8WXR4-4|MYO3B_HUMAN	REVERSED Isoform 4 of Myosin-IIIb OS=Homo sapiens GN=MYO3B	HUMAN	0					
1503	0	0.33	1.27900000661612	0.639500003308058	0	RRRRRsp|Q8WXR4-3|MYO3B_HUMAN	REVERSED Isoform 3 of Myosin-IIIb OS=Homo sapiens GN=MYO3B	HUMAN	0					
1503	0	0.33	1.25200003385544	0.626000016927719	0	RRRRRsp|Q8WXR4-2|MYO3B_HUMAN	REVERSED Isoform 2 of Myosin-IIIb OS=Homo sapiens GN=MYO3B	HUMAN	0					
1504	0.33	0.33	15.9099996089935	15.9099996089935	0	smit_c_1_1771	Streptococcus mitis NCTC 12261 [975207 - 975470] Conserved protein	c_1_1771	0					
1505	0.33	0.33	23.7299993634224	23.7299993634224	23.7299993634224	pori2510_c_4_641	Prevotella oris DSM 18711 [84964 - 84788] (REVERSE SENSE) ORF	c_4_641	1					
1506	0.33	0.33	27.7799993753433	27.7799993753433	0	oant1457_c_1_15089	Ochrobactrum anthropi ATCC 49188 [1462757 - 1462542] (REVERSE SENSE)  ORF	c_1_15089	0					
1507	0.33	0.33	36.1699998378754	36.1699998378754	0	ENST00000556859_21	[1528 - 1668] cdna:novel chromosome:GRCh37:14:59100786:59113918:1 gene:ENSG00000165617 gene_biotype:protein_coding transcript_biotype:protein_coding	21	0					
1508	0.33	0.33	58.8199973106384	58.8199973106384	0	ENST00000546410_5	[118 - 168] cdna:known chromosome:GRCh37:12:57106428:57107180:-1 gene:ENSG00000196531 gene_biotype:protein_coding transcript_biotype:retained_intron	5	0					
1509	0.33	0.33	90.9099996089935	90.9099996089935	0	ENST00000395248_2	[3 - 68] cdna:novel chromosome:GRCh37:16:30064444:30081741:1 gene:ENSG00000149925 gene_biotype:protein_coding transcript_biotype:protein_coding	2	0					
1510	0.32	0.33	11.599999666214	0.703100021928549	0	vpara_c_2_2133	Variovorax paradoxus S110 [642954 - 650633] hypothetical protein	c_2_2133	0					
1511	0.32	0.33	15.7399997115135	8.33299979567528	0	mlep_c_1_20718	Mycobacterium leprae Br4923 [655870 - 655547] hypothetical protein	c_1_20718	0					
1512	0.32	0.33	9.41200032830238	9.41200032830238	0	belk2487_c_2_256	Bradyrhizobium elkanii USDA 76 [73220 - 73729]  ORF	c_2_256	0					
1513	0.32	0.33	18.0600002408028	18.0600002408028	0	ENST00000577929_3	[2 - 217] cdna:putative chromosome:GRCh37:17:7477162:7478534:1 gene:ENSG00000161960 gene_biotype:protein_coding transcript_biotype:protein_coding	3	0					
1514	0.32	0.32	9.8300002515316	0.463199988007545	0	sp|Q07283|TRHY_HUMAN	Trichohyalin OS=Homo sapiens GN=TCHH PE=1 SV=2	HUMAN	0					
1515	0.32	0.32	6.0869999229908	1.1570000089705	1.1570000089705	lhof_c_1_876	Leptotrichia hofstadii F0254 [146117 - 140154] fusobacterium outer membrane protein	c_1_876	1					
1516	0.32	0.32	5.10299988090992	2.280000038445	0	tr|E9PB13|E9PB13_HUMAN	Kinase suppressor of Ras 2 OS=Homo sapiens GN=KSR2 PE=4 SV=1	HUMAN	0					
1516	0	0.32	4.94699999690056	2.21100002527237	0	sp|Q6VAB6|KSR2_HUMAN	Kinase suppressor of Ras 2 OS=Homo sapiens GN=KSR2 PE=1 SV=2	HUMAN	0					
1516	0	0.32	7.28899985551834	4.78399991989136	0	sp|Q6VAB6-2|KSR2_HUMAN	Isoform 2 of Kinase suppressor of Ras 2 OS=Homo sapiens GN=KSR2	HUMAN	0					
1516	0	0.32	4.81700003147125	4.81700003147125	0	tr|H7BXM9|H7BXM9_HUMAN	Kinase suppressor of Ras 2 OS=Homo sapiens GN=KSR2 PE=4 SV=1	HUMAN	0					
1517	0.32	0.32	11.0699996352196	3.92899997532368	0	ppro_c_1_11401	Propionibacterium propionicum F0230a [3380075 - 3379236] (REVERSE SENSE)  ORF	c_1_11401	0					
1518	0.32	0.32	5.39800003170967	1.42000000923872	0	belk2487_c_3_10696	Bradyrhizobium elkanii USDA 76 [641469 - 639358] (REVERSE SENSE) ORF	c_3_10696	0					
1519	0.32	0.32	16.1300003528595	6.4520001411438	0	ssob_c_27_53	Streptococcus sobrinus TCI-107 [12376 - 12005] hypothetical protein	c_27_53	0					
1520	0.32	0.32	12.1399998664856	3.83399985730648	0	sp|Q15485|FCN2_HUMAN	Ficolin-2 OS=Homo sapiens GN=FCN2 PE=1 SV=2	HUMAN	0					
1520	0	0.32	4.3639998883009	4.3639998883009	0	sp|Q15485-2|FCN2_HUMAN	Isoform 2 of Ficolin-2 OS=Homo sapiens GN=FCN2	HUMAN	0					
1521	0.32	0.32	6.16700015962124	5.28599992394447	0	ppse_c_29_361	Pseudomonas pseudoalcaligenes KF707 [28632 - 27952] (REVERSE SENSE) ORF	c_29_361	0					
1522	0.32	0.32	7.41700008511543	2.30199992656708	0	belk_c_57_56	Bradyrhizobium elkanii 587 [13507 - 14679]  ORF	c_57_56	0					
1523	0.32	0.32	14.1699999570847	14.1699999570847	0	aot171_c_3_181	Actinomyces sp. oral taxon 171 F0337 [31827 - 31468] hypothetical protein	c_3_181	0					
1524	0.32	0.32	3.39299999177456	1.60700008273125	0	RRRRRsp|Q8IZ26|ZNF34_HUMAN	REVERSED Zinc finger protein 34 OS=Homo sapiens GN=ZNF34 PE=1 SV=3	HUMAN	0					
1525	0.32	0.32	9.09100025892258	9.09100025892258	0	smit_c_1_2202	Streptococcus mitis NCTC 12261 [1192762 - 1193091] mobilization protein	c_1_2202	0					
1526	0.32	0.32	16.6700005531311	16.6700005531311	0	mlot_c_1_12231	Mesorhizobium loti MAFF303099 [3337672 - 3337959] hypothetical protein	c_1_12231	0					
1527	0.32	0.32	6.75700008869171	6.75700008869171	0	cdur_c_9_368	Corynebacterium durum F0235 [123724 - 124389]  ORF	c_9_368	0					
1528	0.32	0.32	35.8500003814697	35.8500003814697	0	bper_c_1_2122	Bordetella pertussis Tohama I ATCC BAA-589, NCTC-13251 [669557 - 669715] hypothetical protein	c_1_2122	0					
1529	0.32	0.32	4.94999997317791	4.94999997317791	0	bdim1892_c_22_177	Brevundimonas diminuta 470-4, ATCC 13184 [34957 - 33746] (REVERSE SENSE) ORF	c_22_177	0					
1530	0.32	0.32	11.3600000739098	11.3600000739098	0	aot170_c_6_275	Actinomyces sp. oral taxon 170 F0386 [83946 - 84209] hypothetical protein	c_6_275	0					
1531	0.31	0.32	14.4299998879433	4.97500002384186	0	ctes_c_1_23474	Comamonas testosteroni KF-1 [5526380 - 5525778] hypothetical protein	c_1_23474	0					
1532	0.31	0.32	3.85399982333183	2.14099995791912	0	lmon1053_c_1_917	Listeria monocytogenes 08-5578 [632621 - 634021]  ORF	c_1_917	0					
1533	0.31	0.32	10.980000346899	7.31699988245964	0	aot178_c_7_166	Actinomyces sp. oral taxon 178 F0338 [25173 - 24436] hypothetical protein	c_7_166	0					
1534	0.31	0.32	2.57099997252226	2.57099997252226	0	sinfelix_c_1_449	Selenomonas infelix ATCC 43532 [126936 - 127985] hypothetical protein	c_1_449	0					
1535	0.31	0.32	12.1200002729893	12.1200002729893	0	pot472_c_14_208	Prevotella sp. oral taxon 472 F0295 [37425 - 37228] hypothetical protein	c_14_208	0					
1536	0.31	0.32	12.3099997639656	12.3099997639656	0	chom_c_33_59	Cardiobacterium hominis ATCC 15826 [17223 - 17417] hypothetical protein	c_33_59	0					
1537	0.31	0.31	8.40400010347366	1.70200001448393	0	sp|Q7Z7M9|GALT5_HUMAN	Polypeptide N-acetylgalactosaminyltransferase 5 OS=Homo sapiens GN=GALNT5 PE=1 SV=1	HUMAN	0					
1538	0.31	0.31	6.59999996423721	1.26700000837445	0	lmir_c_4_1049	Lautropia mirabilis ATCC 51599 [291924 - 296423] multidrug resistance transport transmembrane protein	c_4_1049	0					
1539	0.31	0.31	5.11500015854836	1.50499995797873	0	puen_c_9_190	Porphyromonas uenonis 60-3 [66685 - 63695] RecB family exonuclease	c_9_190	0					
1540	0.31	0.31	10.9300002455711	8.51899981498718	0	ksed_c_1_314	Kytococcus sedentarius DSM 20547 [108987 - 110606] phosphodiesterase/alkaline phosphatase D	c_1_314	0					
1541	0.31	0.31	3.75000014901161	1.87500007450581	1.87500007450581	bot274_c_14_145	Bacteroidetes bacterium oral taxon 274 F0058 [52451 - 53890] aminoacyl-histidine dipeptidase	c_14_145	1					
1542	0.31	0.31	5.39200007915497	2.45099999010563	2.45099999010563	RRRRRbper_c_1_5410	REVERSED Bordetella pertussis Tohama I ATCC BAA-589, NCTC-13251 [1715434 - 1716657] hypothetical protein	c_1_5410	1					
1543	0.31	0.31	9.87700000405312	9.87700000405312	0	vpara_c_1_28439	Variovorax paradoxus S110 [1955997 - 1955755] hypothetical protein	c_1_28439	0					
1544	0.31	0.31	40.3800010681152	40.3800010681152	0	ppro_c_1_598	Propionibacterium propionicum F0230a [174423 - 174578]  ORF	c_1_598	0					
1545	0.31	0.31	3.1029999256134	3.1029999256134	0	kpne1249_c_2_504	Klebsiella pneumoniae Kp342 [169491 - 168235] (REVERSE SENSE)  ORF	c_2_504	0					
1546	0.31	0.31	34.6199989318848	34.6199989318848	0	bdim1892_c_13_258	Brevundimonas diminuta 470-4, ATCC 13184 [22354 - 22199] (REVERSE SENSE) ORF	c_13_258	0					
1547	0.3	0.31	17.8100004792213	12.33000010252	0	ENST00000481940_8	[332 - 769] cdna:known chromosome:GRCh37:2:219222426:219232822:1 gene:ENSG00000158428 gene_biotype:protein_coding transcript_biotype:processed_transcript	8	0					
1548	0.3	0.31	4.32600006461143	4.32600006461143	0	pavi_c_1_1230	Propionibacterium avidum ATCC 25577 [348594 - 349772] hypothetical protein	c_1_1230	0					
1548	0	0.31	4.32600006461143	4.32600006461143	0	pavi2522_c_1_4773	Propionibacterium avidum 44067 [1313744 - 1314922]  ORF	c_1_4773	0					
1549	0.3	0.3	23.0800002813339	5.98299987614155	5.98299987614155	pstu_c_1_21742	Pseudomonas stutzeri A1501, CGMCC 0351 [2655228 - 2654527] hypothetical protein	c_1_21742	1					
1550	0.3	0.3	3.69599983096123	0.869600009173155	0	pdenta_c_2_1206	Prevotella dentalis DSM 3688 [60107 - 57348] DNA-directed DNA polymerase I	c_2_1206	0					
1551	0.3	0.3	9.61500033736229	3.84600013494492	0	tr|H0YAZ9|H0YAZ9_HUMAN	Cyclin-dependent kinase 16 (Fragment) OS=Homo sapiens GN=CDK16 PE=1 SV=1	HUMAN	0					
1551	0	0.3	5.04000000655651	2.01600007712841	0	sp|Q00536|CDK16_HUMAN	Cyclin-dependent kinase 16 OS=Homo sapiens GN=CDK16 PE=1 SV=1	HUMAN	0					
1551	0	0.3	4.98000010848045	1.99200008064508	0	sp|Q00536-3|CDK16_HUMAN	Isoform 3 of Cyclin-dependent kinase 16 OS=Homo sapiens GN=CDK16	HUMAN	0					
1551	0	0.3	4.38599996268749	1.75400003790855	0	sp|Q00536-2|CDK16_HUMAN	Isoform 2 of Cyclin-dependent kinase 16 OS=Homo sapiens GN=CDK16	HUMAN	0					
1552	0.3	0.3	31.0600012540817	14.3900007009506	0	paer_c_1_25674	Pseudomonas aeruginosa LESB58 [4714089 - 4713694] hypothetical protein	c_1_25674	0					
1553	0.3	0.3	3.95199991762638	1.20299998670816	0	aot848_c_2_2865	Actinomyces sp. oral taxon 848 F0332 [337216 - 335471] DUF262 domain-containing protein	c_2_2865	0					
1554	0.3	0.3	44.2600011825562	16.3900002837181	0	ENST00000379565_1	[1 - 183] cdna:known chromosome:GRCh37:X:20168029:20284958:-1 gene:ENSG00000177189 gene_biotype:protein_coding transcript_biotype:protein_coding	1	0					
1555	0.3	0.3	17.2399997711182	17.2399997711182	17.2399997711182	pbus_c_43_52	Prevotella buccalis ATCC 35310 [14938 - 14678] hypothetical protein	c_43_52	1					
1556	0.3	0.3	8.59400033950806	8.59400033950806	0	nbac_c_23_20	Neisseria bacilliformis ATCC BAA-1200 [5999 - 6382] hypothetical protein	c_23_20	0					
1557	0.3	0.3	3.21400016546249	3.21400016546249	0	elim_c_1_10555	Eubacterium limosum KIST612 [3980652 - 3981491] hypothetical protein	c_1_10555	0					
1558	0.3	0.3	10.3399999439716	10.3399999439716	0	ajoh_c_28_129	Actinomyces johnsonii F0330 [20557 - 20210] hypothetical protein	c_28_129	0					
1559	0.3	0.3	21.1500003933907	21.1500003933907	0	NCBIABWM_c_7_413	Enterobacter cancerogenus ATCC 35316 [127957 - 128112] hypothetical protein	c_7_413	0					
1560	0.3	0.3	27.6899993419647	27.6899993419647	0	ENST00000426248_44	[2637 - 2831] cdna:known chromosome:GRCh37:2:159313476:159537564:1 gene:ENSG00000144283 gene_biotype:protein_coding transcript_biotype:nonsense_mediated_decay	44	0					
1561	0.29	0.3	11.0600002110004	11.0600002110004	0	pflu_c_1_4911	Pseudomonas fluorescens Pf0-1 [1562017 - 1562640] hypothetical protein	c_1_4911	0					
1562	0.29	0.29	6.51699975132942	0.226700003258884	0	fmag_c_9_196	Finegoldia magna BVS033A4 [60955 - 50369] (REVERSE SENSE) ORF	c_9_196	0					
1563	0.29	0.29	9.17100012302399	1.21499998494983	0	pot192_c_1_1517	Propionibacterium sp. oral taxon 192 F0372 [412651 - 415365]  ORF	c_1_1517	0					
1564	0.29	0.29	7.81000033020973	2.14399993419647	0	paer_c_1_15282	Pseudomonas aeruginosa LESB58 [5011131 - 5013089] hypothetical protein	c_1_15282	0					
1565	0.29	0.29	36.2100005149841	13.7899994850159	0	ctes_c_1_10050	Comamonas testosteroni KF-1 [2788570 - 2788743] hypothetical protein	c_1_10050	0					
1566	0.29	0.29	3.32400016486645	3.32400016486645	0	ppis_c_6_192	Pyramidobacter piscolens W5455, DSM 21147, CCUG 55836, F0317 [69655 - 68573] (REVERSE SENSE) ORF	c_6_192	0					
1567	0.29	0.29	10.5599999427795	10.5599999427795	0	esap_c_1_1631	Eubacterium saphenum ATCC 49989 [629749 - 629210] hypothetical protein	c_1_1631	0					
1568	0.29	0.29	17.6499992609024	17.6499992609024	0	bbre_c_13_174	Bifidobacterium breve CECT 7263 [56499 - 56651]  ORF	c_13_174	0					
1569	0.29	0.29	7.89500027894974	7.89500027894974	0	abro_c_1_3502	Afipia broomeae ATCC 49717 [1001450 - 1001791]  ORF	c_1_3502	0					
1570	0.29	0.29	2.55200006067753	2.55200006067753	0	RRRRRsp|P28324|ELK4_HUMAN	REVERSED ETS domain-containing protein Elk-4 OS=Homo sapiens GN=ELK4 PE=1 SV=3	HUMAN	0					
1570	0	0.29	2.71600000560284	2.71600000560284	0	RRRRRsp|P28324-2|ELK4_HUMAN	REVERSED Isoform 2 of ETS domain-containing protein Elk-4 OS=Homo sapiens GN=ELK4	HUMAN	0					
1571	0.29	0.29	28.1699985265732	28.1699985265732	0	NCBIAAYI_c_1_3515	Actinomyces odontolyticus DSM 43331, ATCC 17982 [1058216 - 1058428]  ORF	c_1_3515	0					
1572	0.29	0.29	14.1200006008148	14.1200006008148	0	ENST00000366577_210	[9901 - 10155] cdna:known chromosome:GRCh37:1:236958610:237067281:1 gene:ENSG00000116984 gene_biotype:protein_coding transcript_biotype:protein_coding	210	0					
1573	0.28	1.96	28.6199986934662	10.1400002837181	7.24600031971931	ENST00000356142_15	[3 - 830] cdna:known chromosome:GRCh37:7:6414170:6442151:1 gene:ENSG00000136238 gene_biotype:protein_coding transcript_biotype:protein_coding	15	2					
1573	0	1.96	30.0399988889694	10.6499999761581	7.60499984025955	ENST00000348035_14	[1 - 789] cdna:known chromosome:GRCh37:7:6414154:6443608:1 gene:ENSG00000136238 gene_biotype:protein_coding transcript_biotype:protein_coding	14	2					
1573	0	1.96	30.2100002765656	14.5799994468689	10.419999808073	sp|P63000|RAC1_HUMAN	Ras-related C3 botulinum toxin substrate 1 OS=Homo sapiens GN=RAC1 PE=1 SV=1	HUMAN	2					
1573	0	1.96	27.4899989366531	13.2699996232986	9.47899967432022	sp|P63000-2|RAC1_HUMAN	Isoform B of Ras-related C3 botulinum toxin substrate 1 OS=Homo sapiens GN=RAC1	HUMAN	2					
1573	0	0.39	14.7100001573563	14.7100001573563	8.8239997625351	tr|J3QLK0|J3QLK0_HUMAN	Ras-related C3 botulinum toxin substrate 3 (Fragment) OS=Homo sapiens GN=RAC3 PE=1 SV=1	HUMAN	1					
1573	0	0.39	15.3799995779991	15.3799995779991	9.23099964857101	tr|J3KSC4|J3KSC4_HUMAN	Ras-related C3 botulinum toxin substrate 3 (Fragment) OS=Homo sapiens GN=RAC3 PE=1 SV=1	HUMAN	1					
1573	0	0.39	10.419999808073	10.419999808073	6.25	sp|P60763|RAC3_HUMAN	Ras-related C3 botulinum toxin substrate 3 OS=Homo sapiens GN=RAC3 PE=1 SV=1	HUMAN	1					
1574	0.28	0.29	5.67100010812283	1.51199996471405	0	mlot_c_1_14615	Mesorhizobium loti MAFF303099 [3976320 - 3977906] hypothetical protein	c_1_14615	0					
1575	0.28	0.29	5.9909999370575	2.53500007092953	0	belk_c_1244_5	Bradyrhizobium elkanii 587 [311 - 1612]  ORF	c_1244_5	0					
1576	0.28	0.28	20.5599993467331	4.44400012493134	0	pana_c_12_151	Peptostreptococcus anaerobius 653-L [31331 - 30792] 50S ribosomal protein L5	c_12_151	0					
1577	0.28	0.28	4.78900000452995	2.53500007092953	0	pot472_c_97_31	Prevotella sp. oral taxon 472 F0295 [1474 - 410] Mannosyltransferase, family GT4	c_97_31	0					
1578	0.28	0.28	5.78700006008148	1.85199994593859	0	blon2249_c_1_9858	Bifidobacterium longum subsp. infantis ATCC 15697 [2701608 - 2700313] (REVERSE SENSE)  ORF	c_1_9858	0					
1579	0.28	0.28	6.17799982428551	3.08899991214275	0	swig_c_1_1470	Scardovia wiggsiae F0424 [445440 - 446216]  ORF	c_1_1470	0					
1580	0.28	0.28	50	22.2200006246567	0	sot149_c_12_121	Selenomonas sp. oral taxon 149 str. 67H29BP [36150 - 36311] hypothetical protein	c_12_121	0					
1581	0.28	0.28	12.4099999666214	6.56900033354759	0	pgin_c_1_12038	Porphyromonas gingivalis W83 [330129 - 329719] hypothetical protein	c_1_12038	0					
1582	0.28	0.28	9.5710001885891	7.26099982857704	0	aot175_c_2_1827	Actinomyces sp. oral taxon 175 F0384 [578928 - 579836] hypothetical protein	c_2_1827	0					
1583	0.28	0.28	34.0700000524521	19.7799995541573	0	ENST00000568988_2	[47 - 319] cdna:putative chromosome:GRCh37:16:577823:598209:1 gene:ENSG00000103326 gene_biotype:protein_coding transcript_biotype:protein_coding	2	0					
1584	0.28	0.28	20.0000002980232	20.0000002980232	0	vpara_c_2_7347	Variovorax paradoxus S110 [46153 - 45959] hypothetical protein	c_2_7347	0					
1585	0.28	0.28	25.6099998950958	25.6099998950958	25.6099998950958	lrha_c_1_10750	Lactobacillus rhamnosus GG [1019738 - 1019493] hypothetical protein	c_1_10750	1					
1586	0.28	0.28	1.93700008094311	1.93700008094311	0	cmor_c_1_763	Catonella morbi ATCC 51271 [215789 - 214551] peptidase T	c_1_763	0					
1587	0.28	0.28	13.680000603199	13.680000603199	0	ENST00000345046_2	[3 - 287] cdna:known chromosome:GRCh37:X:152965952:152990152:-1 gene:ENSG00000185825 gene_biotype:protein_coding transcript_biotype:protein_coding	2	0					
1588	0.28	0.28	44.4400012493134	44.4400012493134	0	ENST00000260283_47	[2753 - 2833] cdna:known chromosome:GRCh37:11:110447766:110583451:-1 gene:ENSG00000137727 gene_biotype:protein_coding transcript_biotype:protein_coding	47	0					
1589	0.27	0.28	6.16400018334389	6.16400018334389	0	ypes1054_c_1_118	Yersinia pestis Antiqua JGI [55232 - 55669]  ORF	c_1_118	0					
1590	0.27	0.28	47.9999989271164	47.9999989271164	0	ENST00000604560_5	[153 - 227] cdna:novel chromosome:GRCh37:12:51674822:51717899:-1 gene:ENSG00000110934 gene_biotype:protein_coding transcript_biotype:protein_coding	5	0					
1591	0.27	0.28	12.5	12.5	0	ENST00000465415_10	[335 - 622] cdna:known chromosome:GRCh37:1:26503994:26507574:1 gene:ENSG00000142675 gene_biotype:protein_coding transcript_biotype:retained_intron	10	0					
1592	0.27	0.27	39.1799986362457	4.63900007307529	0	bcep_c_2_8126	Burkholderia cepacia GG4 [2572781 - 2573362]  ORF	c_2_8126	0					
1593	0.27	0.27	7.94799998402596	3.88199985027313	0	bdim1892_c_37_131	Brevundimonas diminuta 470-4, ATCC 13184 [13157 - 11535] (REVERSE SENSE) ORF	c_37_131	0					
1594	0.27	0.27	21.0199996829033	5.09600006043911	0	RRRRRbelk2487_c_1_6947	REVERSED Bradyrhizobium elkanii USDA 76 [1971911 - 1972381]  ORF	c_1_6947	0					
1595	0.27	0.27	18.520000576973	4.07399982213974	0	vpara_c_2_935	Variovorax paradoxus S110 [291382 - 292191] hypothetical protein	c_2_935	0					
1596	0.27	0.27	24.379999935627	8.74999985098839	8.74999985098839	tr|Q5JTR9|Q5JTR9_HUMAN	Coiled-coil domain-containing protein 7 (Fragment) OS=Homo sapiens GN=CCDC7 PE=4 SV=1	HUMAN	1					
1596	0	0.27	8.02500024437904	2.88100000470877	2.88100000470877	sp|Q96M83|CCDC7_HUMAN	Coiled-coil domain-containing protein 7 OS=Homo sapiens GN=CCDC7 PE=2 SV=2	HUMAN	1					
1596	0	0.27	7.89500027894974	2.83400006592274	2.83400006592274	ENST00000277657_31	[286 - 1767] cdna:known chromosome:GRCh37:10:32735068:32863492:1 gene:ENSG00000216937 gene_biotype:protein_coding transcript_biotype:protein_coding	31	1					
1597	0.27	0.27	12.8800004720688	3.68099994957447	0	pstu_c_1_26979	Pseudomonas stutzeri A1501, CGMCC 0351 [1130105 - 1129128] hypothetical protein	c_1_26979	0					
1598	0.27	0.27	3.36400009691715	1.63100007921457	0	ccur_c_1_4792	Campylobacter curvus 525.92 [1261582 - 1258640] transcription-repair coupling factor	c_1_4792	0					
1599	0.27	0.27	16.3200005888939	11.5800000727177	0	rcap_c_1_5163	Rhodobacter capsulatus SB 1003 [1643662 - 1644231] hypothetical protein	c_1_5163	0					
1600	0.27	0.27	45.3099995851517	18.75	0	mmul_c_9_344	Mobiluncus mulieris ATCC 35243 [82866 - 82675] hypothetical protein	c_9_344	0					
1601	0.27	0.27	41.1799997091293	41.1799997091293	0	jant_c_1_1001	Jonquetella anthropi DSM 22815 [289850 - 290002]  ORF	c_1_1001	0					
1602	0.27	0.27	3.52099984884262	3.52099984884262	0	RRRRRsp|O14813|PHX2A_HUMAN	REVERSED Paired mesoderm homeobox protein 2A OS=Homo sapiens GN=PHOX2A PE=1 SV=2	HUMAN	0					
1603	0.27	0.27	43.4799998998642	43.4799998998642	0	ENST00000469346_30	[1561 - 1629] cdna:known chromosome:GRCh37:X:46937824:46944360:1 gene:ENSG00000130988 gene_biotype:protein_coding transcript_biotype:processed_transcript	30	0					
1604	0.27	0.27	55.5599987506866	55.5599987506866	0	ENST00000374169_2	[18 - 71] cdna:known chromosome:GRCh37:9:116169515:116172662:-1 gene:ENSG00000148229 gene_biotype:protein_coding transcript_biotype:protein_coding	2	0					
1605	0.26	0.27	16.0899996757507	8.04599970579147	0	pflu1300_c_1_33184	Pseudomonas fluorescens Pf-5 [4024198 - 4023677] (REVERSE SENSE)  ORF	c_1_33184	0					
1606	0.26	0.27	19.2300006747246	19.2300006747246	0	agem_c_33_79	Anaeroglobus geminatus F0357 [14113 - 13958] hypothetical protein	c_33_79	0					
1607	0.26	0.27	5.69600015878677	5.69600015878677	0	aact_c_1_2869	Aggregatibacter actinomycetemcomitans HK1651 [1389390 - 1390337] tagatose-bisphosphate aldolase	c_1_2869	0					
1608	0.26	0.26	5.63400015234947	0.290800002403557	0	fnucp_c_4_263	Fusobacterium nucleatum subsp. polymorphum ATCC 10953 [245462 - 237210] possible TPS family two-partner secretion family protein TpsAs	c_4_263	0					
1609	0.26	0.26	3.84600013494492	0.378799997270107	0	RRRRRsp|Q5T011|SZT2_HUMAN	REVERSED Protein SZT2 OS=Homo sapiens GN=SZT2 PE=2 SV=3	HUMAN	0					
1609	0	0.26	3.91100011765957	0.385199999436736	0	RRRRRsp|Q5T011-5|SZT2_HUMAN	REVERSED Isoform 3 of Protein SZT2 OS=Homo sapiens GN=SZT2	HUMAN	0					
1610	0.26	0.26	37.8899991512299	7.36799985170364	0	sepi_c_3_247	Staphylococcus epidermidis W23144 [25895 - 25326] telomeric repeat-binding factor 2	c_3_247	0					
1611	0.26	0.26	17.9199993610382	7.54700005054474	0	poul_c_9_417	Prevotella oulorum F0390 [10664 - 10347] hypothetical protein	c_9_417	0					
1612	0.26	0.26	12.0399996638298	8.02899971604347	0	mtub_c_1_104	Mycobacterium tuberculosis CDC1551 [28365 - 29186] secreted protein	c_1_104	0					
1613	0.26	0.26	10.0000001490116	10.0000001490116	0	bfor_c_1_12538	Tannerella forsythia ATCC 43037 FDC 338 [CCUG 21028A, CCUG 33064] hypothetical protein	CCUG 21028A, CCUG 33064	0					
1614	0.26	0.26	13.4299993515015	3.35800014436245	0	NCBIABWG_c_2_72	Lactobacillus jensenii 1153 [58204 - 59007] ABC transporter periplasmic protein	c_2_72	0					
1615	0.26	0.26	31.25	31.25	0	tr|D6R9N1|D6R9N1_HUMAN	Cytochrome c oxidase subunit 7B2, mitochondrial (Fragment) OS=Homo sapiens GN=COX7B2 PE=4 SV=1	HUMAN	0					
1615	0	0.26	12.3499996960163	12.3499996960163	0	sp|Q8TF08|CX7B2_HUMAN	Cytochrome c oxidase subunit 7B2, mitochondrial OS=Homo sapiens GN=COX7B2 PE=2 SV=2	HUMAN	0					
1616	0.25	0.28	9.45499986410141	2.56399996578693	0	bper_c_1_6308	Bordetella pertussis Tohama I ATCC BAA-589, NCTC-13251 [1995985 - 1997856] hypothetical protein	c_1_6308	0					
1617	0.25	0.26	4.36899997293949	1.94199997931719	0	smal_c_1_30174	Stenotrophomonas maltophilia R551-3 [695814 - 693961] hypothetical protein	c_1_30174	0					
1618	0.25	0.26	37.2900009155273	23.7299993634224	0	aot178_c_163_16	Actinomyces sp. oral taxon 178 F0338 [4684 - 4508] hypothetical protein	c_163_16	0					
1619	0.25	0.26	15.5200004577637	15.5200004577637	0	rmuc1724_c_1_4155	Rothia mucilaginosa DY-18 [1526266 - 1526439]  ORF	c_1_4155	0					
1620	0.25	0.26	9.17399972677231	9.17399972677231	0	ppse_c_9_1112	Pseudomonas pseudoalcaligenes KF707 [19635 - 18982] (REVERSE SENSE) ORF	c_9_1112	0					
1621	0.25	0.25	5.79300001263618	0.812999997287989	0	chom_c_36_142	Cardiobacterium hominis ATCC 15826 [18148 - 15197] 3-deoxy-7-phosphoheptulonate synthase	c_36_142	0					
1622	0.25	0.25	25.4000008106232	7.14299976825714	0	not014_c_4_839	Neisseria sp. oral taxon 014 F0314 [110047 - 109670] hypothetical protein	c_4_839	0					
1623	0.25	0.25	3.89200001955032	1.17899999022484	0	kpne1249_c_1_19791	Klebsiella pneumoniae Kp342 [4431852 - 4429309] (REVERSE SENSE)  ORF	c_1_19791	0					
1624	0.25	0.25	3.78799997270107	1.36399995535612	0	bant_c_2_474	Bacillus anthracis A0248 [19400 - 15441] reticulocyte binding protein	c_2_474	0					
1625	0.25	0.25	26.9800007343292	10.3200003504753	10.3200003504753	rcap_c_1_17226	Rhodobacter capsulatus SB 1003 [2000487 - 2000110] hypothetical protein	c_1_17226	1					
1626	0.25	0.25	32.1399986743927	17.8599998354912	0	oot078_c_3_1122	Oribacterium sp. oral taxon 078 F0262 [165663 - 165496] hypothetical protein	c_3_1122	0					
1627	0.25	0.25	6.34199976921082	4.22799997031689	0	NCBIABIX_c_1_10080	Bifidobacterium dentium ATCC 27678 [2307155 - 2305737] (REVERSE SENSE) ORF	c_1_10080	0					
1628	0.25	0.25	21.2799996137619	14.8900002241135	0	ENST00000440791_3	[3 - 143] cdna:pseudogene chromosome:GRCh37:10:30590752:30591001:-1 gene:ENSG00000230125 gene_biotype:pseudogene transcript_biotype:processed_pseudogene	3	0					
1629	0.25	0.25	9.29400026798248	9.29400026798248	0	lhof_c_1_253	Leptotrichia hofstadii F0254 [162169 - 162975] peptide synthase	c_1_253	0					
1630	0.25	0.25	11.2099997699261	11.2099997699261	0	ahae_c_1_9246	Arcanobacterium haemolyticum CCM, DSM 20595, ATCC 9345 [867360 - 867013] hypothetical protein	c_1_9246	0					
1631	0.25	0.25	5.31399995088577	5.31399995088577	0	ENST00000378378_4	[2 - 622] cdna:known chromosome:GRCh37:1:3370990:3397677:1 gene:ENSG00000130762 gene_biotype:protein_coding transcript_biotype:protein_coding	4	0					
1632	0.24	0.27	7.64599964022636	4.19799983501434	0	tr|A6NN80|A6NN80_HUMAN	Annexin OS=Homo sapiens GN=ANXA6 PE=1 SV=3	HUMAN	0					
1632	0	0.27	7.57799968123436	4.16000001132488	0	sp|P08133|ANXA6_HUMAN	Annexin A6 OS=Homo sapiens GN=ANXA6 PE=1 SV=3	HUMAN	0					
1632	0	0.27	7.95599967241287	4.36800010502338	0	sp|P08133-2|ANXA6_HUMAN	Isoform 2 of Annexin A6 OS=Homo sapiens GN=ANXA6	HUMAN	0					
1632	0	0.27	7.25499987602234	3.98299992084503	0	ENST00000523714_40	[1 - 2109] cdna:putative chromosome:GRCh37:5:150480670:150521201:-1 gene:ENSG00000197043 gene_biotype:protein_coding transcript_biotype:protein_coding	40	0					
1632	0	0.27	9.56500023603439	6.0869999229908	0	tr|E5RK69|E5RK69_HUMAN	Annexin OS=Homo sapiens GN=ANXA6 PE=1 SV=1	HUMAN	0					
1632	0	0.27	8.48499983549118	8.48499983549118	0	tr|E7EMC6|E7EMC6_HUMAN	Annexin OS=Homo sapiens GN=ANXA6 PE=1 SV=1	HUMAN	0					
1633	0.24	0.25	4.51700016856194	1.71300005167723	0	rcap_c_1_10616	Rhodobacter capsulatus SB 1003 [3395073 - 3396998] hypothetical protein	c_1_10616	0					
1634	0.24	0.25	17.1200007200241	4.55400012433529	0	bper_c_1_6518	Bordetella pertussis Tohama I ATCC BAA-589, NCTC-13251 [2070045 - 2071691] bug68 gene product	c_1_6518	0					
1635	0.24	0.25	12.4300003051758	4.73399981856346	0	aot448_c_43_82	Actinomyces sp. oral taxon 448 F0400 [2814 - 2308] hypothetical protein	c_43_82	0					
1636	0.24	0.25	2.53199990838766	2.53199990838766	0	chom_c_10_257	Cardiobacterium hominis ATCC 15826 [28626 - 27442] hypothetical protein	c_10_257	0					
1637	0.24	0.24	6.45700022578239	1.15900002419949	0	pmulx_c_2_498	Prevotella multisaccharivorax DSM 17128 [183492 - 187115] Mannosylglycoprotein endo-beta-mannosidase	c_2_498	0					
1638	0.24	0.24	5.33300004899502	1.60000007599592	0	sked_c_1_17772	Sanguibacter keddieii DSM 10542 [2076465 - 2074216] hypothetical protein	c_1_17772	0					
1639	0.24	0.24	13.7199997901917	2.2299999371171	2.2299999371171	pdenti_c_1_5926	Prevotella denticola F0289 [1997171 - 1998919] hypothetical protein	c_1_5926	1					
1640	0.24	0.24	4.82599996030331	0.76210000552237	0	aot181_c_10_52	Actinomyces sp. oral taxon 181 F0379 [14658 - 18200]  ORF	c_10_52	0					
1641	0.24	0.24	7.23700001835823	1.97400003671646	1.97400003671646	RRRRRtr|B4DXZ6|B4DXZ6_HUMAN	REVERSED Fragile X mental retardation syndrome-related protein 1 OS=Homo sapiens GN=FXR1 PE=1 SV=1	HUMAN	1					
1641	0	0.24	7.08499997854233	1.93199999630451	1.93199999630451	RRRRRsp|P51114|FXR1_HUMAN	REVERSED Fragile X mental retardation syndrome-related protein 1 OS=Homo sapiens GN=FXR1 PE=1 SV=3	HUMAN	1					
1641	0	0.24	8.20899978280067	2.23900005221367	2.23900005221367	RRRRRsp|P51114-3|FXR1_HUMAN	REVERSED Isoform 3 of Fragile X mental retardation syndrome-related protein 1 OS=Homo sapiens GN=FXR1	HUMAN	1					
1641	0	0.24	5.9179998934269	2.4490000680089	2.4490000680089	RRRRRtr|E9PFF5|E9PFF5_HUMAN	REVERSED Fragile X mental retardation syndrome-related protein 1 OS=Homo sapiens GN=FXR1 PE=1 SV=1	HUMAN	1					
1641	0	0.24	6.38799965381622	2.64299996197224	2.64299996197224	RRRRRtr|E7EU85|E7EU85_HUMAN	REVERSED Fragile X mental retardation syndrome-related protein 1 OS=Homo sapiens GN=FXR1 PE=1 SV=1	HUMAN	1					
1641	0	0.24	23.5799998044968	9.75600033998489	9.75600033998489	RRRRRtr|C9JY20|C9JY20_HUMAN	REVERSED Fragile X mental retardation syndrome-related protein 1 (Fragment) OS=Homo sapiens GN=FXR1 PE=1 SV=1	HUMAN	1					
1641	0	0.24	5.38000017404556	2.22600009292364	2.22600009292364	RRRRRsp|P51114-2|FXR1_HUMAN	REVERSED Isoform 2 of Fragile X mental retardation syndrome-related protein 1 OS=Homo sapiens GN=FXR1	HUMAN	1					
1642	0.24	0.24	6.41399994492531	1.31200002506375	0	RRRRRsp|Q8IUC4|RHPN2_HUMAN	REVERSED Rhophilin-2 OS=Homo sapiens GN=RHPN2 PE=1 SV=1	HUMAN	0					
1642	0	0.24	5.98100014030933	1.68200004845858	0	RRRRRtr|B4DUS7|B4DUS7_HUMAN	REVERSED Rhophilin-2 OS=Homo sapiens GN=RHPN2 PE=2 SV=1	HUMAN	0					
1642	0	0.24	5.48899993300438	1.54400002211332	0	RRRRRsp|A8MT19|RHN2P_HUMAN	REVERSED Putative rhophilin-2-like protein RHPN2P1 OS=Homo sapiens GN=RHPN2P1 PE=5 SV=2	HUMAN	0					
1643	0.24	0.24	9.04999971389771	2.4890000000596	2.4890000000596	tmed_c_13_372	Treponema medium ATCC 700293 [1328 - 3] partial (REVERSE SENSE) ORF	c_13_372	1					
1644	0.24	0.24	6.11100010573864	1.6669999808073	0	RRRRRksed_c_1_314	REVERSED Kytococcus sedentarius DSM 20547 [108987 - 110606] phosphodiesterase/alkaline phosphatase D	c_1_314	0					
1645	0.24	0.24	4.72100004553795	2.46799997985363	0	hot851_c_14_148	Haemophilus sp. oral taxon 851 F0397 [15001 - 12206] outer membrane autotransporter barrel domain protein	c_14_148	0					
1646	0.24	0.24	20.7499995827675	20.7499995827675	0	rpic_c_1_16980	Ralstonia pickettii 12D [2662129 - 2661971] hypothetical protein	c_1_16980	0					
1647	0.24	0.24	16.1899998784065	16.1899998784065	16.1899998784065	ppse_c_10_769	Pseudomonas pseudoalcaligenes KF707 [87908 - 87594] (REVERSE SENSE) ORF	c_10_769	1					
1648	0.24	0.24	10.1800002157688	10.1800002157688	0	pflu1300_c_1_9698	Pseudomonas fluorescens Pf-5 [2941746 - 2942600]  ORF	c_1_9698	0					
1649	0.24	0.24	7.75900036096573	7.75900036096573	0	lot107_c_8_135	Lachnospiraceae bacterium Oral taxon 107 F0167 [93509 - 93856] hypothetical protein	c_8_135	0					
1650	0.24	0.24	19.0099999308586	19.0099999308586	0	ecol1511_c_1_27171	Escherichia coli O157:H7 str. EC4115 [915883 - 915521] (REVERSE SENSE)  ORF	c_1_27171	0					
1651	0.24	0.24	1.93000007420778	1.93000007420778	0	agem_c_38_100	Anaeroglobus geminatus F0357 [7519 - 5810] anaerobic ribonucleoside-triphosphate reductase	c_38_100	0					
1652	0.24	0.24	16.0699993371964	16.0699993371964	0	ENST00000439664_3	[58 - 225] cdna:known chromosome:GRCh37:1:19970208:19983404:1 gene:ENSG00000158747 gene_biotype:protein_coding transcript_biotype:protein_coding	3	0					
1653	0.23	0.24	6.57899975776672	6.57899975776672	0	axyl_c_1_33805	Achromobacter xylosoxidans A8 [3922745 - 3922062] hypothetical protein	c_1_33805	0					
1654	0.23	0.24	22.8799998760223	22.8799998760223	0	mot186_c_2_2889	Microbacterium sp. oral taxon 186 F0373 [342588 - 342235] (REVERSE SENSE) ORF	c_2_2889	0					
1655	0.23	0.24	7.01799988746643	7.01799988746643	0	kpne_c_1_11330	Klebsiella pneumoniae NTUH-K2044 [3913726 - 3914067] cytosine deaminase	c_1_11330	0					
1656	0.23	0.24	17.9499998688698	17.9499998688698	0	cure_c_1_1944	Corynebacterium urealyticum DSM 7109 [599543 - 599776] hypothetical protein	c_1_1944	0					
1657	0.23	0.24	6.4750000834465	6.4750000834465	0	bsub_c_1_720	Bacillus subtilis str. 168 [294572 - 294988] hypothetical protein	c_1_720	0					
1658	0.23	0.23	28.4299999475479	28.4299999475479	0	synsp_sgp_c_1_3395	Synergistetes sp. SGP1 [1204920 - 1205225]  ORF	sgp_c_1_3395	0					
1659	0.23	0.23	2.3080000653863	2.3080000653863	0	pbus_c_25_220	Prevotella buccalis ATCC 35310 [8502 - 7333] DNA mismatch repair protein	c_25_220	0					
1660	0.23	0.23	19.0500006079674	19.0500006079674	0	bant_c_2_219	Bacillus anthracis A0248 [164408 - 164596] hypothetical protein	c_2_219	0					
1661	0.23	0.23	20.0000002980232	20.0000002980232	0	aot180_c_3_905	Actinomyces sp. oral taxon 180 F0310 [270792 - 270971] hypothetical protein	c_3_905	0					
1662	0.23	0.23	20.9299996495247	20.9299996495247	0	ENST00000452143_11	[412 - 540] cdna:known chromosome:GRCh37:1:62901968:62908991:1 gene:ENSG00000162607 gene_biotype:protein_coding transcript_biotype:protein_coding	11	0					
1663	0.23	0.23	44.4400012493134	44.4400012493134	0	ENST00000326624_36	[2144 - 2197] cdna:known chromosome:GRCh37:X:119384607:119392253:1 gene:ENSG00000177485 gene_biotype:protein_coding transcript_biotype:protein_coding	36	0					
1664	0.22	0.23	7.62299969792366	0.255000009201467	0	RRRRRfmag_c_9_196	REVERSED Finegoldia magna BVS033A4 [60955 - 50369] (REVERSE SENSE) ORF	c_9_196	0					
1665	0.22	0.23	23.6100003123283	12.5	0	pdenta_c_10_539	Prevotella dentalis DSM 3688 [54838 - 54623] hypothetical protein	c_10_539	0					
1666	0.22	0.23	19.6400001645088	19.6400001645088	0	sot133_c_1_4686	Selenomonas sp. oral taxon 133 F0473 [530431 - 530264] (REVERSE SENSE) ORF	c_1_4686	0					
1667	0.22	0.22	11.9199998676777	1.70300006866455	0	ENST00000606911_35	[3 - 1940] cdna:known chromosome:GRCh37:1:179851447:179894135:1 gene:ENSG00000143337 gene_biotype:protein_coding transcript_biotype:protein_coding	35	0					
1668	0.22	0.22	16.7500004172325	1.99999995529652	0	daci_c_1_21915	Delftia acidovorans SPH-1 ATCC15668 [6245925 - 6247124] nitrate/sulfonate/bicarbonate ABC transporter periplasmic proteins	c_1_21915	0					
1669	0.22	0.22	7.23500028252602	3.13199982047081	0	cot412_c_9_120	Capnocytophaga sp. oral taxon 412 F0487 [75181 - 77958]  ORF	c_9_120	0					
1670	0.22	0.22	29.229998588562	10.7699997723103	0	ENST00000421285_21	[1137 - 1526] cdna:known chromosome:GRCh37:15:72947079:72958735:1 gene:ENSG00000215186 gene_biotype:protein_coding transcript_biotype:protein_coding	21	0					
1671	0.22	0.22	7.93000012636185	5.41599988937378	0	ppse_c_23_344	Pseudomonas pseudoalcaligenes KF707 [62683 - 61133] (REVERSE SENSE) ORF	c_23_344	0					
1672	0.22	0.22	11.1100003123283	5.05100004374981	0	pflu1300_c_1_25018	Pseudomonas fluorescens Pf-5 [6507136 - 6506543] (REVERSE SENSE)  ORF	c_1_25018	0					
1673	0.22	0.22	5.67400008440018	3.19099985063076	0	dinv_c_1_8555	Dialister invisus DSM 15470 [762533 - 761688] hypothetical protein	c_1_8555	0					
1674	0.22	0.22	25.9700000286102	11.6899996995926	0	bdim_c_130_22	Brevundimonas diminuta ATCC 11568 [8428 - 8198] hypothetical protein	c_130_22	0					
1675	0.22	0.22	38.1599992513657	10.6299996376038	0	bdim1892_c_102_48	Brevundimonas diminuta 470-4, ATCC 13184 [5792 - 5172] (REVERSE SENSE) ORF	c_102_48	0					
1676	0.22	0.22	14.7100001573563	7.05899968743324	0	axyl_c_1_31842	Achromobacter xylosoxidans A8 [4479794 - 4479285] hypothetical protein	c_1_31842	0					
1677	0.22	0.22	1.53299998492002	1.53299998492002	1.53299998492002	RRRRRsp|Q86SJ2|AMGO2_HUMAN	REVERSED Amphoterin-induced protein 2 OS=Homo sapiens GN=AMIGO2 PE=1 SV=1	HUMAN	1					
1678	0.22	0.22	22.6400002837181	22.6400002837181	0	ENST00000435986_10	[323 - 481] cdna:pseudogene chromosome:GRCh37:1:50864497:50865445:-1 gene:ENSG00000229316 gene_biotype:pseudogene transcript_biotype:processed_pseudogene	10	0					
1679	0.21	0.22	2.80200000852346	0.560399983078241	0	aot178_c_1_59	Actinomyces sp. oral taxon 178 F0338 [17772 - 21518] type IIS restriction enzyme	c_1_59	0					
1680	0.21	0.22	2.5280000641942	2.5280000641942	0	pflu1300_c_1_36545	Pseudomonas fluorescens Pf-5 [3014503 - 3013436] (REVERSE SENSE)  ORF	c_1_36545	0					
1681	0.21	0.22	3.36400009691715	3.36400009691715	0	ctes_c_1_17894	Comamonas testosteroni KF-1 [4930731 - 4931711] TRAP dicarboxylate transporter- DctP subunit	c_1_17894	0					
1682	0.21	0.22	19.3000003695488	19.3000003695488	0	amas_c_155_22	Actinomyces massiliensis F0489 [172 - 2] partial (REVERSE SENSE) ORF	c_155_22	0					
1683	0.21	0.22	87.5	87.5	87.5	ENST00000503606_6	[304 - 351] cdna:pseudogene chromosome:GRCh37:5:42972726:42973194:1 gene:ENSG00000250711 gene_biotype:pseudogene transcript_biotype:processed_pseudogene	6	1					
1684	0.21	0.21	9.00600031018257	1.05299996212125	0	ppse_c_52_140	Pseudomonas pseudoalcaligenes KF707 [18678 - 16114] (REVERSE SENSE) ORF	c_52_140	0					
1685	0.21	0.21	9.06900018453598	1.47099997848272	0	tr|G3V529|G3V529_HUMAN	ATP-dependent RNA helicase DDX24 OS=Homo sapiens GN=DDX24 PE=1 SV=1	HUMAN	0					
1685	0	0.21	8.61499980092049	1.39699997380376	0	sp|Q9GZR7|DDX24_HUMAN	ATP-dependent RNA helicase DDX24 OS=Homo sapiens GN=DDX24 PE=1 SV=1	HUMAN	0					
1685	0	0.21	6.34299963712692	1.49299995973706	0	sp|Q9GZR7-2|DDX24_HUMAN	Isoform 2 of ATP-dependent RNA helicase DDX24 OS=Homo sapiens GN=DDX24	HUMAN	0					
1686	0.21	0.21	20.440000295639	3.14499996602535	0	toti_c_49_15	Turicella otitidis ATCC 51513 [2274 - 3227]  ORF	c_49_15	0					
1687	0.21	0.21	16.5099993348122	5.02399988472462	0	sp|P61158|ARP3_HUMAN	Actin-related protein 3 OS=Homo sapiens GN=ACTR3 PE=1 SV=3	HUMAN	0					
1687	0	0.21	14.3299996852875	5.89900016784668	0	tr|F5H3P5|F5H3P5_HUMAN	Actin-related protein 3 OS=Homo sapiens GN=ACTR3 PE=1 SV=1	HUMAN	0					
1687	0	0.21	13.8999998569489	5.72200007736683	0	tr|B4DXW1|B4DXW1_HUMAN	Actin-related protein 3 OS=Homo sapiens GN=ACTR3 PE=1 SV=1	HUMAN	0					
1687	0	0.21	11.0200002789497	4.53599989414215	0	ENST00000535589_18	[3 - 1391] cdna:putative chromosome:GRCh37:2:114648175:114715168:1 gene:ENSG00000115091 gene_biotype:protein_coding transcript_biotype:protein_coding	18	0					
1688	0.21	0.21	85.0000023841858	18.3300003409386	0	smal1329_c_1_526	Stenotrophomonas maltophilia K279a [149391 - 149570]  ORF	c_1_526	0					
1689	0.21	0.21	11.9300000369549	3.1580001115799	0	ENST00000600132_36	[2447 - 3301] cdna:known chromosome:GRCh37:19:4183351:4224811:1 gene:ENSG00000089847 gene_biotype:protein_coding transcript_biotype:protein_coding	36	0					
1690	0.21	0.21	10.3699997067451	2.67600007355213	0	sp|Q719I0|AHSA2_HUMAN	Activator of 90 kDa heat shock protein ATPase homolog 2 OS=Homo sapiens GN=AHSA2 PE=2 SV=2	HUMAN	0					
1691	0.21	0.21	12.5	8.7959997355938	0	sp|P23284|PPIB_HUMAN	Peptidyl-prolyl cis-trans isomerase B OS=Homo sapiens GN=PPIB PE=1 SV=2	HUMAN	0					
1691	0	0.21	9.34299975633621	6.57399967312813	0	ENST00000300026_13	[1 - 867] cdna:known chromosome:GRCh37:15:64448011:64455404:-1 gene:ENSG00000166794 gene_biotype:protein_coding transcript_biotype:protein_coding	13	0					
1692	0.21	0.21	82.4299991130829	31.0799986124039	0	kpne_c_1_5129	Klebsiella pneumoniae NTUH-K2044 [1811282 - 1811503] hypothetical protein	c_1_5129	0					
1693	0.21	0.21	40.2999997138977	22.3900005221367	22.3900005221367	vpara_c_1_26990	Variovorax paradoxus S110 [2396237 - 2396037] hypothetical protein	c_1_26990	1					
1694	0.21	0.21	8.30300003290176	3.61000001430511	0	tr|K7EIZ3|K7EIZ3_HUMAN	Pleckstrin homology domain-containing family J member 1 OS=Homo sapiens GN=PLEKHJ1 PE=4 SV=1	HUMAN	0					
1695	0.21	0.21	3.03000006824732	1.51500003412366	0	RRRRRdaci_c_1_11766	REVERSED Delftia acidovorans SPH-1 ATCC15668 [3380647 - 3382428] hypothetical protein	c_1_11766	0					
1696	0.21	0.21	20.3600004315376	14.9700000882149	0	ENST00000293771_8	[182 - 682] cdna:known chromosome:GRCh37:19:11594242:11616738:-1 gene:ENSG00000161914 gene_biotype:protein_coding transcript_biotype:protein_coding	8	0					
1697	0.21	0.21	18.1799992918968	18.1799992918968	0	mlot_c_3_386	Mesorhizobium loti MAFF303099 [95868 - 96065] hypothetical protein	c_3_386	0					
1698	0.21	0.21	10.0000001490116	10.0000001490116	0	ENST00000535116_4	[199 - 438] cdna:known chromosome:GRCh37:11:63670159:63670875:1 gene:ENSG00000072518 gene_biotype:protein_coding transcript_biotype:retained_intron	4	0					
1699	0.2	0.21	4.97200004756451	4.97200004756451	0	tr|H0Y2R5|H0Y2R5_HUMAN	Mastermind-like protein 3 OS=Homo sapiens GN=MAML3 PE=1 SV=1	HUMAN	0					
1699	0	0.21	2.37300004810095	2.37300004810095	0	tr|E7EVW8|E7EVW8_HUMAN	Mastermind-like protein 3 OS=Homo sapiens GN=MAML3 PE=1 SV=1	HUMAN	0					
1699	0	0.21	2.38099992275238	2.38099992275238	0	sp|Q96JK9|MAML3_HUMAN	Mastermind-like protein 3 OS=Homo sapiens GN=MAML3 PE=1 SV=3	HUMAN	0					
1700	0.2	0.21	7.75199979543686	7.75199979543686	0	synsp_sgp_c_1_13856	Synergistetes sp. SGP1 [457156 - 456770] (REVERSE SENSE)  ORF	sgp_c_1_13856	0					
1701	0.2	0.21	23.9099994301796	23.9099994301796	0	esak_c_1_16037	Cronobacter sakazakii ATCC BAA-894 [3107121 - 3106846] hypothetical protein	c_1_16037	0					
1702	0.2	0.21	12.1200002729893	12.1200002729893	0	ENST00000362010_45	[2092 - 2289] cdna:known chromosome:GRCh37:3:156977531:157221216:-1 gene:ENSG00000197415 gene_biotype:protein_coding transcript_biotype:protein_coding	45	0					
1703	0.2	0.21	10.8800001442432	10.8800001442432	10.8800001442432	ENST00000359013_3	[3 - 443] cdna:known chromosome:GRCh37:3:30648093:30735634:1 gene:ENSG00000163513 gene_biotype:protein_coding transcript_biotype:protein_coding	3	1					
1704	0.2	0.2	19.8300004005432	2.58600004017353	0	RRRRRsp|Q8IV42|PSTK_HUMAN	REVERSED L-seryl-tRNA(Sec) kinase OS=Homo sapiens GN=PSTK PE=1 SV=2	HUMAN	0					
1704	0	0.19	13.3699998259544	2.50700004398823	0	RRRRRtr|H7BYY4|H7BYY4_HUMAN	REVERSED L-seryl-tRNA(Sec) kinase (Fragment) OS=Homo sapiens GN=PSTK PE=1 SV=1	HUMAN	0					
1704	0	0.19	13.1500005722046	3.1139999628067	0	RRRRRtr|C9JJW0|C9JJW0_HUMAN	REVERSED L-seryl-tRNA(Sec) kinase OS=Homo sapiens GN=PSTK PE=1 SV=1	HUMAN	0					
1704	0	0.19	13.1500005722046	3.1139999628067	0	RRRRRsp|Q8IV42-2|PSTK_HUMAN	REVERSED Isoform 2 of L-seryl-tRNA(Sec) kinase OS=Homo sapiens GN=PSTK	HUMAN	0					
1705	0.2	0.2	38.5199993848801	6.66700005531311	0	ENST00000467087_7	[255 - 659] cdna:known chromosome:GRCh37:4:26862313:27027003:1 gene:ENSG00000109689 gene_biotype:protein_coding transcript_biotype:protein_coding	7	0					
1706	0.2	0.2	10.0299999117851	4.55899983644485	4.55899983644485	vpara_c_1_30242	Variovorax paradoxus S110 [1356207 - 1355221] von Willebrand factor, type A	c_1_30242	1					
1707	0.2	0.2	36.4699989557266	17.6499992609024	17.6499992609024	rcap_c_1_10176	Rhodobacter capsulatus SB 1003 [3250731 - 3250985] hypothetical protein	c_1_10176	1					
1708	0.2	0.2	31.9999992847443	15.9999996423721	0	tmal_c_1_2192	Treponema maltophilum ATCC 51939 [758448 - 758597]  ORF	c_1_2192	0					
1709	0.2	0.2	4.46900017559528	4.46900017559528	0	eita_c_7_175	Enterococcus italicus DSM 15952 [80723 - 81259] GNAT family acetyltransferase	c_7_175	0					
1710	0.2	0.2	8.8239997625351	8.8239997625351	0	chom_c_33_218	Cardiobacterium hominis ATCC 15826 [1178 - 873] hypothetical protein	c_33_218	0					
1711	0.2	0.2	3.92999984323978	3.92999984323978	0	amas_c_36_18	Actinomyces massiliensis F0489 [4940 - 5626]  ORF	c_36_18	0					
1712	0.2	0.2	18.520000576973	18.520000576973	0	ENST00000568181_39	[1865 - 2026] cdna:known chromosome:GRCh37:16:84269014:84273356:-1 gene:ENSG00000168418 gene_biotype:protein_coding transcript_biotype:protein_coding	39	0					
1713	0.19	0.2	2.64899991452694	1.65599994361401	0	pot786_c_76_52	Paenibacillus sp. oral taxon 786 D14 [17640 - 19451] trehalose-6-phosphate hydrolase	c_76_52	0					
1714	0.19	0.2	10.9499998390675	10.9499998390675	0	NCBIACDX_c_17_117	Neisseria mucosa ATCC 25996 [36895 - 37743] hypothetical protein	c_17_117	0					
1715	0.19	0.2	25	25	0	ENST00000602666_5	[108 - 215] cdna:known chromosome:GRCh37:4:154561320:154602332:1 gene:ENSG00000250771 gene_biotype:pseudogene transcript_biotype:processed_transcript	5	0					
1716	0.19	0.19	4.58800010383129	0.114399997983128	0	tr|J3QTJ6|J3QTJ6_HUMAN	Fibrous sheath-interacting protein 2 OS=Homo sapiens GN=FSIP2 PE=4 SV=1	HUMAN	0					
1716	0	0.19	4.64700013399124	0.115799997001886	0	sp|Q5CZC0|FSIP2_HUMAN	Fibrous sheath-interacting protein 2 OS=Homo sapiens GN=FSIP2 PE=2 SV=4	HUMAN	0					
1717	0.19	0.19	33.2100003957748	4.38000001013279	0	ageo_c_68_38	Actinomyces georgiae F0490 [10552 - 11373] partial ORF	c_68_38	0					
1718	0.19	0.19	3.76800000667572	0.772899994626641	0	RRRRRsot137_c_2_824	REVERSED Selenomonas sp. oral taxon 137 F0430 [244650 - 247754] hypothetical protein	c_2_824	0					
1719	0.19	0.19	4.7690000385046	1.26200001686811	0	pver_c_1_555	Prevotella veroralis F0319 [282448 - 284586] tetratricopeptide repeat protein	c_1_555	0					
1720	0.19	0.19	12.6200005412102	5.13999983668327	0	bper_c_1_4006	Bordetella pertussis Tohama I ATCC BAA-589, NCTC-13251 [1265983 - 1266624] hypothetical protein	c_1_4006	0					
1721	0.19	0.19	3.77399995923042	0.943399965763092	0	RRRRRlrha_c_1_9643	REVERSED Lactobacillus rhamnosus GG [1463018 - 1459839] Carbamoylphosphate synthase large subunit	c_1_9643	0					
1722	0.19	0.19	12.1699996292591	3.47799994051456	0	pot317_c_29_173	Prevotella sp. oral taxon 317 F0108 [30536 - 29847] sporulation and cell division repeat protein	c_29_173	0					
1723	0.19	0.19	15.4699996113777	7.19399973750114	0	nsic_c_2_505	Neisseria sicca ATCC 29256 [158280 - 159113] glycerol-3-phosphate regulon repressor	c_2_505	0					
1724	0.19	0.19	20.4799994826317	10.8400002121925	0	RRRRRENST00000525754_1	REVERSED [3 - 251] cdna:known chromosome:GRCh37:11:66432469:66445219:-1 gene:ENSG00000173914 gene_biotype:protein_coding transcript_biotype:protein_coding	1	0					
1725	0.19	0.19	2.21100002527237	2.21100002527237	0	pflu_c_1_24269	Pseudomonas fluorescens Pf0-1 [5163577 - 5162357] hypothetical protein	c_1_24269	0					
1726	0.19	0.19	4.74300011992455	4.74300011992455	0	elen_c_1_13495	Eggerthella lenta VPI 0255, DSM 2243 [3044928 - 3044170] hypothetical protein	c_1_13495	0					
1727	0.19	0.19	13.4299993515015	13.4299993515015	0	abau_c_1_836	Acinetobacter baumannii AB0057 [560722 - 560922] hypothetical protein	c_1_836	0					
1728	0.19	0.19	13.5800004005432	13.5800004005432	0	ENST00000556833_4	[1 - 243] cdna:known chromosome:GRCh37:14:21899892:21924285:-1 gene:ENSG00000100888 gene_biotype:protein_coding transcript_biotype:processed_transcript	4	0					
1729	0.19	0.19	13.3300006389618	13.3300006389618	0	ENST00000473631_9	[228 - 407] cdna:known chromosome:GRCh37:6:149275043:149326724:1 gene:ENSG00000111962 gene_biotype:protein_coding transcript_biotype:processed_transcript	9	0					
1730	0.18	0.18	11.429999768734	1.87500007450581	0	RRRRRtr|X6RLX0|X6RLX0_HUMAN	REVERSED ELKS/Rab6-interacting/CAST family member 1 OS=Homo sapiens GN=ERC1 PE=4 SV=1	HUMAN	0					
1730	0	0.18	11.7899999022484	1.93399991840124	0	RRRRRtr|G8JLD3|G8JLD3_HUMAN	REVERSED ELKS/Rab6-interacting/CAST family member 1 OS=Homo sapiens GN=ERC1 PE=1 SV=1	HUMAN	0					
1730	0	0.18	11.4699997007847	1.88200008124113	0	RRRRRsp|Q8IUD2|RB6I2_HUMAN	REVERSED ELKS/Rab6-interacting/CAST family member 1 OS=Homo sapiens GN=ERC1 PE=1 SV=1	HUMAN	0					
1730	0	0.18	11.99000030756	2.15199999511242	0	RRRRRtr|X6RM00|X6RM00_HUMAN	REVERSED ELKS/Rab6-interacting/CAST family member 1 OS=Homo sapiens GN=ERC1 PE=4 SV=1	HUMAN	0					
1730	0	0.18	10.7500001788139	1.93000007420778	0	RRRRRsp|Q8IUD2-3|RB6I2_HUMAN	REVERSED Isoform 3 of ELKS/Rab6-interacting/CAST family member 1 OS=Homo sapiens GN=ERC1	HUMAN	0					
1730	0	0.18	11.7899999022484	2.11699996143579	0	RRRRRsp|Q8IUD2-2|RB6I2_HUMAN	REVERSED Isoform 2 of ELKS/Rab6-interacting/CAST family member 1 OS=Homo sapiens GN=ERC1	HUMAN	0					
1730	0	0.18	11.1800000071526	2.21500005573034	0	RRRRRsp|Q8IUD2-4|RB6I2_HUMAN	REVERSED Isoform 4 of ELKS/Rab6-interacting/CAST family member 1 OS=Homo sapiens GN=ERC1	HUMAN	0					
1731	0.18	0.18	3.13399992883205	0.368699990212917	0	sp|Q86TB3|ALPK2_HUMAN	Alpha-protein kinase 2 OS=Homo sapiens GN=ALPK2 PE=2 SV=3	HUMAN	0					
1732	0.18	0.18	11.5500003099442	1.89100001007318	0	RRRRRsp|Q9UHG0|DCDC2_HUMAN	REVERSED Doublecortin domain-containing protein 2 OS=Homo sapiens GN=DCDC2 PE=1 SV=2	HUMAN	0					
1733	0.18	0.18	4.16699983179569	2.88500003516674	0	rmuc1724_c_1_10021	Rothia mucilaginosa DY-18 [877763 - 876828] (REVERSE SENSE)  ORF	c_1_10021	0					
1734	0.18	0.18	22.4299997091293	8.41099992394447	0	pstu_c_1_22828	Pseudomonas stutzeri A1501, CGMCC 0351 [2336128 - 2335808] hypothetical protein	c_1_22828	0					
1735	0.18	0.18	2.84400004893541	1.64700001478195	0	pint_c_2_1706	Prevotella intermedia 17 [522853 - 520850] paar motif family protein	c_2_1706	0					
1736	0.18	0.18	4.5729998499155	1.98800005018711	0	pdenta_c_12_19	Prevotella dentalis DSM 3688 [5590 - 7098] hypothetical protein	c_12_19	0					
1737	0.18	0.18	3.53199988603592	1.76599994301796	0	pbue_c_32_67	Prevotella buccae D17 [23807 - 25165] hypothetical protein	c_32_67	0					
1738	0.18	0.18	2.58200000971556	1.37700000777841	0	mot186_c_1_5518	Microbacterium sp. oral taxon 186 F0373 [373554 - 371812] (REVERSE SENSE) ORF	c_1_5518	0					
1739	0.18	0.18	3.79399992525578	2.04300004988909	0	RRRRRtr|E7EQD6|E7EQD6_HUMAN	REVERSED Signal peptide, CUB and EGF-like domain-containing protein 2 OS=Homo sapiens GN=SCUBE2 PE=4 SV=1	HUMAN	0					
1739	0	0.18	3.90399992465973	2.10200008004904	0	RRRRRsp|Q9NQ36|SCUB2_HUMAN	REVERSED Signal peptide, CUB and EGF-like domain-containing protein 2 OS=Homo sapiens GN=SCUBE2 PE=2 SV=2	HUMAN	0					
1739	0	0.18	4.01600003242493	2.16300003230572	0	RRRRRsp|Q9NQ36-2|SCUB2_HUMAN	REVERSED Isoform 2 of Signal peptide, CUB and EGF-like domain-containing protein 2 OS=Homo sapiens GN=SCUBE2	HUMAN	0					
1739	0	0.18	12.2800000011921	12.2800000011921	0	RRRRRtr|H0YDN3|H0YDN3_HUMAN	REVERSED Signal peptide, CUB and EGF-like domain-containing protein 2 (Fragment) OS=Homo sapiens GN=SCUBE2 PE=4 SV=2	HUMAN	0					
1739	0	0.18	2.60199997574091	2.60199997574091	0	RRRRRsp|Q9NQ36-3|SCUB2_HUMAN	REVERSED Isoform 3 of Signal peptide, CUB and EGF-like domain-containing protein 2 OS=Homo sapiens GN=SCUBE2	HUMAN	0					
1740	0.18	0.18	10.6299996376038	8.60799998044968	0	RRRRRaot170_c_1_2861	REVERSED Actinomyces sp. oral taxon 170 F0386 [50976 - 49792] hypothetical protein	c_1_2861	0					
1741	0.18	0.18	50	46.000000834465	0	ENST00000551078_3	[9 - 158] cdna:known chromosome:GRCh37:12:94796555:94801873:-1 gene:ENSG00000173588 gene_biotype:protein_coding transcript_biotype:retained_intron	3	0					
1742	0.18	0.18	10.2600000798702	10.2600000798702	0	pora_c_2_1728	Prevotella oralis ATCC 33269 [657010 - 656777] hypothetical protein	c_2_1728	0					
1743	0.18	0.18	1.81799996644258	1.81799996644258	0	mlot_c_1_19673	Mesorhizobium loti MAFF303099 [5343702 - 5345681] acetoacetyl-CoA synthetase	c_1_19673	0					
1744	0.18	0.18	10.419999808073	10.419999808073	0	lot107_c_25_72	Lachnospiraceae bacterium Oral taxon 107 F0167 [36320 - 36033] hypothetical protein	c_25_72	0					
1745	0.18	0.18	9.09100025892258	9.09100025892258	0	kkin_c_18_118	Kingella kingae ATCC 23330 [22197 - 21868] hypothetical protein	c_18_118	0					
1746	0.18	0.18	4.76199984550476	4.76199984550476	0	bdim1892_c_17_257	Brevundimonas diminuta 470-4, ATCC 13184 [13670 - 13041] (REVERSE SENSE) ORF	c_17_257	0					
1747	0.18	0.18	62.5	62.5	0	ENST00000563928_1	[2 - 49] cdna:known chromosome:GRCh37:16:53528483:53535681:-1 gene:ENSG00000166971 gene_biotype:protein_coding transcript_biotype:protein_coding	1	0					
1748	0.18	0.18	7.01799988746643	7.01799988746643	0	ENST00000532070_13	[421 - 762] cdna:known chromosome:GRCh37:11:59609940:59612972:-1 gene:ENSG00000134812 gene_biotype:protein_coding transcript_biotype:retained_intron	13	0					
1749	0.17	0.18	10.360000282526	1.92799996584654	0	abro_c_2_7788	Afipia broomeae ATCC 49717 [803655 - 802411] (REVERSE SENSE) ORF	c_2_7788	0					
1750	0.17	0.18	4.6509999781847	4.6509999781847	0	sp|Q6ZNE9-3|RUFY4_HUMAN	Isoform 2 of RUN and FYVE domain-containing protein 4 OS=Homo sapiens GN=RUFY4	HUMAN	0					
1751	0.17	0.17	16.9100001454353	6.30400031805038	0	smal_c_1_28827	Stenotrophomonas maltophilia R551-3 [1093787 - 1092741] hypothetical protein	c_1_28827	0					
1752	0.17	0.17	8.40800032019615	1.20099997147918	0	daci_c_1_522	Delftia acidovorans SPH-1 ATCC15668 [153171 - 155168] hypothetical protein	c_1_522	0					
1753	0.17	0.17	3.98800000548363	1.32900001481175	0	aot848_c_7_88	Actinomyces sp. oral taxon 848 F0332 [25251 - 27281] NADH dehydrogenase I, H subunit	c_7_88	0					
1754	0.17	0.17	3.95199991762638	0.878200028091669	0	RRRRRsp|Q6ZNB6|NFXL1_HUMAN	REVERSED NF-X1-type zinc finger protein NFXL1 OS=Homo sapiens GN=NFXL1 PE=1 SV=2	HUMAN	0					
1754	0	0.17	3.0009999871254	1.09099997207522	0	RRRRRsp|Q6ZNB6-2|NFXL1_HUMAN	REVERSED Isoform 2 of NF-X1-type zinc finger protein NFXL1 OS=Homo sapiens GN=NFXL1	HUMAN	0					
1755	0.17	0.17	3.01099997013807	0.821200013160706	0	pot473_c_12_46	Prevotella sp. oral taxon 473 F0040 [17940 - 21227]  ORF	c_12_46	0					
1756	0.17	0.17	35.5399996042252	12.3999997973442	0	pavi2522_c_1_1899	Propionibacterium avidum 44067 [515240 - 515602]  ORF	c_1_1899	0					
1757	0.17	0.17	3.44199985265732	1.89299993216991	0	eita_c_3_107	Enterococcus italicus DSM 15952 [79665 - 83150] pyruvate carboxylase	c_3_107	0					
1758	0.17	0.17	7.20200017094612	4.4319998472929	0	bper_c_1_12906	Bordetella pertussis Tohama I ATCC BAA-589, NCTC-13251 [4062286 - 4063368] hypothetical protein	c_1_12906	0					
1759	0.17	0.17	13.6500000953674	5.62199987471104	0	RRRRRsp|Q9UNL4|ING4_HUMAN	REVERSED Inhibitor of growth protein 4 OS=Homo sapiens GN=ING4 PE=1 SV=1	HUMAN	0					
1759	0	0.17	18.9899995923042	7.82100036740303	0	RRRRRsp|Q9UNL4-8|ING4_HUMAN	REVERSED Isoform 8 of Inhibitor of growth protein 4 OS=Homo sapiens GN=ING4	HUMAN	0					
1759	0	0.17	13.8199999928474	5.69100007414818	0	RRRRRsp|Q9UNL4-7|ING4_HUMAN	REVERSED Isoform 7 of Inhibitor of growth protein 4 OS=Homo sapiens GN=ING4	HUMAN	0					
1759	0	0.17	13.7099996209145	5.64499981701374	0	RRRRRsp|Q9UNL4-6|ING4_HUMAN	REVERSED Isoform 6 of Inhibitor of growth protein 4 OS=Homo sapiens GN=ING4	HUMAN	0					
1759	0	0.17	13.8199999928474	5.69100007414818	0	RRRRRsp|Q9UNL4-5|ING4_HUMAN	REVERSED Isoform 5 of Inhibitor of growth protein 4 OS=Homo sapiens GN=ING4	HUMAN	0					
1759	0	0.17	13.8799995183945	5.71400001645088	0	RRRRRsp|Q9UNL4-4|ING4_HUMAN	REVERSED Isoform 4 of Inhibitor of growth protein 4 OS=Homo sapiens GN=ING4	HUMAN	0					
1759	0	0.17	13.7099996209145	5.64499981701374	0	RRRRRsp|Q9UNL4-2|ING4_HUMAN	REVERSED Isoform 2 of Inhibitor of growth protein 4 OS=Homo sapiens GN=ING4	HUMAN	0					
1759	0	0.17	12.890000641346	6.2219999730587	0	RRRRRsp|Q9UNL4-3|ING4_HUMAN	REVERSED Isoform 3 of Inhibitor of growth protein 4 OS=Homo sapiens GN=ING4	HUMAN	0					
1760	0.17	0.17	36.6699993610382	13.3300006389618	0	ppse_c_3_1467	Pseudomonas pseudoalcaligenes KF707 [223757 - 223578] (REVERSE SENSE) ORF	c_3_1467	0					
1761	0.17	0.17	9.09100025892258	9.09100025892258	0	ehor_c_53_95	Enterobacter hormaechei ATCC 49162 [6188 - 5892] hypothetical protein	c_53_95	0					
1762	0.17	0.17	11.2199999392033	11.2199999392033	0	sp|P07203-2|GPX1_HUMAN	Isoform 2 of Glutathione peroxidase 1 OS=Homo sapiens GN=GPX1	HUMAN	0					
1763	0.17	0.17	8.88900011777878	8.88900011777878	0	ajoh_c_89_63	Actinomyces johnsonii F0330 [4248 - 3979] hypothetical protein	c_89_63	0					
1764	0.17	0.17	47.3699986934662	47.3699986934662	0	ENST00000542724_1	[1 - 57] cdna:putative chromosome:GRCh37:12:66531619:66563807:-1 gene:ENSG00000155957 gene_biotype:protein_coding transcript_biotype:protein_coding	1	0					
1765	0.16	1.26	7.99999982118607	7.99999982118607	7.99999982118607	lfus_c_7_267	Lysinibacillus fusiformis ZC1 [207614 - 207988] general stress protein 13	c_7_267	1					
1766	0.16	0.19	15.2899995446205	1.91099997609854	0	sino_c_10_22	Scardovia inopinata F0304, DSM 10107 [6427 - 8310] chaperone protein DnaK	c_10_22	0					
1767	0.16	0.17	9.07000005245209	2.79099997133017	0	sp|P00505|AATM_HUMAN	Aspartate aminotransferase, mitochondrial OS=Homo sapiens GN=GOT2 PE=1 SV=3	HUMAN	0					
1767	0	0.17	8.24500024318695	2.53699999302626	0	ENST00000245206_17	[1 - 1419] cdna:known chromosome:GRCh37:16:58741035:58768261:-1 gene:ENSG00000125166 gene_biotype:protein_coding transcript_biotype:protein_coding	17	0					
1768	0.16	0.17	20.2099993824959	8.51100012660027	0	synsp_sgp_c_1_6545	Synergistetes sp. SGP1 [2358070 - 2358351]  ORF	sgp_c_1_6545	0					
1768	0	0.17	10.9600000083447	10.9600000083447	0	ENST00000439101_4	[3 - 221] cdna:putative chromosome:GRCh37:2:242439675:242447747:-1 gene:ENSG00000115694 gene_biotype:protein_coding transcript_biotype:protein_coding	4	0					
1768	0	0.17	9.3019999563694	9.3019999563694	0	ENST00000328089_8	[488 - 745] cdna:known chromosome:GRCh37:1:9352939:9429591:1 gene:ENSG00000171621 gene_biotype:protein_coding transcript_biotype:protein_coding	8	0					
1769	0.16	0.17	22.859999537468	10.4800000786781	0	aot199_c_2_1638	Atopobium sp. oral taxon 199 F0494 [22325 - 22011] (REVERSE SENSE) ORF	c_2_1638	0					
1769	0	0.17	27.6199996471405	10.4800000786781	0	NCBIACFE_c_1_2035	Atopobium rimae ATCC 49626, VPI D140H-11A [494331 - 494017] (REVERSE SENSE) ORF	c_1_2035	0					
1770	0.16	0.16	12.5100001692772	1.57800000160933	0	vpara_c_1_8214	Variovorax paradoxus S110 [2692548 - 2695208] ABC transporter	c_1_8214	0					
1771	0.16	0.16	4.73399981856346	1.22699998319149	0	sp|Q9Y5S2|MRCKB_HUMAN	Serine/threonine-protein kinase MRCK beta OS=Homo sapiens GN=CDC42BPB PE=1 SV=2	HUMAN	0					
1772	0.16	0.16	13.5900005698204	2.99500003457069	0	vpardsm_c_1_835	Veillonella parvula Te3, DSM 2008, ATCC 10790, JCM 1297 [659255 - 660556] 3-deoxy-D-manno-octulosonic-acid transferase	c_1_835	0					
1773	0.16	0.16	6.99200034141541	2.331000007689	0	mot186_c_1_2730	Microbacterium sp. oral taxon 186 F0373 [885532 - 886947]  ORF	c_1_2730	0					
1774	0.16	0.16	13.459999859333	9.61500033736229	0	ppro_c_1_6046	Propionibacterium propionicum F0230a [1869502 - 1870281]  ORF	c_1_6046	0					
1775	0.16	0.16	22.7899998426437	5.14700002968311	0	atum_c_2_9868	Agrobacterium tumefaciens str. C58, ATCC 33970 [1385668 - 1385261] hypothetical protein	c_2_9868	0					
1776	0.16	0.16	8.45300033688545	1.79900005459785	0	adef_c_9_179	Abiotrophia defectiva ATCC 49176 [133797 - 135464] oxidoreductase, FAD-dependent	c_9_179	0					
1777	0.16	0.16	10.8000002801418	4.80000004172325	0	tr|H0YFD6|H0YFD6_HUMAN	Trifunctional enzyme subunit alpha, mitochondrial (Fragment) OS=Homo sapiens GN=HADHA PE=1 SV=1	HUMAN	0					
1777	0	0.16	3.53900007903576	1.57299991697073	0	sp|P40939|ECHA_HUMAN	Trifunctional enzyme subunit alpha, mitochondrial OS=Homo sapiens GN=HADHA PE=1 SV=2	HUMAN	0					
1777	0	0.16	3.38299982249737	1.50399999693036	0	ENST00000380649_44	[26 - 2419] cdna:known chromosome:GRCh37:2:26413504:26467594:-1 gene:ENSG00000084754 gene_biotype:protein_coding transcript_biotype:protein_coding	44	0					
1778	0.16	0.16	2.83300001174212	1.83300003409386	0	RRRRRsp|Q5VW38|GP107_HUMAN	REVERSED Protein GPR107 OS=Homo sapiens GN=GPR107 PE=1 SV=1	HUMAN	0					
1779	0.16	0.16	86.1100018024445	12.5	0	ENST00000324288_23	[1609 - 1824] cdna:known chromosome:GRCh37:16:10971055:11023624:1 gene:ENSG00000179583 gene_biotype:protein_coding transcript_biotype:protein_coding	23	0					
1780	0.16	0.16	3.04000005125999	3.04000005125999	0	sp|Q6ZT52|FA43B_HUMAN	Protein FAM43B OS=Homo sapiens GN=FAM43B PE=2 SV=1	HUMAN	0					
1781	0.16	0.16	15.5599996447563	15.5599996447563	0	sflu_c_1_996	Selenomonas flueggei ATCC 43531 [251165 - 250896] hypothetical protein	c_1_996	0					
1782	0.16	0.16	51.7199993133545	51.7199993133545	0	ksed_c_1_6992	Kytococcus sedentarius DSM 20547 [2394988 - 2395161] hypothetical protein	c_1_6992	0					
1783	0.16	0.16	15.6900003552437	15.6900003552437	0	edur2534_c_5_69	Enterococcus durans ATCC 6056 [48250 - 48402]  ORF	c_5_69	0					
1784	0.16	0.16	10.2899998426437	10.2899998426437	0	cot332_c_16_3	Capnocytophaga sp. oral taxon 332 F0381 [2174 - 2377]  ORF	c_16_3	0					
1785	0.16	0.16	6.5360002219677	6.5360002219677	0	aot175_c_2_975	Actinomyces sp. oral taxon 175 F0384 [302182 - 302640] hypothetical protein	c_2_975	0					
1786	0.16	0.16	30.3600013256073	30.3600013256073	0	aomn_c_15_171	Alloscardovia omnicolens DSM 21503 [1304 - 1137] (REVERSE SENSE) ORF	c_15_171	0					
1787	0.15	0.16	5.26299998164177	5.26299998164177	0	sang2334_c_29_10	Streptococcus anginosus CCUG 39159 [5406 - 5861]  ORF	c_29_10	0					
1788	0.15	0.16	3.18499989807606	3.18499989807606	0	pgin_c_1_1769	Porphyromonas gingivalis W83 [666023 - 666964] hypothetical protein	c_1_1769	0					
1789	0.15	0.16	13.3300006389618	13.3300006389618	0	pbue_c_26_70	Prevotella buccae D17 [28163 - 28342] hypothetical protein	c_26_70	0					
1790	0.15	0.16	9.27800014615059	9.27800014615059	0	RRRRRsp|P10082|PYY_HUMAN	REVERSED Peptide YY OS=Homo sapiens GN=PYY PE=1 SV=3	HUMAN	0					
1790	0	0.16	10.0000001490116	10.0000001490116	0	RRRRRsp|P10082-2|PYY_HUMAN	REVERSED Isoform 2 of Peptide YY OS=Homo sapiens GN=PYY	HUMAN	0					
1791	0.15	0.16	37.7000004053116	37.7000004053116	0	ENST00000544231_1	[1 - 183] cdna:known chromosome:GRCh37:12:26348289:26440671:1 gene:ENSG00000123096 gene_biotype:protein_coding transcript_biotype:processed_transcript	1	0					
1792	0.15	0.15	6.43099993467331	0.784299988299608	0	tr|F8WEV3|F8WEV3_HUMAN	PR domain zinc finger protein 16 OS=Homo sapiens GN=PRDM16 PE=4 SV=1	HUMAN	0					
1792	0	0.15	6.96699991822243	0.849600043147802	0	tr|D6RFY3|D6RFY3_HUMAN	PR domain zinc finger protein 16 OS=Homo sapiens GN=PRDM16 PE=4 SV=1	HUMAN	0					
1792	0	0.15	6.96099996566772	0.848899967968464	0	tr|D6RDW0|D6RDW0_HUMAN	PR domain zinc finger protein 16 OS=Homo sapiens GN=PRDM16 PE=4 SV=1	HUMAN	0					
1792	0	0.15	6.52899965643883	0.796199962496758	0	tr|D3YTA5|D3YTA5_HUMAN	PR domain zinc finger protein 16 OS=Homo sapiens GN=PRDM16 PE=4 SV=1	HUMAN	0					
1792	0	0.15	6.42599985003471	0.783700030297041	0	sp|Q9HAZ2|PRD16_HUMAN	PR domain zinc finger protein 16 OS=Homo sapiens GN=PRDM16 PE=1 SV=3	HUMAN	0					
1792	0	0.15	6.42599985003471	0.783700030297041	0	sp|Q9HAZ2-3|PRD16_HUMAN	Isoform 3 of PR domain zinc finger protein 16 OS=Homo sapiens GN=PRDM16	HUMAN	0					
1792	0	0.15	6.52299970388412	0.795499980449677	0	sp|Q9HAZ2-2|PRD16_HUMAN	Isoform 2 of PR domain zinc finger protein 16 OS=Homo sapiens GN=PRDM16	HUMAN	0					
1792	0	0.15	6.91900029778481	0.922499969601631	0	tr|H0YA13|H0YA13_HUMAN	PR domain zinc finger protein 16 (Fragment) OS=Homo sapiens GN=PRDM16 PE=4 SV=1	HUMAN	0					
1792	0	0.15	6.8680003285408	0.915800034999847	0	sp|Q9HAZ2-4|PRD16_HUMAN	Isoform 4 of PR domain zinc finger protein 16 OS=Homo sapiens GN=PRDM16	HUMAN	0					
1793	0.15	0.15	6.25	1.29699995741248	0	gsan_c_36_4	Gemella sanguinis M325 [4242 - 6785] LPXTG-domain-containing protein cell wall anchor protein	c_36_4	0					
1794	0.15	0.15	2.74800006300211	0.563800008967519	0	RRRRRsp|Q86US8|EST1A_HUMAN	REVERSED Telomerase-binding protein EST1A OS=Homo sapiens GN=SMG6 PE=1 SV=2	HUMAN	0					
1795	0.15	0.15	4.03899997472763	0.430800020694733	0	RRRRRsp|O95153|RIMB1_HUMAN	REVERSED Peripheral-type benzodiazepine receptor-associated protein 1 OS=Homo sapiens GN=BZRAP1 PE=1 SV=2	HUMAN	0					
1795	0	0.15	3.93299981951714	0.419500004500151	0	RRRRRsp|O95153-3|RIMB1_HUMAN	REVERSED Isoform 3 of Peripheral-type benzodiazepine receptor-associated protein 1 OS=Homo sapiens GN=BZRAP1	HUMAN	0					
1795	0	0.15	4.17400002479553	0.445199990645051	0	RRRRRsp|O95153-2|RIMB1_HUMAN	REVERSED Isoform 2 of Peripheral-type benzodiazepine receptor-associated protein 1 OS=Homo sapiens GN=BZRAP1	HUMAN	0					
1795	0	0.14	2.70300004631281	2.70300004631281	0	RRRRRtr|J3KSY4|J3KSY4_HUMAN	REVERSED Peripheral-type benzodiazepine receptor-associated protein 1 (Fragment) OS=Homo sapiens GN=BZRAP1 PE=4 SV=1	HUMAN	0					
1796	0.15	0.15	4.34800013899803	0.822599977254868	0	sp|P52630|STAT2_HUMAN	Signal transducer and activator of transcription 2 OS=Homo sapiens GN=STAT2 PE=1 SV=1	HUMAN	0					
1796	0	0.15	4.36800010502338	0.826399959623814	0	sp|P52630-4|STAT2_HUMAN	Isoform 2 of Signal transducer and activator of transcription 2 OS=Homo sapiens GN=STAT2	HUMAN	0					
1797	0.15	0.15	35.8799993991852	8.39700028300285	0	ENST00000330877_2	[22 - 414] cdna:known chromosome:GRCh37:14:105190523:105213647:1 gene:ENSG00000185100 gene_biotype:protein_coding transcript_biotype:protein_coding	2	0					
1798	0.15	0.15	6.95900022983551	2.83499993383884	0	pstu_c_1_26640	Pseudomonas stutzeri A1501, CGMCC 0351 [1224358 - 1223195] ribosomal RNA small subunit methyltransferase C	c_1_26640	0					
1799	0.15	0.15	3.80199998617172	1.48799996823072	0	pot386_c_23_58	Peptoniphilus sp. oral taxon 386 F0131 [4410 - 2596] DNA helicase II	c_23_58	0					
1800	0.15	0.15	4.80699986219406	1.75800006836653	0	pbus_c_13_252	Prevotella buccalis ATCC 35310 [60262 - 57704] glycosyl hydrolase family 20, domain 2	c_13_252	0					
1801	0.15	0.15	23.9399999380112	11.2700000405312	0	sinf_c_1_45	Streptococcus infantarius subsp. infantarius ATCC BAA-102 [40345 - 40557] hypothetical protein	c_1_45	0					
1802	0.15	0.15	28.5699993371964	18.3699995279312	0	lfer_c_1_809	Lactobacillus fermentum IFO 3956 [461031 - 461324] hypothetical protein	c_1_809	0					
1803	0.15	0.15	8.33299979567528	3.84600013494492	0	kpne_c_1_15578	Klebsiella pneumoniae NTUH-K2044 [5161779 - 5160844] hypothetical protein	c_1_15578	0					
1804	0.15	0.15	18.6000004410744	10.4699999094009	0	bcep_c_1_18515	Burkholderia cepacia GG4 [838975 - 838718] (REVERSE SENSE)  ORF	c_1_18515	0					
1805	0.15	0.15	10.5800002813339	6.25	0	RRRRRsp|Q8WUY1|THEM6_HUMAN	REVERSED Protein THEM6 OS=Homo sapiens GN=THEM6 PE=1 SV=2	HUMAN	0					
1805	0	0.15	15.6599998474121	15.6599998474121	0	RRRRRtr|H0YAR9|H0YAR9_HUMAN	REVERSED Protein THEM6 (Fragment) OS=Homo sapiens GN=THEM6 PE=1 SV=1	HUMAN	0					
1806	0.15	0.15	5.12799993157387	5.12799993157387	0	tr|H0Y9A0|H0Y9A0_HUMAN	Long-chain-fatty-acid--CoA ligase 4 (Fragment) OS=Homo sapiens GN=ACSL4 PE=1 SV=1	HUMAN	0					
1806	0	0.15	1.12500004470348	1.12500004470348	0	sp|O60488|ACSL4_HUMAN	Long-chain-fatty-acid--CoA ligase 4 OS=Homo sapiens GN=ACSL4 PE=1 SV=2	HUMAN	0					
1806	0	0.15	1.19399996474385	1.19399996474385	0	sp|O60488-2|ACSL4_HUMAN	Isoform Short of Long-chain-fatty-acid--CoA ligase 4 OS=Homo sapiens GN=ACSL4	HUMAN	0					
1807	0.15	0.15	15.6299993395805	15.6299993395805	0	pcat_c_7_227	Porphyromonas catoniae F0037 [83858 - 83667] (REVERSE SENSE) ORF	c_7_227	0					
1808	0.15	0.15	6.61799982190132	6.61799982190132	0	atum_c_3_3317	Agrobacterium tumefaciens str. C58, ATCC 33970 [172999 - 172592] hypothetical protein	c_3_3317	0					
1809	0.15	0.15	2.07299999892712	2.07299999892712	0	aot848_c_10_164	Actinomyces sp. oral taxon 848 F0332 [40654 - 41811] hypothetical protein	c_10_164	0					
1810	0.14	0.15	53.6199986934662	20.2900007367134	0	anae_c_1_16458	Actinomyces naeslundii MG1 [1122691 - 1122485] hypothetical protein	c_1_16458	0					
1811	0.14	0.15	5.83599992096424	2.3870000615716	0	sp|Q70UQ0-4|IKIP_HUMAN	Isoform 4 of Inhibitor of nuclear factor kappa-B kinase-interacting protein OS=Homo sapiens GN=IKBIP	HUMAN	0					
1811	0	0.15	2.57099997252226	2.57099997252226	0	sp|Q70UQ0|IKIP_HUMAN	Inhibitor of nuclear factor kappa-B kinase-interacting protein OS=Homo sapiens GN=IKBIP PE=1 SV=1	HUMAN	0					
1811	0	0.15	12.8600001335144	12.8600001335144	0	sp|Q70UQ0-3|IKIP_HUMAN	Isoform 3 of Inhibitor of nuclear factor kappa-B kinase-interacting protein OS=Homo sapiens GN=IKBIP	HUMAN	0					
1812	0.14	0.15	2.40499991923571	1.14500001072884	0	pot317_c_28_206	Prevotella sp. oral taxon 317 F0108 [15528 - 12910] membrane protein	c_28_206	0					
1813	0.14	0.15	36.4399999380112	23.7299993634224	0	pflu1300_c_1_13290	Pseudomonas fluorescens Pf-5 [4046202 - 4046555]  ORF	c_1_13290	0					
1814	0.14	0.15	51.9999980926514	51.9999980926514	0	tr|J3QRV2|J3QRV2_HUMAN	Serine/threonine-protein phosphatase 4 regulatory subunit 1 OS=Homo sapiens GN=PPP4R1 PE=4 SV=1	HUMAN	0					
1815	0.14	0.15	2.60600000619888	2.60600000619888	0	tlec_c_415_4	Treponema lecithinolyticum OMZ 684T [200 - 1120] oligopeptide transporter permease	c_415_4	0					
1816	0.14	0.15	9.70899984240532	9.70899984240532	0	elen_c_1_6042	Eggerthella lenta VPI 0255, DSM 2243 [1894427 - 1894735] hypothetical protein	c_1_6042	0					
1817	0.14	0.14	5.00000007450581	1.61300003528595	0	sp|Q96FE5|LIGO1_HUMAN	Leucine-rich repeat and immunoglobulin-like domain-containing nogo receptor-interacting protein 1 OS=Homo sapiens GN=LINGO1 PE=1 SV=2	HUMAN	0					
1817	0	0.14	5.04899993538857	1.62899997085333	0	sp|Q96FE5-2|LIGO1_HUMAN	Isoform 2 of Leucine-rich repeat and immunoglobulin-like domain-containing nogo receptor-interacting protein 1 OS=Homo sapiens GN=LINGO1	HUMAN	0					
1818	0.14	0.14	7.93699994683266	3.96800003945827	0	elim_c_1_3816	Eubacterium limosum KIST612 [1606968 - 1607723] ABC superfamily ATP binding cassette transporter, ABC proteins	c_1_3816	0					
1819	0.14	0.14	7.63899981975555	3.47199998795986	0	lcat_c_5_79	Lactobacillus catenaforme OT 569 = DSM 20559 [69222 - 70517]  ORF	c_5_79	0					
1820	0.14	0.14	6.7050002515316	3.06499991565943	0	bani_c_6_681	Bifidobacterium animalis subsp. lactis HN019 [116401 - 114836] (REVERSE SENSE) ORF	c_6_681	0					
1821	0.14	0.14	17.1200007200241	7.53400027751923	0	tr|R4GMR8|R4GMR8_HUMAN	NT-3 growth factor receptor (Fragment) OS=Homo sapiens GN=NTRK3 PE=4 SV=1	HUMAN	0					
1821	0	0.14	2.55299992859364	1.5599999576807	0	tr|H0YM90|H0YM90_HUMAN	Tyrosine-protein kinase receptor OS=Homo sapiens GN=NTRK3 PE=3 SV=1	HUMAN	0					
1821	0	0.14	2.91700009256601	1.78299993276596	0	tr|B7Z7U4|B7Z7U4_HUMAN	Tyrosine-protein kinase receptor OS=Homo sapiens GN=NTRK3 PE=2 SV=1	HUMAN	0					
1821	0	0.14	2.14499998837709	1.31099997088313	0	sp|Q16288|NTRK3_HUMAN	NT-3 growth factor receptor OS=Homo sapiens GN=NTRK3 PE=1 SV=2	HUMAN	0					
1821	0	0.14	2.20299996435642	1.34600000455976	0	sp|Q16288-5|NTRK3_HUMAN	Isoform 5 of NT-3 growth factor receptor OS=Homo sapiens GN=NTRK3	HUMAN	0					
1821	0	0.14	2.16600000858307	1.32400002330542	0	sp|Q16288-4|NTRK3_HUMAN	Isoform 4 of NT-3 growth factor receptor OS=Homo sapiens GN=NTRK3	HUMAN	0					
1821	0	0.14	2.18199994415045	1.33300004526973	0	sp|Q16288-3|NTRK3_HUMAN	Isoform 3 of NT-3 growth factor receptor OS=Homo sapiens GN=NTRK3	HUMAN	0					
1822	0.14	0.14	10.0900001823902	5.50500005483627	0	tr|A2A3R5|A2A3R5_HUMAN	40S ribosomal protein S6 OS=Homo sapiens GN=RPS6 PE=1 SV=1	HUMAN	0					
1822	0	0.14	8.83499979972839	4.8190001398325	0	sp|P62753|RS6_HUMAN	40S ribosomal protein S6 OS=Homo sapiens GN=RPS6 PE=1 SV=1	HUMAN	0					
1823	0.14	0.14	2.85700000822544	2.22200006246567	0	sp|Q8NH02|O2T29_HUMAN	Olfactory receptor 2T29 OS=Homo sapiens GN=OR2T29 PE=2 SV=2	HUMAN	0					
1823	0	0.14	2.58600004017353	2.01099999248981	0	sp|Q8NH00|OR2T4_HUMAN	Olfactory receptor 2T4 OS=Homo sapiens GN=OR2T4 PE=2 SV=2	HUMAN	0					
1823	0	0.14	2.85700000822544	2.22200006246567	0	sp|Q6IEZ7|OR2T5_HUMAN	Olfactory receptor 2T5 OS=Homo sapiens GN=OR2T5 PE=2 SV=1	HUMAN	0					
1823	0	0.14	2.27300003170967	2.27300003170967	0	sp|Q8NHC8|OR2T6_HUMAN	Olfactory receptor 2T6 OS=Homo sapiens GN=OR2T6 PE=2 SV=2	HUMAN	0					
1824	0.14	0.14	8.04999992251396	2.47699990868568	0	lrha_c_1_8680	Lactobacillus rhamnosus GG [1975131 - 1974163] alpha/beta hydrolase superfamily protein	c_1_8680	0					
1825	0.14	0.14	4.6000000089407	2.4210000410676	0	fnucv_c_116_8	Fusobacterium nucleatum subsp. vincentii ATCC 49256 [4071 - 2833] (REVERSE SENSE) ORF	c_116_8	0					
1826	0.14	0.14	7.45100006461143	3.13699990510941	0	blon_c_2_1596	Bifidobacterium longum subsp. longum ATCC 55813 [172768 - 172004] hypothetical protein	c_2_1596	0					
1827	0.14	0.14	23.4699994325638	12.2400000691414	0	blon2249_c_1_16655	Bifidobacterium longum subsp. infantis ATCC 15697 [692240 - 691947] (REVERSE SENSE)  ORF	c_1_16655	0					
1828	0.14	0.14	7.57599994540215	7.57599994540215	0	pavi_c_1_1078	Propionibacterium avidum ATCC 25577 [307670 - 308065] hypothetical protein	c_1_1078	0					
1829	0.14	0.14	18.1799992918968	18.1799992918968	0	oot809_c_3_652	Olsenella sp. oral taxon 809 F0356 [182553 - 182816] hypothetical protein	c_3_652	0					
1830	0.14	0.14	5.23799993097782	5.23799993097782	0	mlot_c_1_8780	Mesorhizobium loti MAFF303099 [2384980 - 2385609] hypothetical protein	c_1_8780	0					
1831	0.14	0.14	4.12000007927418	4.12000007927418	0	aot171_c_63_59	Actinomyces sp. oral taxon 171 F0337 [11796 - 10996] hypothetical protein	c_63_59	0					
1832	0.14	0.14	8.62099975347519	8.62099975347519	0	amas_c_14_296	Actinomyces massiliensis F0489 [14367 - 14020] (REVERSE SENSE) ORF	c_14_296	0					
1833	0.13	0.14	9.5100000500679	2.88200005888939	0	bcep_c_1_2253	Burkholderia cepacia GG4 [742890 - 743930]  ORF	c_1_2253	0					
1834	0.13	0.14	15.0000005960464	15.0000005960464	0	NCBIABWG_c_1_85	Lactobacillus jensenii 1153 [67929 - 68108] hypothetical protein	c_1_85	0					
1835	0.13	0.13	6.8000003695488	0.733300019055605	0	RRRRRlmir_c_4_1049	REVERSED Lautropia mirabilis ATCC 51599 [291924 - 296423] multidrug resistance transport transmembrane protein	c_4_1049	0					
1836	0.13	0.13	8.36799964308739	1.44600002095103	0	sp|O94804|STK10_HUMAN	Serine/threonine-protein kinase 10 OS=Homo sapiens GN=STK10 PE=1 SV=1	HUMAN	0					
1837	0.13	0.13	7.17099979519844	1.54999997466803	0	RRRRRsp|Q8N1T3|MYO1H_HUMAN	REVERSED Unconventional myosin-Ih OS=Homo sapiens GN=MYO1H PE=2 SV=2	HUMAN	0					
1837	0	0.13	7.24100023508072	1.5659999102354	0	RRRRRsp|Q8N1T3-3|MYO1H_HUMAN	REVERSED Isoform 3 of Unconventional myosin-Ih OS=Homo sapiens GN=MYO1H	HUMAN	0					
1838	0.13	0.13	12.3700000345707	5.05100004374981	0	RRRRRpmuls_c_5_404	REVERSED Prevotella multiformis DSM 16608 [132680 - 135055] CRISPR-associated protein	c_5_404	0					
1839	0.13	0.13	2.364999987185	0.722699984908104	0	RRRRRsp|Q92547|TOPB1_HUMAN	REVERSED DNA topoisomerase 2-binding protein 1 OS=Homo sapiens GN=TOPBP1 PE=1 SV=3	HUMAN	0					
1840	0.13	0.13	4.70799989998341	1.42700001597404	0	sp|Q9H0K6|PUS7L_HUMAN	Pseudouridylate synthase 7 homolog-like protein OS=Homo sapiens GN=PUS7L PE=1 SV=1	HUMAN	0					
1840	0	0.13	4.29700016975403	1.30200004205108	0	ENST00000416848_38	[289 - 2592] cdna:known chromosome:GRCh37:12:44122410:44152561:-1 gene:ENSG00000129317 gene_biotype:protein_coding transcript_biotype:protein_coding	38	0					
1840	0	0.13	12.5	6.25	0	tr|F8VW99|F8VW99_HUMAN	Pseudouridylate synthase 7 homolog-like protein (Fragment) OS=Homo sapiens GN=PUS7L PE=1 SV=2	HUMAN	0					
1840	0	0.13	12.9899993538857	6.49399980902672	0	tr|F8VP66|F8VP66_HUMAN	Pseudouridylate synthase 7 homolog-like protein (Fragment) OS=Homo sapiens GN=PUS7L PE=4 SV=1	HUMAN	0					
1840	0	0.13	5.15500009059906	2.57699992507696	0	sp|Q9H0K6-2|PUS7L_HUMAN	Isoform 2 of Pseudouridylate synthase 7 homolog-like protein OS=Homo sapiens GN=PUS7L	HUMAN	0					
1841	0.13	0.13	13.7099996209145	4.83900010585785	0	ppro_c_1_7537	Propionibacterium propionicum F0230a [2322024 - 2322767]  ORF	c_1_7537	0					
1842	0.13	0.13	4.41199988126755	1.47099997848272	0	tr|D6RF35|D6RF35_HUMAN	Vitamin D-binding protein OS=Homo sapiens GN=GC PE=1 SV=1	HUMAN	0					
1842	0	0.13	4.43000011146069	1.47700002416968	0	sp|P02774|VTDB_HUMAN	Vitamin D-binding protein OS=Homo sapiens GN=GC PE=1 SV=1	HUMAN	0					
1842	0	0.13	4.25999984145164	1.42000000923872	0	sp|P02774-3|VTDB_HUMAN	Isoform 3 of Vitamin D-binding protein OS=Homo sapiens GN=GC	HUMAN	0					
1842	0	0.13	1.98899991810322	1.98899991810322	0	sp|P02774-2|VTDB_HUMAN	Isoform 2 of Vitamin D-binding protein OS=Homo sapiens GN=GC	HUMAN	0					
1843	0.13	0.13	13.289999961853	5.77999986708164	0	toti_c_5_199	Turicella otitidis ATCC 51513 [50088 - 49570] (REVERSE SENSE) ORF	c_5_199	0					
1844	0.13	0.13	7.23899975419044	6.06100000441074	0	sp|Q92529|SHC3_HUMAN	SHC-transforming protein 3 OS=Homo sapiens GN=SHC3 PE=1 SV=1	HUMAN	0					
1844	0	0.13	9.13000032305717	7.64300003647804	0	sp|Q92529-2|SHC3_HUMAN	Isoform p52 of SHC-transforming protein 3 OS=Homo sapiens GN=SHC3	HUMAN	0					
1845	0.13	0.13	15.8199995756149	6.96199983358383	0	mot186_c_1_5689	Microbacterium sp. oral taxon 186 F0373 [305758 - 305285] (REVERSE SENSE) ORF	c_1_5689	0					
1846	0.13	0.13	5.05100004374981	1.81799996644258	0	RRRRRsp|Q9UHK0|NUFP1_HUMAN	REVERSED Nuclear fragile X mental retardation-interacting protein 1 OS=Homo sapiens GN=NUFIP1 PE=1 SV=2	HUMAN	0					
1847	0.13	0.13	19.539999961853	11.4900000393391	0	NCBIABWM_c_1_115	Enterobacter cancerogenus ATCC 35316 [36063 - 36323] hypothetical protein	c_1_115	0					
1848	0.13	0.13	10.0000001490116	10.0000001490116	0	synsp_j_c_8_5	Synergistes[G-2] sp. oral taxon 357 W5455 (JCVI) [820 - 1089]  ORF	G-2	0					
1849	0.13	0.13	15.2500003576279	15.2500003576279	0	sked_c_1_5870	Sanguibacter keddieii DSM 10542 [2136847 - 2137023] hypothetical protein	c_1_5870	0					
1850	0.13	0.13	8.88900011777878	8.88900011777878	0	nsic_c_11_310	Neisseria sicca ATCC 29256 [85424 - 85155] hypothetical protein	c_11_310	0					
1851	0.13	0.13	9.1669999063015	9.1669999063015	0	mot186_c_2_550	Microbacterium sp. oral taxon 186 F0373 [160145 - 160504]  ORF	c_2_550	0					
1852	0.13	0.13	48.2400000095367	48.2400000095367	0	einf1695_c_3_280	Eubacterium infirmum F0142 [136178 - 135924] (REVERSE SENSE) ORF	c_3_280	0					
1853	0.13	0.13	5.15500009059906	5.15500009059906	0	atet_c_19_82	Anaerococcus tetradius ATCC 35098 [39912 - 39331] response regulator	c_19_82	0					
1854	0.13	0.13	2.1229999139905	2.1229999139905	0	adef_c_4_852	Abiotrophia defectiva ATCC 49176 [241939 - 240527] Di-and tricarboxylate transporters	c_4_852	0					
1855	0.12	0.13	13.6399999260902	1.08500001952052	0	sp|P13667|PDIA4_HUMAN	Protein disulfide-isomerase A4 OS=Homo sapiens GN=PDIA4 PE=1 SV=2	HUMAN	0					
1856	0.12	0.13	6.4460001885891	1.56800001859665	0	vpara_c_1_3217	Variovorax paradoxus S110 [1062473 - 1064194] transcriptional regulator	c_1_3217	0					
1857	0.12	0.13	2.56399996578693	2.56399996578693	0	bcep_c_2_9676	Burkholderia cepacia GG4 [2940896 - 2939610] (REVERSE SENSE)  ORF	c_2_9676	0					
1858	0.12	0.12	2.331000007689	0.118499994277954	0	RRRRRtr|H3BQK9|H3BQK9_HUMAN	REVERSED Microtubule-actin cross-linking factor 1, isoforms 1/2/3/5 OS=Homo sapiens GN=MACF1 PE=1 SV=1	HUMAN	0					
1858	0	0.12	2.3429999127984	0.11909999884665	0	RRRRRtr|H3BPE1|H3BPE1_HUMAN	REVERSED Microtubule-actin cross-linking factor 1, isoforms 1/2/3/5 OS=Homo sapiens GN=MACF1 PE=1 SV=1	HUMAN	0					
1858	0	0.12	2.39599999040365	0.121799996122718	0	RRRRRsp|Q9UPN3|MACF1_HUMAN	REVERSED Microtubule-actin cross-linking factor 1, isoforms 1/2/3/5 OS=Homo sapiens GN=MACF1 PE=1 SV=4	HUMAN	0					
1858	0	0.12	2.91000008583069	0.165700004436076	0	RRRRRtr|F8W8Q1|F8W8Q1_HUMAN	REVERSED Microtubule-actin cross-linking factor 1, isoforms 1/2/3/5 OS=Homo sapiens GN=MACF1 PE=1 SV=1	HUMAN	0					
1858	0	0.12	2.98100002110004	0.169800000730902	0	RRRRRtr|F5GZL7|F5GZL7_HUMAN	REVERSED Microtubule-actin cross-linking factor 1, isoforms 1/2/3/5 OS=Homo sapiens GN=MACF1 PE=1 SV=1	HUMAN	0					
1858	0	0.12	2.98100002110004	0.169800000730902	0	RRRRRsp|Q9UPN3-4|MACF1_HUMAN	REVERSED Isoform 5 of Microtubule-actin cross-linking factor 1, isoforms 1/2/3/5 OS=Homo sapiens GN=MACF1	HUMAN	0					
1858	0	0.12	2.94000003486872	0.167499994859099	0	RRRRRsp|Q9UPN3-3|MACF1_HUMAN	REVERSED Isoform 3 of Microtubule-actin cross-linking factor 1, isoforms 1/2/3/5 OS=Homo sapiens GN=MACF1	HUMAN	0					
1858	0	0.12	2.91000008583069	0.165700004436076	0	RRRRRsp|Q9UPN3-2|MACF1_HUMAN	REVERSED Isoform 2 of Microtubule-actin cross-linking factor 1, isoforms 1/2/3/5 OS=Homo sapiens GN=MACF1	HUMAN	0					
1859	0.12	0.12	13.0300000309944	1.32699999958277	0	sp|Q5BJF6|ODFP2_HUMAN	Outer dense fiber protein 2 OS=Homo sapiens GN=ODF2 PE=1 SV=1	HUMAN	0					
1859	0	0.12	13.1099998950958	1.33499996736646	0	sp|Q5BJF6-4|ODFP2_HUMAN	Isoform 4 of Outer dense fiber protein 2 OS=Homo sapiens GN=ODF2	HUMAN	0					
1859	0	0.12	13.4200006723404	1.36599997058511	0	sp|Q5BJF6-3|ODFP2_HUMAN	Isoform 3 of Outer dense fiber protein 2 OS=Homo sapiens GN=ODF2	HUMAN	0					
1859	0	0.12	14.1499996185303	1.44199999049306	0	sp|Q5BJF6-2|ODFP2_HUMAN	Isoform 2 of Outer dense fiber protein 2 OS=Homo sapiens GN=ODF2	HUMAN	0					
1859	0	0.12	25.1300007104874	2.85000000149012	0	tr|Q5T4C3|Q5T4C3_HUMAN	Outer dense fiber protein 2 (Fragment) OS=Homo sapiens GN=ODF2 PE=4 SV=2	HUMAN	0					
1859	0	0.12	16.8400004506111	1.90999992191792	0	sp|Q5BJF6-9|ODFP2_HUMAN	Isoform 9 of Outer dense fiber protein 2 OS=Homo sapiens GN=ODF2	HUMAN	0					
1859	0	0.12	15.1999995112419	1.72400008887053	0	sp|Q5BJF6-8|ODFP2_HUMAN	Isoform 8 of Outer dense fiber protein 2 OS=Homo sapiens GN=ODF2	HUMAN	0					
1859	0	0.12	13.8400003314018	1.56900007277727	0	sp|Q5BJF6-7|ODFP2_HUMAN	Isoform 7 of Outer dense fiber protein 2 OS=Homo sapiens GN=ODF2	HUMAN	0					
1859	0	0.12	14.7599995136261	1.67399998754263	0	sp|Q5BJF6-6|ODFP2_HUMAN	Isoform 6 of Outer dense fiber protein 2 OS=Homo sapiens GN=ODF2	HUMAN	0					
1859	0	0.12	15.1999995112419	1.72400008887053	0	sp|Q5BJF6-5|ODFP2_HUMAN	Isoform 5 of Outer dense fiber protein 2 OS=Homo sapiens GN=ODF2	HUMAN	0					
1859	0	0.12	14.7599995136261	1.67399998754263	0	sp|Q5BJF6-10|ODFP2_HUMAN	Isoform 10 of Outer dense fiber protein 2 OS=Homo sapiens GN=ODF2	HUMAN	0					
1860	0.12	0.12	3.69100011885166	0.381799996830523	0	RRRRRtr|J3KNL6|J3KNL6_HUMAN	REVERSED Protein transport protein Sec16A OS=Homo sapiens GN=SEC16A PE=1 SV=1	HUMAN	0					
1860	0	0.12	3.99300009012222	0.412999978289008	0	RRRRRsp|O15027|SC16A_HUMAN	REVERSED Protein transport protein Sec16A OS=Homo sapiens GN=SEC16A PE=1 SV=3	HUMAN	0					
1860	0	0.12	3.95300015807152	0.408900016918778	0	RRRRRsp|O15027-5|SC16A_HUMAN	REVERSED Isoform 5 of Protein transport protein Sec16A OS=Homo sapiens GN=SEC16A	HUMAN	0					
1860	0	0.12	4.03899997472763	0.417800014838576	0	RRRRRsp|O15027-4|SC16A_HUMAN	REVERSED Isoform 4 of Protein transport protein Sec16A OS=Homo sapiens GN=SEC16A	HUMAN	0					
1860	0	0.12	4.03000004589558	0.416899984702468	0	RRRRRsp|O15027-3|SC16A_HUMAN	REVERSED Isoform 3 of Protein transport protein Sec16A OS=Homo sapiens GN=SEC16A	HUMAN	0					
1860	0	0.12	4.07700017094612	0.421700021252036	0	RRRRRsp|O15027-2|SC16A_HUMAN	REVERSED Isoform 2 of Protein transport protein Sec16A OS=Homo sapiens GN=SEC16A	HUMAN	0					
1860	0	0.12	6.6100001335144	0.849900022149086	0	RRRRRtr|X6RGP5|X6RGP5_HUMAN	REVERSED Protein transport protein Sec16A (Fragment) OS=Homo sapiens GN=SEC16A PE=4 SV=1	HUMAN	0					
1861	0.12	0.12	3.74200008809567	0.831599999219179	0	mtub_c_1_9535	Mycobacterium tuberculosis CDC1551 [2610538 - 2613423] mmpL9 gene product	c_1_9535	0					
1862	0.12	0.12	10.7199996709824	1.86500009149313	0	lcri_c_1_1168	Lactobacillus crispatus ST1 [869858 - 871144] ATP-dependent protease ATP-binding subunit	c_1_1168	0					
1863	0.12	0.12	9.39600020647049	2.68500000238419	0	sp|P12235|ADT1_HUMAN	ADP/ATP translocase 1 OS=Homo sapiens GN=SLC25A4 PE=1 SV=4	HUMAN	0					
1864	0.12	0.12	5.44000007212162	1.29500003531575	0	rmuc1724_c_1_5572	Rothia mucilaginosa DY-18 [2003005 - 2005320]  ORF	c_1_5572	0					
1865	0.12	0.12	7.73499980568886	2.76200007647276	0	paer_c_1_3175	Pseudomonas aeruginosa LESB58 [1031330 - 1032415] hypothetical protein	c_1_3175	0					
1866	0.12	0.12	8.84400010108948	6.80299997329712	0	sp|Q96E14|RMI2_HUMAN	RecQ-mediated genome instability protein 2 OS=Homo sapiens GN=RMI2 PE=1 SV=2	HUMAN	0					
1867	0.12	0.12	1.27100003883243	0.699299992993474	0	sp|A1L4H1|SRCRL_HUMAN	Soluble scavenger receptor cysteine-rich domain-containing protein SSC5D OS=Homo sapiens GN=SSC5D PE=2 SV=3	HUMAN	0					
1868	0.12	0.12	4.8810001462698	2.3709999397397	0	pstu_c_1_11069	Pseudomonas stutzeri A1501, CGMCC 0351 [3238495 - 3240645] hypothetical protein	c_1_11069	0					
1869	0.12	0.12	9.04799997806549	5.23799993097782	0	RRRRRtr|B9A041|B9A041_HUMAN	REVERSED Malate dehydrogenase, cytoplasmic OS=Homo sapiens GN=MDH1 PE=1 SV=1	HUMAN	0					
1869	0	0.12	5.68899996578693	3.2930001616478	0	RRRRRsp|P40925|MDHC_HUMAN	REVERSED Malate dehydrogenase, cytoplasmic OS=Homo sapiens GN=MDH1 PE=1 SV=4	HUMAN	0					
1869	0	0.12	5.39800003170967	3.125	0	RRRRRsp|P40925-3|MDHC_HUMAN	REVERSED Isoform 3 of Malate dehydrogenase, cytoplasmic OS=Homo sapiens GN=MDH1	HUMAN	0					
1869	0	0.12	7.75500014424324	4.49000000953674	0	RRRRRsp|P40925-2|MDHC_HUMAN	REVERSED Isoform 2 of Malate dehydrogenase, cytoplasmic OS=Homo sapiens GN=MDH1	HUMAN	0					
1869	0	0.12	5.33699989318848	3.08999996632338	0	RRRRRENST00000539945_20	REVERSED [84 - 1151] cdna:known chromosome:GRCh37:2:63816367:63834307:1 gene:ENSG00000014641 gene_biotype:protein_coding transcript_biotype:protein_coding	20	0					
1869	0	0.12	6.5090000629425	6.5090000629425	0	RRRRRtr|B8ZZ51|B8ZZ51_HUMAN	REVERSED Malate dehydrogenase, cytoplasmic OS=Homo sapiens GN=MDH1 PE=1 SV=1	HUMAN	0					
1870	0.12	0.12	29.8900008201599	12.6399993896484	0	ENST00000477585_1	[1 - 261] cdna:known chromosome:GRCh37:1:969486:976105:1 gene:ENSG00000188157 gene_biotype:protein_coding transcript_biotype:processed_transcript	1	0					
1871	0.12	0.12	4.34800013899803	4.34800013899803	0	sp|Q04760|LGUL_HUMAN	Lactoylglutathione lyase OS=Homo sapiens GN=GLO1 PE=1 SV=4	HUMAN	0					
1871	0	0.12	4.73399981856346	4.73399981856346	0	sp|Q04760-2|LGUL_HUMAN	Isoform 2 of Lactoylglutathione lyase OS=Homo sapiens GN=GLO1	HUMAN	0					
1872	0.12	0.12	7.50000029802322	7.50000029802322	0	sp|P12724|ECP_HUMAN	Eosinophil cationic protein OS=Homo sapiens GN=RNASE3 PE=1 SV=2	HUMAN	0					
1873	0.12	0.12	8.51100012660027	8.51100012660027	0	pot786_c_42_77	Paenibacillus sp. oral taxon 786 D14 [31465 - 31887] hypothetical protein	c_42_77	0					
1874	0.12	0.12	19.6099996566772	19.6099996566772	0	pot472_c_69_4	Prevotella sp. oral taxon 472 F0295 [2002 - 2154] hypothetical protein	c_69_4	0					
1875	0.12	0.12	1.99100002646446	1.99100002646446	0	ploe_c_10_276	Prevotella loescheii DSM 19665 = JCM 12249 = ATCC 15930 [98709 - 100064]  ORF	c_10_276	0					
1876	0.12	0.12	2.67900004982948	2.67900004982948	0	pflu1300_c_1_7879	Pseudomonas fluorescens Pf-5 [2420760 - 2421767]  ORF	c_1_7879	0					
1877	0.12	0.12	6.11100010573864	6.11100010573864	0	apar_c_1_4530	Atopobium parvulum ATCC 33793 DSM 20469 IPP 1246 [1314555 - 1314016] 50S ribosomal protein L10	c_1_4530	0					
1878	0.12	0.12	21.4300006628037	21.4300006628037	0	RRRRRsot149_c_22_35	REVERSED Selenomonas sp. oral taxon 149 str. 67H29BP [10596 - 10763] hypothetical protein	c_22_35	0					
1879	0.12	0.12	55.0000011920929	55.0000011920929	0	ENST00000335012_41	[1967 - 2026] cdna:known chromosome:GRCh37:3:184795838:184870802:-1 gene:ENSG00000187068 gene_biotype:protein_coding transcript_biotype:protein_coding	41	0					
1880	0.11	0.12	41.3300007581711	21.3300004601479	0	aot848_c_9_354	Actinomyces sp. oral taxon 848 F0332 [40697 - 40473] hypothetical protein	c_9_354	0					
1881	0.11	0.12	5.68599998950958	2.67600007355213	0	sang2334_c_73_7	Streptococcus anginosus CCUG 39159 [304 - 1200] partial ORF	c_73_7	0					
1882	0.11	0.12	14.7499993443489	8.19699987769127	0	pden_c_1_786	Parascardovia denticolens F0305, DSM 10105 [261194 - 261559] hypothetical protein	c_1_786	0					
1883	0.11	0.12	15.6399995088577	15.6399995088577	0	tr|H0Y5N4|H0Y5N4_HUMAN	Transcription factor SOX-10 (Fragment) OS=Homo sapiens GN=SOX10 PE=4 SV=1	HUMAN	0					
1884	0.11	0.12	3.28899994492531	3.28899994492531	0	aot448_c_19_187	Actinomyces sp. oral taxon 448 F0400 [44869 - 43958] hypothetical protein	c_19_187	0					
1885	0.11	0.12	1.53799997642636	1.53799997642636	0	RRRRRsp|Q8N8Z6|DCBD1_HUMAN	REVERSED Discoidin, CUB and LCCL domain-containing protein 1 OS=Homo sapiens GN=DCBLD1 PE=1 SV=2	HUMAN	0					
1885	0	0.12	2.04099994152784	2.04099994152784	0	RRRRRsp|Q8N8Z6-2|DCBD1_HUMAN	REVERSED Isoform 2 of Discoidin, CUB and LCCL domain-containing protein 1 OS=Homo sapiens GN=DCBLD1	HUMAN	0					
1886	0.11	0.11	36.2899988889694	1.22999995946884	0	RRRRRENST00000331563_25	REVERSED [29 - 2467] cdna:known chromosome:GRCh37:11:394217:404908:1 gene:ENSG00000184363 gene_biotype:protein_coding transcript_biotype:protein_coding	25	0					
1886	0	0.11	32.3900014162064	1.23199997469783	0	RRRRRsp|Q9Y446-2|PKP3_HUMAN	REVERSED Isoform PKP3b of Plakophilin-3 OS=Homo sapiens GN=PKP3	HUMAN	0					
1886	0	0.11	30.3600013256073	1.25500001013279	0	RRRRRsp|Q9Y446|PKP3_HUMAN	REVERSED Plakophilin-3 OS=Homo sapiens GN=PKP3 PE=1 SV=1	HUMAN	0					
1886	0	0.11	56.4100027084351	6.40999972820282	0	RRRRRtr|E9PRW6|E9PRW6_HUMAN	REVERSED Plakophilin-3 (Fragment) OS=Homo sapiens GN=PKP3 PE=1 SV=1	HUMAN	0					
1886	0	0.11	44.6700006723404	5.07600009441376	0	RRRRRtr|E9PKC4|E9PKC4_HUMAN	REVERSED Plakophilin-3 (Fragment) OS=Homo sapiens GN=PKP3 PE=1 SV=1	HUMAN	0					
1886	0	0.11	46.2300002574921	4.71699982881546	0	RRRRRtr|E9PK71|E9PK71_HUMAN	REVERSED Plakophilin-3 (Fragment) OS=Homo sapiens GN=PKP3 PE=1 SV=1	HUMAN	0					
1886	0	0.11	73.3299970626831	8.33299979567528	0	RRRRRtr|E9PJR7|E9PJR7_HUMAN	REVERSED Plakophilin-3 (Fragment) OS=Homo sapiens GN=PKP3 PE=1 SV=1	HUMAN	0					
1887	0.11	0.11	11.2199999392033	1.06300003826618	0	RRRRRENST00000299767_44	REVERSED [51 - 2591] cdna:known chromosome:GRCh37:12:104324112:104341704:1 gene:ENSG00000166598 gene_biotype:protein_coding transcript_biotype:protein_coding	44	0					
1887	0	0.11	9.21500027179718	1.12100001424551	0	RRRRRsp|P14625|ENPL_HUMAN	REVERSED Endoplasmin OS=Homo sapiens GN=HSP90B1 PE=1 SV=1	HUMAN	0					
1888	0.11	0.11	8.23300033807755	1.10400002449751	0	elen_c_1_14501	Eggerthella lenta VPI 0255, DSM 2243 [2741512 - 2738525] hypothetical protein	c_1_14501	0					
1889	0.11	0.11	4.18299995362759	0.453600008040667	0	RRRRRsp|Q68DN1|CB016_HUMAN	REVERSED Uncharacterized protein C2orf16 OS=Homo sapiens GN=C2orf16 PE=2 SV=3	HUMAN	0					
1890	0.11	0.11	4.8470001667738	0.573999993503094	0	RRRRRsp|O60486|PLXC1_HUMAN	REVERSED Plexin-C1 OS=Homo sapiens GN=PLXNC1 PE=1 SV=1	HUMAN	0					
1891	0.11	0.11	16.329999268055	3.3330000936985	0	sp|O15144|ARPC2_HUMAN	Actin-related protein 2/3 complex subunit 2 OS=Homo sapiens GN=ARPC2 PE=1 SV=1	HUMAN	0					
1891	0	0.11	15.2199998497963	3.10600008815527	0	ENST00000315717_20	[104 - 1069] cdna:known chromosome:GRCh37:2:219081817:219119071:1 gene:ENSG00000163466 gene_biotype:protein_coding transcript_biotype:protein_coding	20	0					
1892	0.11	0.11	6.83600008487701	0.976600032299757	0	atum_c_2_9999	Agrobacterium tumefaciens str. C58, ATCC 33970 [1348725 - 1345654] sarcosine oxidase alpha subunit	c_2_9999	0					
1893	0.11	0.11	2.00399998575449	0.512599991634488	0	sp|Q8IZY2|ABCA7_HUMAN	ATP-binding cassette sub-family A member 7 OS=Homo sapiens GN=ABCA7 PE=1 SV=3	HUMAN	0					
1893	0	0.11	2.14099995791912	0.547799980267882	0	sp|Q8IZY2-2|ABCA7_HUMAN	Isoform 2 of ATP-binding cassette sub-family A member 7 OS=Homo sapiens GN=ABCA7	HUMAN	0					
1893	0	0.11	4.23000007867813	1.86100006103516	0	tr|H0YCN5|H0YCN5_HUMAN	ATP-binding cassette sub-family A member 7 (Fragment) OS=Homo sapiens GN=ABCA7 PE=4 SV=2	HUMAN	0					
1894	0.11	0.11	8.76599997282028	1.6100000590086	0	pstu_c_1_7009	Pseudomonas stutzeri A1501, CGMCC 0351 [2040148 - 2041824] methyl-accepting chemotaxis protein	c_1_7009	0					
1895	0.11	0.11	3.57999987900257	1.43200000748038	0	mtub_c_1_22	Mycobacterium tuberculosis CDC1551 [7302 - 9815] DNA gyrase subunit A	c_1_22	0					
1896	0.11	0.11	5.52799999713898	1.46300001069903	0	RRRRRsp|Q06455-3|MTG8_HUMAN	REVERSED Isoform 3 of Protein CBFA2T1 OS=Homo sapiens GN=RUNX1T1	HUMAN	0					
1896	0	0.1	4.13900017738342	1.48999998345971	0	RRRRRsp|Q06455|MTG8_HUMAN	REVERSED Protein CBFA2T1 OS=Homo sapiens GN=RUNX1T1 PE=1 SV=2	HUMAN	0					
1896	0	0.1	4.4089999049902	1.58699993044138	0	RRRRRsp|Q06455-4|MTG8_HUMAN	REVERSED Isoform 4 of Protein CBFA2T1 OS=Homo sapiens GN=RUNX1T1	HUMAN	0					
1896	0	0.1	4.33299988508224	1.5599999576807	0	RRRRRsp|Q06455-2|MTG8_HUMAN	REVERSED Isoform MTG8A of Protein CBFA2T1 OS=Homo sapiens GN=RUNX1T1	HUMAN	0					
1897	0.11	0.11	26.9499987363815	9.22000035643578	0	RRRRRkora_c_4_55	REVERSED Kingella oralis ATCC 51147 [12365 - 12787] hypothetical protein	c_4_55	0					
1898	0.11	0.11	51.0399997234344	12.5	0	ENST00000379061_21	[1633 - 1920] cdna:known chromosome:GRCh37:17:26691378:26725151:1 gene:ENSG00000004139 gene_biotype:protein_coding transcript_biotype:processed_transcript	21	0					
1898	0	0.11	15.0000005960464	15.0000005960464	0	ENST00000457710_50	[4153 - 4392] cdna:novel chromosome:GRCh37:17:26698683:26728065:1 gene:ENSG00000004139 gene_biotype:protein_coding transcript_biotype:protein_coding	50	0					
1899	0.11	0.11	6.10200017690659	3.05100008845329	0	sp|Q96JZ2-2|HSH2D_HUMAN	Isoform 2 of Hematopoietic SH2 domain-containing protein OS=Homo sapiens GN=HSH2D	HUMAN	0					
1899	0	0.11	2.99999993294477	2.99999993294477	0	tr|K7ERI2|K7ERI2_HUMAN	Hematopoietic SH2 domain-containing protein OS=Homo sapiens GN=HSH2D PE=4 SV=1	HUMAN	0					
1899	0	0.11	5.20199984312058	5.20199984312058	0	tr|K7EP18|K7EP18_HUMAN	Hematopoietic SH2 domain-containing protein (Fragment) OS=Homo sapiens GN=HSH2D PE=4 SV=1	HUMAN	0					
1899	0	0.11	3.43500003218651	3.43500003218651	0	tr|H7BYQ7|H7BYQ7_HUMAN	Hematopoietic SH2 domain-containing protein OS=Homo sapiens GN=HSH2D PE=4 SV=1	HUMAN	0					
1899	0	0.11	2.55699995905161	2.55699995905161	0	sp|Q96JZ2|HSH2D_HUMAN	Hematopoietic SH2 domain-containing protein OS=Homo sapiens GN=HSH2D PE=1 SV=1	HUMAN	0					
1900	0.11	0.11	20.2399998903275	11.9000002741814	0	belk_c_756_13	Bradyrhizobium elkanii 587 [3840 - 3589] partial (REVERSE SENSE) ORF	c_756_13	0					
1901	0.11	0.11	2.67200004309416	1.14500001072884	0	RRRRRsp|P57737-3|CORO7_HUMAN	REVERSED Isoform 3 of Coronin-7 OS=Homo sapiens GN=CORO7	HUMAN	0					
1902	0.11	0.11	26.5799999237061	15.1899993419647	0	ENST00000455734_5	[277 - 513] cdna:known chromosome:GRCh37:9:127262706:127269514:-1 gene:ENSG00000136931 gene_biotype:protein_coding transcript_biotype:protein_coding	5	0					
1903	0.11	0.11	4.83300015330315	4.83300015330315	0	vaty_c_3_429	Veillonella atypica ACS-134-V-Col7a [20018 - 19212] ABC transporter, ATP-binding protein	c_3_429	0					
1904	0.11	0.11	11.2499997019768	11.2499997019768	0	tr|K7EQQ9|K7EQQ9_HUMAN	60S ribosomal protein L27 OS=Homo sapiens GN=RPL27 PE=1 SV=1	HUMAN	0					
1904	0	0.11	6.25	6.25	0	tr|K7ELC7|K7ELC7_HUMAN	60S ribosomal protein L27 (Fragment) OS=Homo sapiens GN=RPL27 PE=1 SV=1	HUMAN	0					
1904	0	0.11	6.61799982190132	6.61799982190132	0	sp|P61353|RL27_HUMAN	60S ribosomal protein L27 OS=Homo sapiens GN=RPL27 PE=1 SV=2	HUMAN	0					
1905	0.11	0.11	12.899999320507	12.899999320507	0	sot058_c_17_40	Streptococcus sp. oral taxon 058 F0407 [25232 - 25417] hypothetical protein	c_17_40	0					
1906	0.11	0.11	4.13199998438358	4.13199998438358	0	nmen_c_27_23	Neisseria meningitidis ATCC 13091 [6906 - 7631] inorganic pyrophosphatase	c_27_23	0					
1907	0.11	0.11	16.1799997091293	16.1799997091293	0	aot170_c_19_94	Actinomyces sp. oral taxon 170 F0386 [32293 - 32496] hypothetical protein	c_19_94	0					
1908	0.11	0.11	2.88500003516674	2.88500003516674	0	NCBIABQV_c_14_151	Lactobacillus paracasei subsp. paracasei 8700:2 [67750 - 66815] (REVERSE SENSE) ORF	c_14_151	0					
1909	0.11	0.11	88.8899981975555	88.8899981975555	0	ENST00000514028_16	[668 - 721] cdna:known chromosome:GRCh37:5:88016166:88179031:-1 gene:ENSG00000081189 gene_biotype:protein_coding transcript_biotype:protein_coding	16	0					
1910	0.11	0.11	32.1399986743927	32.1399986743927	0	ENST00000458685_4	[74 - 157] cdna:known chromosome:GRCh37:17:20339650:20350557:1 gene:ENSG00000230528 gene_biotype:pseudogene transcript_biotype:processed_transcript	4	0					
1911	0.1	0.11	50	30.7700008153915	0	sot149_c_8_325	Selenomonas sp. oral taxon 149 str. 67H29BP [98104 - 98259] hypothetical protein	c_8_325	0					
1912	0.1	0.11	2.61199995875359	1.30599997937679	0	sot138_c_12_47	Selenomonas sp. oral taxon 138 F0429 [12480 - 14546]  ORF	c_12_47	0					
1913	0.1	0.11	3.83200012147427	1.64199993014336	0	jign_c_7_60	Johnsonella ignava ATCC 51276 [48707 - 50350] cobyric acid synthase CobQ	c_7_60	0					
1914	0.1	0.11	2.86500006914139	2.86500006914139	0	RRRRRsp|Q8NEP7|KLDC9_HUMAN	REVERSED Kelch domain-containing protein 9 OS=Homo sapiens GN=KLHDC9 PE=1 SV=2	HUMAN	0					
1915	0.1	0.11	19.5700004696846	19.5700004696846	0	ENST00000268919_34	[1973 - 2110] cdna:known chromosome:GRCh37:17:51900239:51902573:1 gene:ENSG00000141200 gene_biotype:protein_coding transcript_biotype:protein_coding	34	0					
1916	0.1	0.1	17.739999294281	3.2260000705719	0	NCBIACDX_c_3_325	Neisseria mucosa ATCC 25996 [95672 - 96787] hypothetical protein	c_3_325	0					
1917	0.1	0.1	3.96299995481968	1.05699999257922	0	sp|Q9ULG6|CCPG1_HUMAN	Cell cycle progression protein 1 OS=Homo sapiens GN=CCPG1 PE=2 SV=3	HUMAN	0					
1917	0	0.1	3.71700003743172	0.991300027817488	0	sp|Q9ULG6-5|CCPG1_HUMAN	Isoform 5 of Cell cycle progression protein 1 OS=Homo sapiens GN=CCPG1	HUMAN	0					
1917	0	0.1	4.89399991929531	1.30500001832843	0	sp|Q9ULG6-2|CCPG1_HUMAN	Isoform 2 of Cell cycle progression protein 1 OS=Homo sapiens GN=CCPG1	HUMAN	0					
1917	0	0.09	3.84600013494492	1.33800003677607	0	sp|Q9ULG6-4|CCPG1_HUMAN	Isoform 4 of Cell cycle progression protein 1 OS=Homo sapiens GN=CCPG1	HUMAN	0					
1918	0.1	0.1	7.33499974012375	2.44500003755093	0	sp|Q6ICG6-2|K0930_HUMAN	Isoform 2 of Uncharacterized protein KIAA0930 OS=Homo sapiens GN=KIAA0930	HUMAN	0					
1918	0	0.09	19.7400003671646	6.57899975776672	0	tr|B0QY20|B0QY20_HUMAN	Uncharacterized protein KIAA0930 (Fragment) OS=Homo sapiens GN=KIAA0930 PE=4 SV=1	HUMAN	0					
1918	0	0.09	7.77200013399124	2.59099993854761	0	tr|B0AZU2|B0AZU2_HUMAN	Uncharacterized protein KIAA0930 OS=Homo sapiens GN=KIAA0930 PE=1 SV=1	HUMAN	0					
1918	0	0.09	7.17800036072731	2.47499998658895	0	sp|Q6ICG6|K0930_HUMAN	Uncharacterized protein KIAA0930 OS=Homo sapiens GN=KIAA0930 PE=1 SV=1	HUMAN	0					
1918	0	0.09	14.7100001573563	7.35300034284592	0	tr|B0QY18|B0QY18_HUMAN	Uncharacterized protein KIAA0930 (Fragment) OS=Homo sapiens GN=KIAA0930 PE=4 SV=1	HUMAN	0					
1918	0	0.09	5.40499985218048	2.70300004631281	0	sp|Q6ICG6-3|K0930_HUMAN	Isoform 3 of Uncharacterized protein KIAA0930 OS=Homo sapiens GN=KIAA0930	HUMAN	0					
1919	0.1	0.1	2.57399994879961	0.588200008496642	0	sp|P52701|MSH6_HUMAN	DNA mismatch repair protein Msh6 OS=Homo sapiens GN=MSH6 PE=1 SV=2	HUMAN	0					
1919	0	0.1	1.95099990814924	0.650400016456842	0	sp|P52701-3|MSH6_HUMAN	Isoform 3 of DNA mismatch repair protein Msh6 OS=Homo sapiens GN=MSH6	HUMAN	0					
1919	0	0.1	1.41799999400973	0.756100006401539	0	sp|P52701-4|MSH6_HUMAN	Isoform 4 of DNA mismatch repair protein Msh6 OS=Homo sapiens GN=MSH6	HUMAN	0					
1920	0.1	0.1	5.78199997544289	2.75999996811152	0	scon_c_3_1075	Streptococcus constellatus subsp. pharyngis SK1060 [75047 - 72765] phosphorylase, glycogen/starch/alpha-glucan family	c_3_1075	0					
1921	0.1	0.1	6.97999969124794	1.99400000274181	0	RRRRRsp|Q5SY16|NOL9_HUMAN	REVERSED Polynucleotide 5'-hydroxyl-kinase NOL9 OS=Homo sapiens GN=NOL9 PE=1 SV=1	HUMAN	0					
1922	0.1	0.1	5.14499992132187	1.7680000513792	0	tsoc_c_2_452	Treponema socranskii subsp. paredis ATCC 35535 [144300 - 146165]  ORF	c_2_452	0					
1923	0.1	0.1	2.41400003433228	0.758600002154708	0	tr|F5H527|F5H527_HUMAN	Protein phosphatase Slingshot homolog 2 OS=Homo sapiens GN=SSH2 PE=1 SV=1	HUMAN	0					
1923	0	0.1	2.45999991893768	0.773000018671155	0	sp|Q76I76|SSH2_HUMAN	Protein phosphatase Slingshot homolog 2 OS=Homo sapiens GN=SSH2 PE=1 SV=1	HUMAN	0					
1924	0.1	0.1	5.94700016081333	1.09200002625585	0	sp|Q9UHI6|DDX20_HUMAN	Probable ATP-dependent RNA helicase DDX20 OS=Homo sapiens GN=DDX20 PE=1 SV=2	HUMAN	0					
1925	0.1	0.1	5.07100000977516	1.26799996942282	0	ouli_c_1_80	Olsenella uli VPI, DSM 7084, ATCC 49627 [23142 - 25034] GTP-binding protein TypA	c_1_80	0					
1926	0.1	0.1	12.5699996948242	6.28599971532822	0	tr|S4R3H8|S4R3H8_HUMAN	Ubiquitin-protein ligase E3B (Fragment) OS=Homo sapiens GN=UBE3B PE=4 SV=1	HUMAN	0					
1926	0	0.1	2.06000003963709	1.03000001981854	0	sp|Q7Z3V4|UBE3B_HUMAN	Ubiquitin-protein ligase E3B OS=Homo sapiens GN=UBE3B PE=1 SV=3	HUMAN	0					
1927	0.1	0.1	7.92099982500076	4.61999997496605	0	tr|F8WF16|F8WF16_HUMAN	Periphilin-1 OS=Homo sapiens GN=PPHLN1 PE=1 SV=1	HUMAN	0					
1927	0	0.1	5.45499995350838	3.63599993288517	0	tr|F8W0Q9|F8W0Q9_HUMAN	Periphilin-1 OS=Homo sapiens GN=PPHLN1 PE=1 SV=1	HUMAN	0					
1927	0	0.1	12.5	8.33299979567528	0	tr|F8VWU8|F8VWU8_HUMAN	Periphilin-1 (Fragment) OS=Homo sapiens GN=PPHLN1 PE=1 SV=1	HUMAN	0					
1927	0	0.1	13.0400002002716	8.69600027799606	0	tr|F8VPY7|F8VPY7_HUMAN	Periphilin-1 (Fragment) OS=Homo sapiens GN=PPHLN1 PE=1 SV=1	HUMAN	0					
1927	0	0.1	7.05899968743324	4.11799997091293	0	tr|B7Z8L1|B7Z8L1_HUMAN	Periphilin-1 OS=Homo sapiens GN=PPHLN1 PE=1 SV=1	HUMAN	0					
1927	0	0.1	4.58500012755394	3.057000041008	0	sp|Q8NEY8|PPHLN_HUMAN	Periphilin-1 OS=Homo sapiens GN=PPHLN1 PE=1 SV=2	HUMAN	0					
1927	0	0.1	6.03399984538555	4.02299985289574	0	sp|Q8NEY8-9|PPHLN_HUMAN	Isoform 9 of Periphilin-1 OS=Homo sapiens GN=PPHLN1	HUMAN	0					
1927	0	0.1	5.72200007736683	3.81500013172627	0	sp|Q8NEY8-8|PPHLN_HUMAN	Isoform 8 of Periphilin-1 OS=Homo sapiens GN=PPHLN1	HUMAN	0					
1927	0	0.1	7.52400010824203	4.38899993896484	0	sp|Q8NEY8-6|PPHLN_HUMAN	Isoform 6 of Periphilin-1 OS=Homo sapiens GN=PPHLN1	HUMAN	0					
1927	0	0.1	9.3019999563694	5.42600005865097	0	sp|Q8NEY8-5|PPHLN_HUMAN	Isoform 5 of Periphilin-1 OS=Homo sapiens GN=PPHLN1	HUMAN	0					
1927	0	0.1	5.53000010550022	3.2260000705719	0	sp|Q8NEY8-3|PPHLN_HUMAN	Isoform 3 of Periphilin-1 OS=Homo sapiens GN=PPHLN1	HUMAN	0					
1927	0	0.1	5.61500005424023	3.74299995601177	0	sp|Q8NEY8-2|PPHLN_HUMAN	Isoform 2 of Periphilin-1 OS=Homo sapiens GN=PPHLN1	HUMAN	0					
1927	0	0.1	3.85700017213821	3.85700017213821	0	tr|F8W6A0|F8W6A0_HUMAN	Periphilin-1 OS=Homo sapiens GN=PPHLN1 PE=1 SV=1	HUMAN	0					
1928	0.1	0.1	2.28799991309643	1.21099995449185	0	cot412_c_3_453	Capnocytophaga sp. oral taxon 412 F0487 [2333 - 105] (REVERSE SENSE) ORF	c_3_453	0					
1929	0.1	0.1	9.02300029993057	9.02300029993057	0	RRRRRtr|K7ERU7|K7ERU7_HUMAN	REVERSED Uncharacterized protein C19orf43 OS=Homo sapiens GN=C19orf43 PE=1 SV=1	HUMAN	0					
1929	0	0.1	7.99999982118607	7.99999982118607	0	RRRRRtr|K7EN60|K7EN60_HUMAN	REVERSED Uncharacterized protein C19orf43 OS=Homo sapiens GN=C19orf43 PE=1 SV=1	HUMAN	0					
1929	0	0.1	9.09100025892258	9.09100025892258	0	RRRRRtr|K7ELS0|K7ELS0_HUMAN	REVERSED Uncharacterized protein C19orf43 OS=Homo sapiens GN=C19orf43 PE=1 SV=1	HUMAN	0					
1929	0	0.1	6.81800022721291	6.81800022721291	0	RRRRRsp|Q9BQ61|CS043_HUMAN	REVERSED Uncharacterized protein C19orf43 OS=Homo sapiens GN=C19orf43 PE=1 SV=1	HUMAN	0					
1930	0.1	0.1	6.75399973988533	2.25099995732307	0	RRRRRsp|Q13164-3|MK07_HUMAN	REVERSED Isoform 3 of Mitogen-activated protein kinase 7 OS=Homo sapiens GN=MAPK7	HUMAN	0					
1930	0	0.1	8.33299979567528	8.33299979567528	0	RRRRRtr|S4R3I1|S4R3I1_HUMAN	REVERSED Mitogen-activated protein kinase 7 (Fragment) OS=Homo sapiens GN=MAPK7 PE=4 SV=1	HUMAN	0					
1930	0	0.1	7.64300003647804	7.64300003647804	0	RRRRRtr|J3KT61|J3KT61_HUMAN	REVERSED Mitogen-activated protein kinase 7 (Fragment) OS=Homo sapiens GN=MAPK7 PE=4 SV=1	HUMAN	0					
1930	0	0.1	4.97899986803532	4.97899986803532	0	RRRRRtr|C9JUK9|C9JUK9_HUMAN	REVERSED Mitogen-activated protein kinase 7 (Fragment) OS=Homo sapiens GN=MAPK7 PE=3 SV=1	HUMAN	0					
1930	0	0.1	1.47099997848272	1.47099997848272	0	RRRRRsp|Q13164|MK07_HUMAN	REVERSED Mitogen-activated protein kinase 7 OS=Homo sapiens GN=MAPK7 PE=1 SV=2	HUMAN	0					
1930	0	0.1	1.30399996414781	1.30399996414781	0	RRRRRENST00000395604_39	REVERSED [2 - 2761] cdna:known chromosome:GRCh37:17:19281636:19286857:1 gene:ENSG00000166484 gene_biotype:protein_coding transcript_biotype:protein_coding	39	0					
1931	0.1	0.1	5.88200017809868	5.88200017809868	0	tr|Q5JYX0|Q5JYX0_HUMAN	Cell division control protein 42 homolog (Fragment) OS=Homo sapiens GN=CDC42 PE=1 SV=1	HUMAN	0					
1931	0	0.1	3.43299992382526	3.43299992382526	0	tr|E7ETU3|E7ETU3_HUMAN	Cell division control protein 42 homolog OS=Homo sapiens GN=CDC42 PE=1 SV=1	HUMAN	0					
1931	0	0.1	4.18800003826618	4.18800003826618	0	sp|P60953|CDC42_HUMAN	Cell division control protein 42 homolog OS=Homo sapiens GN=CDC42 PE=1 SV=2	HUMAN	0					
1931	0	0.1	4.18800003826618	4.18800003826618	0	sp|P60953-1|CDC42_HUMAN	Isoform 1 of Cell division control protein 42 homolog OS=Homo sapiens GN=CDC42	HUMAN	0					
1932	0.1	0.1	5.84399998188019	5.84399998188019	0	sot133_c_4_912	Selenomonas sp. oral taxon 133 F0473 [96487 - 96026] (REVERSE SENSE) ORF	c_4_912	0					
1933	0.1	0.1	13.5800004005432	13.5800004005432	0	sot133_c_3_1139	Selenomonas sp. oral taxon 133 F0473 [306577 - 306335] (REVERSE SENSE) ORF	c_3_1139	0					
1934	0.1	0.1	16.3599997758865	16.3599997758865	0	sgor_c_1_5759	Streptococcus gordonii Challis CH1, ATCC 35105, NCTC7868 [975190 - 975026] (REVERSE SENSE)  ORF	c_1_5759	0					
1935	0.1	0.1	8.92900004982948	8.92900004982948	0	rmuc1724_c_1_11274	Rothia mucilaginosa DY-18 [445611 - 445276] (REVERSE SENSE)  ORF	c_1_11274	0					
1936	0.1	0.1	2.13799998164177	2.13799998164177	0	rcap_c_1_3550	Rhodobacter capsulatus SB 1003 [1156094 - 1157356] TerC family integral membrane protein	c_1_3550	0					
1937	0.1	0.1	20.7499995827675	20.7499995827675	0	lmir_c_3_1157	Lautropia mirabilis ATCC 51599 [330275 - 330433] hypothetical protein	c_3_1157	0					
1938	0.1	0.1	1.85599997639656	1.85599997639656	0	RRRRRvpara_c_1_24282	REVERSED Variovorax paradoxus S110 [3273742 - 3272288] hypothetical protein	c_1_24282	0					
1939	0.1	0.1	11.8600003421307	11.8600003421307	0	ENST00000490535_18	[315 - 845] cdna:pseudogene chromosome:GRCh37:16:69067578:69068424:1 gene:ENSG00000244378 gene_biotype:pseudogene transcript_biotype:transcribed_processed_pseudogene	18	0					
1940	0.09	7.86	88.7000024318695	61.5400016307831	54.3299973011017	RRRRRsp|P02812|PRB2_HUMAN	REVERSED Basic salivary proline-rich protein 2 OS=Homo sapiens GN=PRB2 PE=1 SV=3	HUMAN	6					
1941	0.09	0.1	13.1300002336502	3.03000006824732	0	tr|B4DK69|B4DK69_HUMAN	Aldo-keto reductase family 1 member C2 OS=Homo sapiens GN=AKR1C2 PE=2 SV=1	HUMAN	0					
1941	0	0.1	12.0700001716614	2.78600007295609	0	sp|Q04828|AK1C1_HUMAN	Aldo-keto reductase family 1 member C1 OS=Homo sapiens GN=AKR1C1 PE=1 SV=1	HUMAN	0					
1941	0	0.1	12.0700001716614	2.78600007295609	0	sp|P52895|AK1C2_HUMAN	Aldo-keto reductase family 1 member C2 OS=Homo sapiens GN=AKR1C2 PE=1 SV=3	HUMAN	0					
1941	0	0.1	15.4799997806549	2.78600007295609	0	sp|P17516|AK1C4_HUMAN	Aldo-keto reductase family 1 member C4 OS=Homo sapiens GN=AKR1C4 PE=1 SV=3	HUMAN	0					
1941	0	0.1	9.6670001745224	2.99999993294477	0	tr|S4R3Z2|S4R3Z2_HUMAN	Aldo-keto reductase family 1 member C3 OS=Homo sapiens GN=AKR1C3 PE=1 SV=1	HUMAN	0					
1941	0	0.1	11.6899996995926	3.62900011241436	0	tr|H0Y804|H0Y804_HUMAN	Aldo-keto reductase family 1 member C1 (Fragment) OS=Homo sapiens GN=AKR1C1 PE=4 SV=1	HUMAN	0					
1941	0	0.1	8.97800028324127	2.78600007295609	0	sp|P42330|AK1C3_HUMAN	Aldo-keto reductase family 1 member C3 OS=Homo sapiens GN=AKR1C3 PE=1 SV=4	HUMAN	0					
1941	0	0.1	4.50000017881393	4.50000017881393	0	tr|S4R3P0|S4R3P0_HUMAN	Aldo-keto reductase family 1 member C2 (Fragment) OS=Homo sapiens GN=AKR1C2 PE=4 SV=1	HUMAN	0					
1941	0	0.1	5.80600015819073	5.80600015819073	0	tr|S4R3D5|S4R3D5_HUMAN	Aldo-keto reductase family 1 member C3 (Fragment) OS=Homo sapiens GN=AKR1C3 PE=4 SV=1	HUMAN	0					
1941	0	0.1	4.39000017940998	4.39000017940998	0	tr|A6NHU4|A6NHU4_HUMAN	Aldo-keto reductase family 1 member C1 OS=Homo sapiens GN=AKR1C1 PE=4 SV=1	HUMAN	0					
1941	0	0.1	6.4750000834465	6.4750000834465	0	sp|P52895-2|AK1C2_HUMAN	Isoform 2 of Aldo-keto reductase family 1 member C2 OS=Homo sapiens GN=AKR1C2	HUMAN	0					
1942	0.09	0.1	14.4199997186661	5.11600002646446	0	pden_c_4_1030	Parascardovia denticolens F0305, DSM 10105 [81193 - 80549] hypothetical protein	c_4_1030	0					
1943	0.09	0.1	8.94899964332581	7.78200030326843	0	npol_c_11_150	Neisseria polysaccharea ATCC 43768 [38827 - 40368] amidophosphoribosyltransferase	c_11_150	0					
1944	0.09	0.1	11.3399997353554	6.30299970507622	0	kpne1249_c_1_5855	Klebsiella pneumoniae Kp342 [2060687 - 2061400]  ORF	c_1_5855	0					
1945	0.09	0.1	1.72099992632866	1.72099992632866	0	mlot_c_1_46185	Mesorhizobium loti MAFF303099 [1579465 - 1577897] ATP-binding protein of sugar ABC transporter	c_1_46185	0					
1946	0.09	0.1	11.3600000739098	11.3600000739098	0	ENST00000560493_3	[3 - 266] cdna:known chromosome:GRCh37:15:100105622:100185966:1 gene:ENSG00000068305 gene_biotype:protein_coding transcript_biotype:protein_coding	3	0					
1947	0.09	0.09	2.59399991482496	0.273100007325411	0	tr|I3L0C1|I3L0C1_HUMAN	Serine/threonine-protein kinase SMG1 OS=Homo sapiens GN=SMG1 PE=1 SV=1	HUMAN	0					
1947	0	0.09	2.59499996900558	0.273100007325411	0	sp|Q96Q15|SMG1_HUMAN	Serine/threonine-protein kinase SMG1 OS=Homo sapiens GN=SMG1 PE=1 SV=3	HUMAN	0					
1947	0	0.09	2.28100009262562	0.281600002199411	0	tr|J3KRA9|J3KRA9_HUMAN	Serine/threonine-protein kinase SMG1 (Fragment) OS=Homo sapiens GN=SMG1 PE=1 SV=1	HUMAN	0					
1947	0	0.09	9.8860003054142	1.90099999308586	0	ENST00000522841_24	[73 - 1650] cdna:known chromosome:GRCh37:16:21474526:21531765:-1 gene:ENSG00000180747 gene_biotype:pseudogene transcript_biotype:processed_transcript	24	0					
1947	0	0.09	5.08200004696846	1.81499999016523	0	tr|I3L400|I3L400_HUMAN	Serine/threonine-protein kinase SMG1 (Fragment) OS=Homo sapiens GN=SMG1 PE=1 SV=1	HUMAN	0					
1947	0	0.09	4.61300015449524	1.64700001478195	0	tr|I3L0W2|I3L0W2_HUMAN	Serine/threonine-protein kinase SMG1 OS=Homo sapiens GN=SMG1 PE=1 SV=1	HUMAN	0					
1947	0	0.09	5.37299998104572	2.98500005155802	0	tr|E9PNP6|E9PNP6_HUMAN	Serine/threonine-protein kinase SMG1 (Fragment) OS=Homo sapiens GN=SMG1 PE=1 SV=1	HUMAN	0					
1947	0	0.09	17.8599998354912	17.8599998354912	0	tr|H3BR09|H3BR09_HUMAN	Serine/threonine-protein kinase SMG1 (Fragment) OS=Homo sapiens GN=SMG1 PE=4 SV=1	HUMAN	0					
1947	0	0.09	6.2890000641346	6.2890000641346	0	sp|Q6P435|SMG1L_HUMAN	Putative uncharacterized SMG1-like protein OS=Homo sapiens PE=5 SV=1	HUMAN	0					
1948	0.09	0.09	8.19900035858154	1.20999999344349	0	sp|Q8TF39|ZN483_HUMAN	Zinc finger protein 483 OS=Homo sapiens GN=ZNF483 PE=1 SV=3	HUMAN	0					
1949	0.09	0.09	3.2480001449585	0.696100015193224	0	sp|Q9UKK3|PARP4_HUMAN	Poly [ADP-ribose] polymerase 4 OS=Homo sapiens GN=PARP4 PE=1 SV=3	HUMAN	0					
1950	0.09	0.09	2.45699994266033	0.387899996712804	0	sp|Q9NSI6|BRWD1_HUMAN	Bromodomain and WD repeat-containing protein 1 OS=Homo sapiens GN=BRWD1 PE=1 SV=4	HUMAN	0					
1950	0	0.09	2.22800001502037	0.409300019964576	0	sp|Q9NSI6-3|BRWD1_HUMAN	Isoform C of Bromodomain and WD repeat-containing protein 1 OS=Homo sapiens GN=BRWD1	HUMAN	0					
1950	0	0.09	2.16000005602837	0.396700017154217	0	sp|Q9NSI6-2|BRWD1_HUMAN	Isoform B of Bromodomain and WD repeat-containing protein 1 OS=Homo sapiens GN=BRWD1	HUMAN	0					
1951	0.09	0.09	2.19999998807907	0.421300018206239	0	sp|Q8NFU7|TET1_HUMAN	Methylcytosine dioxygenase TET1 OS=Homo sapiens GN=TET1 PE=1 SV=2	HUMAN	0					
1952	0.09	0.09	5.73199987411499	1.40100000426173	0	tr|C9JS30|C9JS30_HUMAN	Neuronal tyrosine-phosphorylated phosphoinositide-3-kinase adapter 1 OS=Homo sapiens GN=NYAP1 PE=4 SV=1	HUMAN	0					
1952	0	0.09	5.35099990665913	1.30799999460578	0	sp|Q6ZVC0|NYAP1_HUMAN	Neuronal tyrosine-phosphorylated phosphoinositide-3-kinase adapter 1 OS=Homo sapiens GN=NYAP1 PE=1 SV=1	HUMAN	0					
1952	0	0.09	5.34400008618832	1.30599997937679	0	sp|Q6ZVC0-2|NYAP1_HUMAN	Isoform 2 of Neuronal tyrosine-phosphorylated phosphoinositide-3-kinase adapter 1 OS=Homo sapiens GN=NYAP1	HUMAN	0					
1953	0.09	0.09	4.37600016593933	1.64100006222725	0	synsp_sgp_c_1_619	Synergistetes sp. SGP1 [229020 - 231761]  ORF	sgp_c_1_619	0					
1954	0.09	0.09	4.51800003647804	1.50600001215935	0	sp|Q9ULW8|PADI3_HUMAN	Protein-arginine deiminase type-3 OS=Homo sapiens GN=PADI3 PE=1 SV=2	HUMAN	0					
1954	0	0.09	1.50800002738833	1.50800002738833	0	sp|Q9UM07|PADI4_HUMAN	Protein-arginine deiminase type-4 OS=Homo sapiens GN=PADI4 PE=1 SV=2	HUMAN	0					
1955	0.09	0.09	11.1800000071526	2.59499996900558	0	sp|Q12874|SF3A3_HUMAN	Splicing factor 3A subunit 3 OS=Homo sapiens GN=SF3A3 PE=1 SV=1	HUMAN	0					
1955	0	0.09	7.36600011587143	2.90200002491474	0	tr|E7EUT8|E7EUT8_HUMAN	Splicing factor 3A subunit 3 OS=Homo sapiens GN=SF3A3 PE=1 SV=1	HUMAN	0					
1956	0.09	0.09	10.4800000786781	4.78999987244606	0	sp|P07195|LDHB_HUMAN	L-lactate dehydrogenase B chain OS=Homo sapiens GN=LDHB PE=1 SV=2	HUMAN	0					
1956	0	0.09	17.6499992609024	11.7600001394749	0	tr|C9J7H8|C9J7H8_HUMAN	L-lactate dehydrogenase B chain (Fragment) OS=Homo sapiens GN=LDHB PE=1 SV=2	HUMAN	0					
1956	0	0.09	10.3399999439716	6.89700022339821	0	tr|A8MW50|A8MW50_HUMAN	L-lactate dehydrogenase (Fragment) OS=Homo sapiens GN=LDHB PE=1 SV=1	HUMAN	0					
1956	0	0.09	15.6900003552437	15.6900003552437	0	tr|F5H793|F5H793_HUMAN	L-lactate dehydrogenase B chain (Fragment) OS=Homo sapiens GN=LDHB PE=1 SV=1	HUMAN	0					
1957	0.09	0.09	17.2399997711182	6.89700022339821	0	smoo1683_c_20_84	Solobacterium moorei F0204 [22106 - 21672] (REVERSE SENSE) ORF	c_20_84	0					
1958	0.09	0.09	8.50699990987778	1.60499997437	0	nsic_c_23_153	Neisseria sicca ATCC 29256 [26117 - 24249] transglycosylase SLT domain protein	c_23_153	0					
1959	0.09	0.09	28.2400012016296	9.41200032830238	0	RRRRRamas2385_c_15_163	REVERSED Actinomyces massiliensis 4401292 [41489 - 41743]  ORF	c_15_163	0					
1960	0.09	0.09	4.7690000385046	1.04299997910857	0	RRRRRaact_c_1_7883	REVERSED Aggregatibacter actinomycetemcomitans HK1651 [361526 - 359514] ATP-dependent DNA helicase Rep	c_1_7883	0					
1961	0.09	0.09	14.5300000905991	7.69200026988983	0	tr|S4R419|S4R419_HUMAN	Transcription elongation factor A protein 3 OS=Homo sapiens GN=TCEA3 PE=4 SV=1	HUMAN	0					
1961	0	0.09	11.0399998724461	5.84399998188019	0	tr|Q5DR83|Q5DR83_HUMAN	Rhabdomyosarcoma antigen MU-RMS-40.22 OS=Homo sapiens GN=TCEA3 PE=2 SV=1	HUMAN	0					
1961	0	0.09	4.88499999046326	2.58600004017353	0	sp|O75764|TCEA3_HUMAN	Transcription elongation factor A protein 3 OS=Homo sapiens GN=TCEA3 PE=2 SV=2	HUMAN	0					
1962	0.09	0.09	7.47999995946884	4.33100014925003	0	sp|Q6Y1H2|HACD2_HUMAN	Very-long-chain (3R)-3-hydroxyacyl-CoA dehydratase 2 OS=Homo sapiens GN=PTPLB PE=1 SV=1	HUMAN	0					
1963	0.09	0.09	5.72400018572807	3.3670000731945	0	sp|P46777|RL5_HUMAN	60S ribosomal protein L5 OS=Homo sapiens GN=RPL5 PE=1 SV=3	HUMAN	0					
1963	0	0.09	5.38000017404556	3.16499993205071	0	ENST00000370321_15	[34 - 981] cdna:known chromosome:GRCh37:1:93297582:93307481:1 gene:ENSG00000122406 gene_biotype:protein_coding transcript_biotype:protein_coding	15	0					
1964	0.09	0.09	2.46399994939566	2.25900001823902	0	mmul_c_1_1236	Mobiluncus mulieris ATCC 35243 [111640 - 110180] hypothetical protein	c_1_1236	0					
1965	0.09	0.09	4.32300008833408	1.58500000834465	0	lbuch_c_33_18	Lactobacillus buchneri ATCC 11577 [9174 - 11255]  ORF	c_33_18	0					
1966	0.09	0.09	7.93699994683266	3.1750001013279	0	einf1695_c_17_35	Eubacterium infirmum F0142 [19348 - 20103]  ORF	c_17_35	0					
1967	0.09	0.09	10.6700003147125	5.0560001283884	0	bper_c_1_24905	Bordetella pertussis Tohama I ATCC BAA-589, NCTC-13251 [303695 - 303162] hypothetical protein	c_1_24905	0					
1968	0.09	0.09	0.990999955683947	0.675699999555945	0	RRRRRtr|H0Y7T5|H0Y7T5_HUMAN	REVERSED Serine/threonine-protein kinase WNK2 (Fragment) OS=Homo sapiens GN=WNK2 PE=1 SV=1	HUMAN	0					
1968	0	0.09	0.992299988865852	0.676599983125925	0	RRRRRtr|F8W9F9|F8W9F9_HUMAN	REVERSED Serine/threonine-protein kinase WNK2 OS=Homo sapiens GN=WNK2 PE=1 SV=1	HUMAN	0					
1968	0	0.09	2.82400008291006	1.92600004374981	0	RRRRRtr|C9JGD6|C9JGD6_HUMAN	REVERSED Serine/threonine-protein kinase WNK2 OS=Homo sapiens GN=WNK2 PE=1 SV=1	HUMAN	0					
1968	0	0.09	2.78500001877546	1.89900007098913	0	RRRRRtr|A6PVV2|A6PVV2_HUMAN	REVERSED Serine/threonine-protein kinase WNK2 (Fragment) OS=Homo sapiens GN=WNK2 PE=1 SV=1	HUMAN	0					
1968	0	0.09	0.957799982279539	0.652999989688396	0	RRRRRsp|Q9Y3S1|WNK2_HUMAN	REVERSED Serine/threonine-protein kinase WNK2 OS=Homo sapiens GN=WNK2 PE=1 SV=4	HUMAN	0					
1968	0	0.09	0.975999981164932	0.66550001502037	0	RRRRRsp|Q9Y3S1-4|WNK2_HUMAN	REVERSED Isoform 4 of Serine/threonine-protein kinase WNK2 OS=Homo sapiens GN=WNK2	HUMAN	0					
1968	0	0.09	2.82400008291006	1.92600004374981	0	RRRRRsp|Q9Y3S1-3|WNK2_HUMAN	REVERSED Isoform 3 of Serine/threonine-protein kinase WNK2 OS=Homo sapiens GN=WNK2	HUMAN	0					
1968	0	0.09	0.989199988543987	0.674499990418553	0	RRRRRsp|Q9Y3S1-2|WNK2_HUMAN	REVERSED Isoform 2 of Serine/threonine-protein kinase WNK2 OS=Homo sapiens GN=WNK2	HUMAN	0					
1969	0.09	0.09	9.80399996042252	7.19000026583672	0	ENST00000375440_2	[2 - 460] cdna:known chromosome:GRCh37:13:113863858:113917896:1 gene:ENSG00000139842 gene_biotype:protein_coding transcript_biotype:protein_coding	2	0					
1970	0.09	0.09	21.5700000524521	21.5700000524521	0	vpara_c_1_22611	Variovorax paradoxus S110 [3822770 - 3822618] hypothetical protein	c_1_22611	0					
1971	0.09	0.09	3.96800003945827	3.96800003945827	0	sked_c_1_4674	Sanguibacter keddieii DSM 10542 [1694061 - 1694816] hypothetical protein	c_1_4674	0					
1972	0.09	0.09	11.9000002741814	11.9000002741814	0	rcap_c_1_18369	Rhodobacter capsulatus SB 1003 [1629340 - 1629089] hypothetical protein	c_1_18369	0					
1973	0.09	0.09	9.92899984121323	9.92899984121323	0	RRRRRtr|Q5JW57|Q5JW57_HUMAN	REVERSED Kinetochore-associated protein DSN1 homolog (Fragment) OS=Homo sapiens GN=DSN1 PE=4 SV=1	HUMAN	0					
1973	0	0.09	4.93000000715256	4.93000000715256	0	RRRRRtr|Q5JW54|Q5JW54_HUMAN	REVERSED Kinetochore-associated protein DSN1 homolog OS=Homo sapiens GN=DSN1 PE=1 SV=1	HUMAN	0					
1973	0	0.09	5.80900013446808	5.80900013446808	0	RRRRRtr|Q5JW53|Q5JW53_HUMAN	REVERSED Kinetochore-associated protein DSN1 homolog (Fragment) OS=Homo sapiens GN=DSN1 PE=1 SV=1	HUMAN	0					
1973	0	0.09	3.93299981951714	3.93299981951714	0	RRRRRsp|Q9H410|DSN1_HUMAN	REVERSED Kinetochore-associated protein DSN1 homolog OS=Homo sapiens GN=DSN1 PE=1 SV=2	HUMAN	0					
1973	0	0.09	4.11799997091293	4.11799997091293	0	RRRRRsp|Q9H410-4|DSN1_HUMAN	REVERSED Isoform 4 of Kinetochore-associated protein DSN1 homolog OS=Homo sapiens GN=DSN1	HUMAN	0					
1973	0	0.09	5.62199987471104	5.62199987471104	0	RRRRRsp|Q9H410-3|DSN1_HUMAN	REVERSED Isoform 3 of Kinetochore-associated protein DSN1 homolog OS=Homo sapiens GN=DSN1	HUMAN	0					
1973	0	0.09	4.84399981796741	4.84399981796741	0	RRRRRsp|Q9H410-2|DSN1_HUMAN	REVERSED Isoform 2 of Kinetochore-associated protein DSN1 homolog OS=Homo sapiens GN=DSN1	HUMAN	0					
1974	0.09	0.09	12.6599997282028	12.6599997282028	0	RRRRRtr|K7EM75|K7EM75_HUMAN	REVERSED Ubiquitin-conjugating enzyme E2 S OS=Homo sapiens GN=UBE2S PE=1 SV=1	HUMAN	0					
1975	0.09	0.09	4.87800016999245	4.87800016999245	0	RRRRRENST00000544071_5	REVERSED [2 - 493] cdna:known chromosome:GRCh37:1:47124366:47184824:-1 gene:ENSG00000159658 gene_biotype:protein_coding transcript_biotype:protein_coding	5	0					
1976	0.08	1.37	34.4300001859665	8.74300003051758	0	ENST00000527480_13	[154 - 702] cdna:pseudogene chromosome:GRCh37:11:6015106:6016225:-1 gene:ENSG00000254831 gene_biotype:pseudogene transcript_biotype:processed_pseudogene	13	0					
1976	42.4	52.12	65.0699973106384	42.9800003767014	35.1000010967255	sp|P13645|K1C10_HUMAN	Keratin, type I cytoskeletal 10 OS=Homo sapiens GN=KRT10 PE=1 SV=6	HUMAN	37					
1976	22.56	40.58	56.8499982357025	43.3200001716614	38.0699992179871	tr|F5GWP8|F5GWP8_HUMAN	Junction plakoglobin OS=Homo sapiens GN=JUP PE=1 SV=1	HUMAN	30					
1976	4.83	37.13	75.9899973869324	50.8800029754639	40.090000629425	ENST00000311208_20	[3 - 1364] cdna:known chromosome:GRCh37:17:39775689:39780829:-1 gene:ENSG00000128422 gene_biotype:protein_coding transcript_biotype:protein_coding	20	26					
1976	0	52.12	64.740002155304	42.7599996328354	34.9200010299683	ENST00000269576_18	[2 - 1762] cdna:known chromosome:GRCh37:17:38974369:38978847:-1 gene:ENSG00000186395 gene_biotype:protein_coding transcript_biotype:protein_coding	18	37					
1976	0	52.12	59.8699986934662	42.3299998044968	34.5699995756149	sp|K1C10_HUMAN			37					
1976	0	37.13	73.8399982452393	53.4699976444244	42.1299993991852	sp|Q04695|K1C17_HUMAN	Keratin, type I cytoskeletal 17 OS=Homo sapiens GN=KRT17 PE=1 SV=2	HUMAN	26					
1976	0	16.42	72.2899973392487	47.189998626709	36.3599985837936	tr|K7EPJ9|K7EPJ9_HUMAN	Keratin, type I cytoskeletal 17 (Fragment) OS=Homo sapiens GN=KRT17 PE=1 SV=1	HUMAN	12					
1976	0	1.37	23.1199994683266	8.60200002789497	0	ENST00000520711_5	[6 - 563] cdna:pseudogene chromosome:GRCh37:8:41368759:41370040:1 gene:ENSG00000253943 gene_biotype:pseudogene transcript_biotype:processed_pseudogene	5	0					
1977	0.08	0.09	7.90999978780746	1.18100000545383	0	sp|P06737|PYGL_HUMAN	Glycogen phosphorylase, liver form OS=Homo sapiens GN=PYGL PE=1 SV=4	HUMAN	0					
1977	0	0.09	8.24100002646446	1.22999995946884	0	sp|P06737-2|PYGL_HUMAN	Isoform 2 of Glycogen phosphorylase, liver form OS=Homo sapiens GN=PYGL	HUMAN	0					
1977	0	0.09	6.7160002887249	1.22100003063679	0	tr|E9PK47|E9PK47_HUMAN	Phosphorylase OS=Homo sapiens GN=PYGL PE=1 SV=1	HUMAN	0					
1978	0.08	0.09	7.87300020456314	1.51899997144938	0	mot186_c_4_568	Microbacterium sp. oral taxon 186 F0373 [168067 - 170238]  ORF	c_4_568	0					
1979	0.08	0.09	2.95700002461672	0.876200012862682	0	smal1329_c_1_18860	Stenotrophomonas maltophilia K279a [4369362 - 4366624] (REVERSE SENSE)  ORF	c_1_18860	0					
1980	0.08	0.09	3.37600000202656	1.68800000101328	0	sp|Q5T764|IFT1B_HUMAN	Interferon-induced protein with tetratricopeptide repeats 1B OS=Homo sapiens GN=IFIT1B PE=2 SV=1	HUMAN	0					
1981	0.08	0.09	7.38599970936775	7.38599970936775	0	kden_c_13_40	Kingella denitrificans ATCC 33394 [11242 - 11769] hypothetical protein	c_13_40	0					
1982	0.08	0.09	20.9299996495247	9.3019999563694	0	ahae_c_1_9534	Arcanobacterium haemolyticum CCM, DSM 20595, ATCC 9345 [782721 - 782464] hypothetical protein	c_1_9534	0					
1983	0.08	0.09	14.5600005984306	14.5600005984306	0	RRRRRsp|P55000|SLUR1_HUMAN	REVERSED Secreted Ly-6/uPAR-related protein 1 OS=Homo sapiens GN=SLURP1 PE=1 SV=2	HUMAN	0					
1984	0.08	0.09	2.37700007855892	2.37700007855892	0	RRRRRsp|P14866|HNRPL_HUMAN	REVERSED Heterogeneous nuclear ribonucleoprotein L OS=Homo sapiens GN=HNRNPL PE=1 SV=2	HUMAN	0					
1985	0.08	0.09	36.6699993610382	36.6699993610382	0	ENST00000478866_16	[961 - 1050] cdna:known chromosome:GRCh37:1:161172166:161180264:1 gene:ENSG00000158864 gene_biotype:protein_coding transcript_biotype:processed_transcript	16	0					
1986	0.08	0.08	2.72300001233816	0	0	RRRRRsp|Q9P2P6|STAR9_HUMAN	REVERSED StAR-related lipid transfer protein 9 OS=Homo sapiens GN=STARD9 PE=1 SV=3	HUMAN	0					
1987	0.08	0.08	5.81299997866154	0.761200021952391	0	sp|P23470|PTPRG_HUMAN	Receptor-type tyrosine-protein phosphatase gamma OS=Homo sapiens GN=PTPRG PE=1 SV=4	HUMAN	0					
1987	0	0.08	5.43799996376038	0.776800001040101	0	sp|P23470-2|PTPRG_HUMAN	Isoform 2 of Receptor-type tyrosine-protein phosphatase gamma OS=Homo sapiens GN=PTPRG	HUMAN	0					
1988	0.08	0.08	2.68200002610683	0.287399999797344	0	cper_c_10_302	Centipeda periodontii DSM 2778 [70851 - 61456] possible outer membrane autotransporter	c_10_302	0					
1989	0.08	0.08	5.66800013184547	1.31599996238947	0	RRRRRsp|Q8N9B5|JMY_HUMAN	REVERSED Junction-mediating and -regulatory protein OS=Homo sapiens GN=JMY PE=1 SV=2	HUMAN	0					
1989	0	0.08	5.73799982666969	1.33199999108911	0	RRRRRsp|Q8N9B5-2|JMY_HUMAN	REVERSED Isoform 2 of Junction-mediating and -regulatory protein OS=Homo sapiens GN=JMY	HUMAN	0					
1990	0.08	0.08	2.26700007915497	0.287399999797344	0	RRRRRcper_c_10_302	REVERSED Centipeda periodontii DSM 2778 [70851 - 61456] possible outer membrane autotransporter	c_10_302	0					
1991	0.08	0.08	2.47099995613098	0.254400004632771	0	sp|Q9H5I5|PIEZ2_HUMAN	Piezo-type mechanosensitive ion channel component 2 OS=Homo sapiens GN=PIEZO2 PE=1 SV=2	HUMAN	0					
1991	0	0.08	2.4490000680089	0.252100010402501	0	sp|Q9H5I5-4|PIEZ2_HUMAN	Isoform 4 of Piezo-type mechanosensitive ion channel component 2 OS=Homo sapiens GN=PIEZO2	HUMAN	0					
1991	0	0.08	2.52899993211031	0.260300002992153	0	sp|Q9H5I5-2|PIEZ2_HUMAN	Isoform 2 of Piezo-type mechanosensitive ion channel component 2 OS=Homo sapiens GN=PIEZO2	HUMAN	0					
1991	0	0.08	3.64600010216236	3.64600010216236	0	tr|J3KSM7|J3KSM7_HUMAN	Piezo-type mechanosensitive ion channel component 2 (Fragment) OS=Homo sapiens GN=PIEZO2 PE=4 SV=1	HUMAN	0					
1991	0	0.08	0.475199986249208	0.475199986249208	0	tr|J3KRQ5|J3KRQ5_HUMAN	Piezo-type mechanosensitive ion channel component 2 OS=Homo sapiens GN=PIEZO2 PE=4 SV=1	HUMAN	0					
1991	0	0.08	1.24300001189113	1.24300001189113	0	tr|E7EVM7|E7EVM7_HUMAN	Piezo-type mechanosensitive ion channel component 2 OS=Homo sapiens GN=PIEZO2 PE=4 SV=1	HUMAN	0					
1992	0.08	0.08	3.82700003683567	0.55669997818768	0	RRRRRsp|O15440|MRP5_HUMAN	REVERSED Multidrug resistance-associated protein 5 OS=Homo sapiens GN=ABCC5 PE=1 SV=2	HUMAN	0					
1992	0	0.08	3.94500009715557	0.573900016024709	0	RRRRRsp|O15440-5|MRP5_HUMAN	REVERSED Isoform 5 of Multidrug resistance-associated protein 5 OS=Homo sapiens GN=ABCC5	HUMAN	0					
1993	0.08	0.08	2.36600004136562	0.934000033885241	0	tr|F5GWN5|F5GWN5_HUMAN	Phosphatidylinositol 4-phosphate 3-kinase C2 domain-containing subunit beta OS=Homo sapiens GN=PIK3C2B PE=1 SV=1	HUMAN	0					
1993	0	0.08	2.3259999230504	0.918000005185604	0	sp|O00750|P3C2B_HUMAN	Phosphatidylinositol 4-phosphate 3-kinase C2 domain-containing subunit beta OS=Homo sapiens GN=PIK3C2B PE=1 SV=2	HUMAN	0					
1994	0.08	0.08	2.53100004047155	1.22199999168515	0	tmed_c_1_1783	Treponema medium ATCC 700293 [364617 - 361180] (REVERSE SENSE) ORF	c_1_1783	0					
1995	0.08	0.08	2.73499991744757	1.30799999460578	0	sp|Q3KQU3|MA7D1_HUMAN	MAP7 domain-containing protein 1 OS=Homo sapiens GN=MAP7D1 PE=1 SV=1	HUMAN	0					
1995	0	0.08	2.84700002521276	1.36099997907877	0	sp|Q3KQU3-4|MA7D1_HUMAN	Isoform 4 of MAP7 domain-containing protein 1 OS=Homo sapiens GN=MAP7D1	HUMAN	0					
1995	0	0.08	2.86400001496077	1.37000000104308	0	sp|Q3KQU3-2|MA7D1_HUMAN	Isoform 2 of MAP7 domain-containing protein 1 OS=Homo sapiens GN=MAP7D1	HUMAN	0					
1996	0.08	0.08	2.84299999475479	1.11699998378754	0	fper_c_29_38	Fusobacterium periodonticum ATCC 33693 [31848 - 28894] transcription-repair coupling factor	c_29_38	0					
1997	0.08	0.08	19.0099999308586	6.33800029754639	0	amas_c_168_12	Actinomyces massiliensis F0489 [2612 - 3037]  ORF	c_168_12	0					
1998	0.08	0.08	4.33299988508224	1.33300004526973	0	RRRRRsp|Q9P2K5|MYEF2_HUMAN	REVERSED Myelin expression factor 2 OS=Homo sapiens GN=MYEF2 PE=1 SV=3	HUMAN	0					
1998	0	0.08	4.51399981975555	1.38900000602007	0	RRRRRsp|Q9P2K5-2|MYEF2_HUMAN	REVERSED Isoform 2 of Myelin expression factor 2 OS=Homo sapiens GN=MYEF2	HUMAN	0					
1998	0	0.08	13.2799997925758	6.25	0	RRRRRsp|Q9P2K5-4|MYEF2_HUMAN	REVERSED Isoform 4 of Myelin expression factor 2 OS=Homo sapiens GN=MYEF2	HUMAN	0					
1999	0.08	0.08	2.93499995023012	1.15299997851253	0	RRRRRsp|Q02779|M3K10_HUMAN	REVERSED Mitogen-activated protein kinase kinase kinase 10 OS=Homo sapiens GN=MAP3K10 PE=1 SV=3	HUMAN	0					
2000	0.08	0.08	8.12800005078316	1.97000000625849	0	RRRRRsp|P48742|LHX1_HUMAN	REVERSED LIM/homeobox protein Lhx1 OS=Homo sapiens GN=LHX1 PE=1 SV=2	HUMAN	0					
2000	0	0.08	5.47300018370152	1.98999997228384	0	RRRRRsp|Q9H2C1|LHX5_HUMAN	REVERSED LIM/homeobox protein Lhx5 OS=Homo sapiens GN=LHX5 PE=2 SV=1	HUMAN	0					
2001	0.08	0.08	64.9999976158142	16.6700005531311	0	ENST00000426077_3	[1 - 180] cdna:known chromosome:GRCh37:2:120978854:120980984:-1 gene:ENSG00000226479 gene_biotype:protein_coding transcript_biotype:protein_coding	3	0					
2002	0.08	0.08	2.03499998897314	0.740099977701902	0	sp|Q17R98|ZN827_HUMAN	Zinc finger protein 827 OS=Homo sapiens GN=ZNF827 PE=2 SV=1	HUMAN	0					
2002	0	0.08	2.04300004988909	0.742800021544099	0	sp|Q17R98-2|ZN827_HUMAN	Isoform 2 of Zinc finger protein 827 OS=Homo sapiens GN=ZNF827	HUMAN	0					
2003	0.08	0.08	9.69699993729591	4.24199998378754	0	sp|P62136|PP1A_HUMAN	Serine/threonine-protein phosphatase PP1-alpha catalytic subunit OS=Homo sapiens GN=PPP1CA PE=1 SV=1	HUMAN	0					
2003	0	0.08	11.1900001764297	4.89500015974045	0	sp|P62136-3|PP1A_HUMAN	Isoform 3 of Serine/threonine-protein phosphatase PP1-alpha catalytic subunit OS=Homo sapiens GN=PPP1CA	HUMAN	0					
2003	0	0.08	9.38400030136108	4.10600006580353	0	sp|P62136-2|PP1A_HUMAN	Isoform 2 of Serine/threonine-protein phosphatase PP1-alpha catalytic subunit OS=Homo sapiens GN=PPP1CA	HUMAN	0					
2003	0	0.08	4.21699993312359	4.21699993312359	0	tr|F8W0W8|F8W0W8_HUMAN	Serine/threonine-protein phosphatase OS=Homo sapiens GN=PPP1CC PE=1 SV=1	HUMAN	0					
2003	0	0.08	4.60500009357929	4.60500009357929	0	tr|F8VYE8|F8VYE8_HUMAN	Serine/threonine-protein phosphatase OS=Homo sapiens GN=PPP1CC PE=1 SV=1	HUMAN	0					
2003	0	0.08	5.53399994969368	5.53399994969368	0	tr|E9PMD7|E9PMD7_HUMAN	Serine/threonine-protein phosphatase (Fragment) OS=Homo sapiens GN=PPP1CA PE=1 SV=1	HUMAN	0					
2003	0	0.08	4.28100004792213	4.28100004792213	0	sp|P62140|PP1B_HUMAN	Serine/threonine-protein phosphatase PP1-beta catalytic subunit OS=Homo sapiens GN=PPP1CB PE=1 SV=3	HUMAN	0					
2003	0	0.08	4.33400012552738	4.33400012552738	0	sp|P36873|PP1G_HUMAN	Serine/threonine-protein phosphatase PP1-gamma catalytic subunit OS=Homo sapiens GN=PPP1CC PE=1 SV=1	HUMAN	0					
2003	0	0.08	4.15400005877018	4.15400005877018	0	sp|P36873-2|PP1G_HUMAN	Isoform Gamma-2 of Serine/threonine-protein phosphatase PP1-gamma catalytic subunit OS=Homo sapiens GN=PPP1CC	HUMAN	0					
2004	0.08	0.08	4.32399995625019	2.4320000782609	0	aot175_c_1_105	Actinomyces sp. oral taxon 175 F0384 [32625 - 33734] peptidoglycan-binding domain 1	c_1_105	0					
2005	0.08	0.08	1.78299993276596	1.78299993276596	0	sp|Q15637-5|SF01_HUMAN	Isoform 5 of Splicing factor 1 OS=Homo sapiens GN=SF1	HUMAN	0					
2006	0.08	0.08	17.9499998688698	17.9499998688698	0	pflu1300_c_1_28725	Pseudomonas fluorescens Pf-5 [5369544 - 5369194] (REVERSE SENSE)  ORF	c_1_28725	0					
2007	0.08	0.08	10.6600001454353	10.6600001454353	0	npol_c_14_284	Neisseria polysaccharea ATCC 43768 [7119 - 6754] hypothetical protein	c_14_284	0					
2008	0.08	0.08	2.89900004863739	2.89900004863739	0	hpyl_c_1_3861	Helicobacter pylori B38 [384702 - 383668] queA gene product	c_1_3861	0					
2009	0.08	0.08	4.64100018143654	4.64100018143654	0	aot178_c_40_58	Actinomyces sp. oral taxon 178 F0338 [15981 - 16691] hypothetical protein	c_40_58	0					
2010	0.08	0.08	15.2500003576279	15.2500003576279	0	aaph_c_1_5175	Aggregatibacter aphrophilus NJ8700 [1789196 - 1788528] uridine phosphorylase	c_1_5175	0					
2011	0.08	0.08	1.01500004529953	1.01500004529953	0	RRRRRsp|A6H8M9|CDHR4_HUMAN	REVERSED Cadherin-related family member 4 OS=Homo sapiens GN=CDHR4 PE=2 SV=1	HUMAN	0					
2012	0.08	0.08	13.2400006055832	13.2400006055832	0	ENST00000529572_3	[1 - 204] cdna:known chromosome:GRCh37:1:211433289:211452618:1 gene:ENSG00000117625 gene_biotype:protein_coding transcript_biotype:nonsense_mediated_decay	3	0					
2013	0.08	0.08	10.9099999070168	10.9099999070168	0	ENST00000314117_2	[2 - 331] cdna:known chromosome:GRCh37:4:37592422:37687998:-1 gene:ENSG00000181826 gene_biotype:protein_coding transcript_biotype:protein_coding	2	0					
2014	0.07	0.08	5.95100000500679	2.32200007885695	0	RRRRRsp|Q9HB58|SP110_HUMAN	REVERSED Sp110 nuclear body protein OS=Homo sapiens GN=SP110 PE=1 SV=5	HUMAN	0					
2014	0	0.08	7.38700032234192	2.8829999268055	0	RRRRRsp|Q9HB58-7|SP110_HUMAN	REVERSED Isoform 7 of Sp110 nuclear body protein OS=Homo sapiens GN=SP110	HUMAN	0					
2014	0	0.08	5.75000010430813	2.24399995058775	0	RRRRRsp|Q9HB58-6|SP110_HUMAN	REVERSED Isoform 6 of Sp110 nuclear body protein OS=Homo sapiens GN=SP110	HUMAN	0					
2014	0	0.08	7.46800005435944	2.91399993002415	0	RRRRRsp|Q9HB58-3|SP110_HUMAN	REVERSED Isoform 3 of Sp110 nuclear body protein OS=Homo sapiens GN=SP110	HUMAN	0					
2014	0	0.08	10.0500002503395	3.92200015485287	0	RRRRRsp|Q9HB58-2|SP110_HUMAN	REVERSED Isoform 2 of Sp110 nuclear body protein OS=Homo sapiens GN=SP110	HUMAN	0					
2014	0	0.08	4.56999987363815	2.92499996721745	0	RRRRRtr|G5E9C0|G5E9C0_HUMAN	REVERSED SP110 nuclear body protein, isoform CRA_b OS=Homo sapiens GN=SP110 PE=1 SV=1	HUMAN	0					
2014	0	0.08	4.56999987363815	2.92499996721745	0	RRRRRsp|Q9HB58-5|SP110_HUMAN	REVERSED Isoform 5 of Sp110 nuclear body protein OS=Homo sapiens GN=SP110	HUMAN	0					
2015	0.07	0.08	15.6800001859665	4.8650000244379	0	RRRRRtr|Q6R954|Q6R954_HUMAN	REVERSED Polymerase delta interacting protein 46 OS=Homo sapiens GN=PDIP46 PE=1 SV=1	HUMAN	0					
2015	0	0.08	15.3400003910065	4.76199984550476	0	RRRRRtr|F8WEE2|F8WEE2_HUMAN	REVERSED Polymerase delta-interacting protein 3 OS=Homo sapiens GN=POLDIP3 PE=1 SV=1	HUMAN	0					
2015	0	0.08	10.3200003504753	3.2030001282692	0	RRRRRtr|F8WCX5|F8WCX5_HUMAN	REVERSED Polymerase delta-interacting protein 3 OS=Homo sapiens GN=POLDIP3 PE=1 SV=1	HUMAN	0					
2015	0	0.08	6.88799992203712	2.13799998164177	0	RRRRRsp|Q9BY77|PDIP3_HUMAN	REVERSED Polymerase delta-interacting protein 3 OS=Homo sapiens GN=POLDIP3 PE=1 SV=2	HUMAN	0					
2015	0	0.08	7.39800035953522	2.29599997401237	0	RRRRRsp|Q9BY77-2|PDIP3_HUMAN	REVERSED Isoform 2 of Polymerase delta-interacting protein 3 OS=Homo sapiens GN=POLDIP3	HUMAN	0					
2016	0.07	0.08	4.9210000783205	1.96899995207787	0	sp|P11831|SRF_HUMAN	Serum response factor OS=Homo sapiens GN=SRF PE=1 SV=1	HUMAN	0					
2017	0.07	0.08	16.4199993014336	16.4199993014336	0	snox_c_3_65	Selenomonas noxia ATCC 43541 [20098 - 20298] hypothetical protein	c_3_65	0					
2018	0.07	0.08	4.8310000449419	4.8310000449419	0	kkin_c_36_83	Kingella kingae ATCC 23330 [8872 - 8252] hypothetical protein	c_36_83	0					
2019	0.07	0.08	45.6499993801117	45.6499993801117	0	ENST00000506966_6	[146 - 283] cdna:pseudogene chromosome:GRCh37:4:155645738:155646032:1 gene:ENSG00000249074 gene_biotype:pseudogene transcript_biotype:processed_pseudogene	6	0					
2020	0.07	0.07	23.9399999380112	0.389300007373095	0	RRRRRtr|K7EKI0|K7EKI0_HUMAN	REVERSED Envoplakin OS=Homo sapiens GN=EVPL PE=1 SV=1	HUMAN	0					
2020	0	0.07	21.6900005936623	0.393499992787838	0	RRRRRsp|Q92817|EVPL_HUMAN	REVERSED Envoplakin OS=Homo sapiens GN=EVPL PE=1 SV=3	HUMAN	0					
2020	0	0.07	21.3699996471405	0.387599994428456	0	RRRRRENST00000301607_70	REVERSED [162 - 6353] cdna:known chromosome:GRCh37:17:74002926:74023533:-1 gene:ENSG00000167880 gene_biotype:protein_coding transcript_biotype:protein_coding	70	0					
2021	0.07	0.07	4.00799997150898	0.120599998626858	0	tr|F8W9J4|F8W9J4_HUMAN	Dystonin OS=Homo sapiens GN=DST PE=1 SV=1	HUMAN	0					
2021	0	0.07	3.95000018179417	0.118899997323751	0	sp|Q03001|DYST_HUMAN	Dystonin OS=Homo sapiens GN=DST PE=1 SV=4	HUMAN	0					
2021	0	0.07	3.67700010538101	0.116099999286234	0	tr|E9PEB9|E9PEB9_HUMAN	Dystonin OS=Homo sapiens GN=DST PE=1 SV=2	HUMAN	0					
2021	0	0.07	3.76400016248226	0.118899997323751	0	tr|E7ERU2|E7ERU2_HUMAN	Dystonin OS=Homo sapiens GN=DST PE=1 SV=2	HUMAN	0					
2021	0	0.07	3.69900017976761	0.12420000275597	0	tr|J3QTQ0|J3QTQ0_HUMAN	Dystonin OS=Homo sapiens GN=DST PE=1 SV=1	HUMAN	0					
2022	0.07	0.07	12.6599997282028	1.8580000847578	0	RRRRRvpara_c_1_19031	REVERSED Variovorax paradoxus S110 [4995681 - 4993099] LigA	c_1_19031	0					
2023	0.07	0.07	4.05000001192093	0.254700006917119	0	RRRRRsp|Q9UPA5|BSN_HUMAN	REVERSED Protein bassoon OS=Homo sapiens GN=BSN PE=2 SV=4	HUMAN	0					
2024	0.07	0.07	5.41700012981892	1.35399997234344	0	RRRRRsp|Q9Y4C8|RBM19_HUMAN	REVERSED Probable RNA-binding protein 19 OS=Homo sapiens GN=RBM19 PE=1 SV=3	HUMAN	0					
2025	0.07	0.07	10.1800002157688	2.69499998539686	0	pdenta_c_31_16	Prevotella dentalis DSM 3688 [3602 - 4603] hemagglutinin protein HagC	c_31_16	0					
2026	0.07	0.07	23.2999995350838	5.33999986946583	0	ENST00000585159_5	[1 - 618] cdna:known chromosome:GRCh37:18:70203915:70210789:-1 gene:ENSG00000141668 gene_biotype:protein_coding transcript_biotype:protein_coding	5	0					
2027	0.07	0.07	5.8899998664856	2.54399999976158	0	sp|Q9UFB7|ZBT47_HUMAN	Zinc finger and BTB domain-containing protein 47 OS=Homo sapiens GN=ZBTB47 PE=2 SV=3	HUMAN	0					
2027	0	0.07	6.81099966168404	2.94100008904934	0	sp|Q9UFB7-2|ZBT47_HUMAN	Isoform 2 of Zinc finger and BTB domain-containing protein 47 OS=Homo sapiens GN=ZBTB47	HUMAN	0					
2028	0.07	0.07	1.99999995529652	0.615399982780218	0	sp|O15090|ZN536_HUMAN	Zinc finger protein 536 OS=Homo sapiens GN=ZNF536 PE=1 SV=3	HUMAN	0					
2029	0.07	0.07	6.2389999628067	2.01799999922514	0	sexi_c_1_1156	Slackia exigua ATCC 700122 [339209 - 340843] hypothetical protein	c_1_1156	0					
2030	0.07	0.07	4.9150001257658	2.37300004810095	0	rmuc_c_4_257	Rothia mucilaginosa ATCC 25296 [95725 - 97494] dipeptide ABC transporter periplasmic protein	c_4_257	0					
2031	0.07	0.07	8.96599963307381	3.1029999256134	0	edur_c_11_142	Enterococcus durans FB129-CNAB-4 [51575 - 50706] (REVERSE SENSE) ORF	c_11_142	0					
2032	0.07	0.07	10.5700001120567	3.01900003105402	0	daci_c_1_3914	Delftia acidovorans SPH-1 ATCC15668 [1126815 - 1127609] hypothetical protein	c_1_3914	0					
2033	0.07	0.07	11.0699996352196	3.95300015807152	0	RRRRRrcap_c_1_18828	REVERSED Rhodobacter capsulatus SB 1003 [1479696 - 1478938] hypothetical protein	c_1_18828	0					
2034	0.07	0.07	3.1300000846386	1.638999953866	0	synsp_sgp_c_1_3810	Synergistetes sp. SGP1 [1352428 - 1354440]  ORF	sgp_c_1_3810	0					
2035	0.07	0.07	0.896599981933832	0.418400019407272	0	sp|Q9Y6Y1|CMTA1_HUMAN	Calmodulin-binding transcription activator 1 OS=Homo sapiens GN=CAMTA1 PE=1 SV=4	HUMAN	0					
2035	0	0.07	0.904200039803982	0.421900022774935	0	sp|Q9Y6Y1-2|CMTA1_HUMAN	Isoform 2 of Calmodulin-binding transcription activator 1 OS=Homo sapiens GN=CAMTA1	HUMAN	0					
2036	0.07	0.07	2.79699992388487	0.932400021702051	0	sp|P51160|PDE6C_HUMAN	Cone cGMP-specific 3',5'-cyclic phosphodiesterase subunit alpha' OS=Homo sapiens GN=PDE6C PE=1 SV=2	HUMAN	0					
2037	0.07	0.07	4.26100008189678	2.27300003170967	0	sp|P28356|HXD9_HUMAN	Homeobox protein Hox-D9 OS=Homo sapiens GN=HOXD9 PE=1 SV=5	HUMAN	0					
2038	0.07	0.07	6.98899999260902	5.10799996554852	0	sp|P16989|YBOX3_HUMAN	Y-box-binding protein 3 OS=Homo sapiens GN=YBX3 PE=1 SV=4	HUMAN	0					
2038	0	0.07	7.60200023651123	5.55600002408028	0	sp|P16989-3|YBOX3_HUMAN	Isoform 3 of Y-box-binding protein 3 OS=Homo sapiens GN=YBX3	HUMAN	0					
2038	0	0.07	6.27100020647049	6.27100020647049	0	sp|P16989-2|YBOX3_HUMAN	Isoform 2 of Y-box-binding protein 3 OS=Homo sapiens GN=YBX3	HUMAN	0					
2038	0	0.07	5.16300015151501	5.16300015151501	0	ENST00000279550_15	[2 - 1105] cdna:known chromosome:GRCh37:12:10851683:10875906:-1 gene:ENSG00000060138 gene_biotype:protein_coding transcript_biotype:protein_coding	15	0					
2039	0.07	0.07	23.1499999761581	12.0399996638298	0	ppse_c_42_149	Pseudomonas pseudoalcaligenes KF707 [20931 - 20608] (REVERSE SENSE) ORF	c_42_149	0					
2040	0.07	0.07	15.1299998164177	15.1299998164177	0	tr|Q6PL43|Q6PL43_HUMAN	Transmembrane protein 44 OS=Homo sapiens GN=TMEM44 PE=2 SV=1	HUMAN	0					
2041	0.07	0.07	6.38300031423569	6.38300031423569	0	sp|Q5BJH2-2|TM128_HUMAN	Isoform 2 of Transmembrane protein 128 OS=Homo sapiens GN=TMEM128	HUMAN	0					
2042	0.07	0.07	7.51900002360344	7.51900002360344	0	sinfantis_c_11_22	Streptococcus infantis X [10262 - 10660] Histone acetyltransferase Gcn5	c_11_22	0					
2043	0.07	0.07	3.76599989831448	3.76599989831448	0	mlot_c_1_48480	Mesorhizobium loti MAFF303099 [938897 - 938181] hypothetical protein	c_1_48480	0					
2044	0.07	0.07	1.29899997264147	1.29899997264147	0	bper_c_1_16699	Bordetella pertussis Tohama I ATCC BAA-589, NCTC-13251 [2907603 - 2905294] bapC gene product	c_1_16699	0					
2045	0.07	0.07	1.60399992018938	1.60399992018938	0	anae_c_1_8422	Actinomyces naeslundii MG1 [2525702 - 2527384] hypothetical protein	c_1_8422	0					
2046	0.07	0.07	9.85900014638901	9.85900014638901	0	RRRRRtr|M0R2L9|M0R2L9_HUMAN	REVERSED 40S ribosomal protein S19 (Fragment) OS=Homo sapiens GN=RPS19 PE=1 SV=1	HUMAN	0					
2046	0	0.07	6.86300024390221	6.86300024390221	0	RRRRRtr|M0R140|M0R140_HUMAN	REVERSED 40S ribosomal protein S19 (Fragment) OS=Homo sapiens GN=RPS19 PE=1 SV=1	HUMAN	0					
2046	0	0.07	7.00000002980232	7.00000002980232	0	RRRRRtr|M0QYF7|M0QYF7_HUMAN	REVERSED 40S ribosomal protein S19 (Fragment) OS=Homo sapiens GN=RPS19 PE=1 SV=1	HUMAN	0					
2046	0	0.07	9.21100005507469	9.21100005507469	0	RRRRRtr|M0QXK4|M0QXK4_HUMAN	REVERSED 40S ribosomal protein S19 (Fragment) OS=Homo sapiens GN=RPS19 PE=1 SV=1	HUMAN	0					
2046	0	0.07	4.82800006866455	4.82800006866455	0	RRRRRsp|P39019|RS19_HUMAN	REVERSED 40S ribosomal protein S19 OS=Homo sapiens GN=RPS19 PE=1 SV=2	HUMAN	0					
2046	0	0.07	3.55300009250641	3.55300009250641	0	RRRRRENST00000598742_8	REVERSED [217 - 807] cdna:known chromosome:GRCh37:19:42363988:42376994:1 gene:ENSG00000105372 gene_biotype:protein_coding transcript_biotype:protein_coding	8	0					
2047	0.07	0.07	30.5599987506866	30.5599987506866	0	ENST00000399262_57	[3201 - 3308] cdna:known chromosome:GRCh37:10:64926981:65225641:-1 gene:ENSG00000171988 gene_biotype:protein_coding transcript_biotype:protein_coding	57	0					
2048	0.06	0.07	4.23099994659424	1.03200003504753	0	bant_c_1_1186	Bacillus anthracis A0248 [877751 - 880657] cell wall anchor domain-containing protein	c_1_1186	0					
2049	0.06	0.07	13.1600007414818	13.1600007414818	0	bdim_c_23_105	Brevundimonas diminuta ATCC 11568 [21070 - 20843] hypothetical protein	c_23_105	0					
2050	0.06	0.07	3.91499996185303	3.91499996185303	0	RRRRRtr|Q5JXT2|Q5JXT2_HUMAN	REVERSED Nucleolar protein 56 (Fragment) OS=Homo sapiens GN=NOP56 PE=1 SV=1	HUMAN	0					
2050	0	0.07	4.36500012874603	4.36500012874603	0	RRRRRtr|H0YDU4|H0YDU4_HUMAN	REVERSED Nucleolar protein 56 (Fragment) OS=Homo sapiens GN=NOP56 PE=1 SV=1	HUMAN	0					
2050	0	0.07	1.85199994593859	1.85199994593859	0	RRRRRsp|O00567|NOP56_HUMAN	REVERSED Nucleolar protein 56 OS=Homo sapiens GN=NOP56 PE=1 SV=4	HUMAN	0					
2051	0.06	0.06	5.77099993824959	0.0921899976674467	0	RRRRRsp|Q8WZ42-9|TITIN_HUMAN	REVERSED Isoform 9 of Titin OS=Homo sapiens GN=TTN	HUMAN	0					
2051	0	0.06	5.81200011074543	0.0928500026930124	0	RRRRRsp|Q8WZ42-3|TITIN_HUMAN	REVERSED Isoform 3 of Titin OS=Homo sapiens GN=TTN	HUMAN	0					
2051	0	0.06	5.78499995172024	0.0924199994187802	0	RRRRRsp|Q8WZ42-10|TITIN_HUMAN	REVERSED Isoform 10 of Titin OS=Homo sapiens GN=TTN	HUMAN	0					
2051	0	0.04	5.35099990665913	0.0694599992129952	0	RRRRRsp|Q8WZ42-12|TITIN_HUMAN	REVERSED Isoform 12 of Titin OS=Homo sapiens GN=TTN	HUMAN	0					
2051	0	0.04	5.42900003492832	0.0727800012100488	0	RRRRRsp|Q8WZ42|TITIN_HUMAN	REVERSED Titin OS=Homo sapiens GN=TTN PE=1 SV=4	HUMAN	0					
2051	0	0.04	5.40999993681908	0.0725199992302805	0	RRRRRsp|Q8WZ42-8|TITIN_HUMAN	REVERSED Isoform 8 of Titin OS=Homo sapiens GN=TTN	HUMAN	0					
2051	0	0.04	5.44399991631508	0.0729800027329475	0	RRRRRsp|Q8WZ42-2|TITIN_HUMAN	REVERSED Isoform 2 of Titin OS=Homo sapiens GN=TTN	HUMAN	0					
2051	0	0.04	5.40799982845783	0.0724999990779907	0	RRRRRsp|Q8WZ42-13|TITIN_HUMAN	REVERSED Isoform 13 of Titin OS=Homo sapiens GN=TTN	HUMAN	0					
2051	0	0.04	5.32799996435642	0.0743700016755611	0	RRRRRsp|Q8WZ42-7|TITIN_HUMAN	REVERSED Isoform 7 of Titin OS=Homo sapiens GN=TTN	HUMAN	0					
2051	0	0.04	5.52599988877773	0.0759900023695081	0	RRRRRsp|Q8WZ42-5|TITIN_HUMAN	REVERSED Isoform 5 of Titin OS=Homo sapiens GN=TTN	HUMAN	0					
2051	0	0.04	5.35500012338161	0.0747499987483025	0	RRRRRsp|Q8WZ42-4|TITIN_HUMAN	REVERSED Isoform 4 of Titin OS=Homo sapiens GN=TTN	HUMAN	0					
2051	0	0.04	5.35899996757507	0.0747999991290271	0	RRRRRsp|Q8WZ42-11|TITIN_HUMAN	REVERSED Isoform 11 of Titin OS=Homo sapiens GN=TTN	HUMAN	0					
2052	0.06	0.06	23.6399993300438	0	0	sp|Q14247|SRC8_HUMAN	Src substrate cortactin OS=Homo sapiens GN=CTTN PE=1 SV=2	HUMAN	0					
2053	0.06	0.06	2.92600002139807	0.274299993179739	0	RRRRRsp|Q7Z6Z7|HUWE1_HUMAN	REVERSED E3 ubiquitin-protein ligase HUWE1 OS=Homo sapiens GN=HUWE1 PE=1 SV=3	HUMAN	0					
2053	0	0.06	2.93199997395277	0.274899997748435	0	RRRRRsp|Q7Z6Z7-3|HUWE1_HUMAN	REVERSED Isoform 3 of E3 ubiquitin-protein ligase HUWE1 OS=Homo sapiens GN=HUWE1	HUMAN	0					
2053	0	0.06	2.93700005859137	0.275400001555681	0	RRRRRsp|Q7Z6Z7-2|HUWE1_HUMAN	REVERSED Isoform 2 of E3 ubiquitin-protein ligase HUWE1 OS=Homo sapiens GN=HUWE1	HUMAN	0					
2054	0.06	0.06	6.62700012326241	0.670100003480911	0	RRRRRsp|Q2M1P5|KIF7_HUMAN	REVERSED Kinesin-like protein KIF7 OS=Homo sapiens GN=KIF7 PE=1 SV=2	HUMAN	0					
2055	0.06	0.06	2.92199999094009	0.31300000846386	0	RRRRRtr|E9PBC6|E9PBC6_HUMAN	REVERSED Transforming acidic coiled-coil-containing protein 2 OS=Homo sapiens GN=TACC2 PE=1 SV=1	HUMAN	0					
2055	0	0.06	2.97200009226799	0.318500003777444	0	RRRRRtr|E7EMZ9|E7EMZ9_HUMAN	REVERSED Transforming acidic coiled-coil-containing protein 2 OS=Homo sapiens GN=TACC2 PE=1 SV=1	HUMAN	0					
2055	0	0.06	2.84899994730949	0.305299996398389	0	RRRRRsp|O95359|TACC2_HUMAN	REVERSED Transforming acidic coiled-coil-containing protein 2 OS=Homo sapiens GN=TACC2 PE=1 SV=3	HUMAN	0					
2055	0	0.06	2.92600002139807	0.313499988988042	0	RRRRRsp|O95359-3|TACC2_HUMAN	REVERSED Isoform 3 of Transforming acidic coiled-coil-containing protein 2 OS=Homo sapiens GN=TACC2	HUMAN	0					
2056	0.06	0.06	13.0700007081032	2.03699991106987	0	vpara_c_1_11387	Variovorax paradoxus S110 [3724024 - 3725790] hypothetical protein	c_1_11387	0					
2057	0.06	0.06	7.49400034546852	0.936799962073565	0	sp|Q5JQC9|AKAP4_HUMAN	A-kinase anchor protein 4 OS=Homo sapiens GN=AKAP4 PE=1 SV=1	HUMAN	0					
2057	0	0.06	7.57400020956993	0.946700014173985	0	sp|Q5JQC9-2|AKAP4_HUMAN	Isoform 2 of A-kinase anchor protein 4 OS=Homo sapiens GN=AKAP4	HUMAN	0					
2058	0.06	0.06	9.13600027561188	2.49199997633696	0	vpara_c_1_28719	Variovorax paradoxus S110 [1864772 - 1862967] LigA protein	c_1_28719	0					
2059	0.06	0.06	4.3979998677969	0.860400032252073	0	sp|Q9UDT6|CLIP2_HUMAN	CAP-Gly domain-containing linker protein 2 OS=Homo sapiens GN=CLIP2 PE=1 SV=1	HUMAN	0					
2059	0	0.06	4.5499999076128	0.890200026333332	0	sp|Q9UDT6-2|CLIP2_HUMAN	Isoform 2 of CAP-Gly domain-containing linker protein 2 OS=Homo sapiens GN=CLIP2	HUMAN	0					
2060	0.06	0.06	12.3099997639656	1.49800004437566	0	bsub_c_1_16528	Bacillus subtilis str. 168 [1376702 - 1374900] acyl-CoA dehydrogenase	c_1_16528	0					
2061	0.06	0.06	5.40999993681908	0	0	RRRRRsp|O14654|IRS4_HUMAN	REVERSED Insulin receptor substrate 4 OS=Homo sapiens GN=IRS4 PE=1 SV=1	HUMAN	0					
2062	0.06	0.06	7.22900032997131	0	0	RRRRRbcep_c_1_12341	REVERSED Burkholderia cepacia GG4 [2868524 - 2866284] (REVERSE SENSE)  ORF	c_1_12341	0					
2063	0.06	0.06	8.45699980854988	1.77999995648861	0	sp|Q6PIW4|FIGL1_HUMAN	Fidgetin-like protein 1 OS=Homo sapiens GN=FIGNL1 PE=1 SV=2	HUMAN	0					
2063	0	0.06	10.419999808073	4.16699983179569	0	tr|I3L4J1|I3L4J1_HUMAN	Uncharacterized protein (Fragment) OS=Homo sapiens PE=4 SV=2	HUMAN	0					
2063	0	0.06	6.86499997973442	2.74599995464087	0	sp|Q9UN37|VPS4A_HUMAN	Vacuolar protein sorting-associated protein 4A OS=Homo sapiens GN=VPS4A PE=1 SV=1	HUMAN	0					
2063	0	0.06	8.8809996843338	2.13099997490644	0	sp|Q6PIW4-2|FIGL1_HUMAN	Isoform 2 of Fidgetin-like protein 1 OS=Homo sapiens GN=FIGNL1	HUMAN	0					
2063	0	0.06	6.53200000524521	2.70300004631281	0	sp|O75351|VPS4B_HUMAN	Vacuolar protein sorting-associated protein 4B OS=Homo sapiens GN=VPS4B PE=1 SV=2	HUMAN	0					
2063	0	0.06	6.13499991595745	2.45399996638298	0	ENST00000254950_15	[1 - 1467] cdna:known chromosome:GRCh37:16:69345259:69358945:1 gene:ENSG00000132612 gene_biotype:protein_coding transcript_biotype:protein_coding	15	0					
2064	0.06	0.06	7.57099986076355	1.42900003120303	0	RRRRRsp|P23469|PTPRE_HUMAN	REVERSED Receptor-type tyrosine-protein phosphatase epsilon OS=Homo sapiens GN=PTPRE PE=1 SV=1	HUMAN	0					
2064	0	0.06	8.25499966740608	1.55800003558397	0	RRRRRsp|P23469-2|PTPRE_HUMAN	REVERSED Isoform 2 of Receptor-type tyrosine-protein phosphatase epsilon OS=Homo sapiens GN=PTPRE	HUMAN	0					
2064	0	0.06	28.8100004196167	8.47499966621399	0	RRRRRtr|S4R448|S4R448_HUMAN	REVERSED Receptor-type tyrosine-protein phosphatase epsilon OS=Homo sapiens GN=PTPRE PE=4 SV=1	HUMAN	0					
2064	0	0.06	6.34299963712692	1.86599995940924	0	RRRRRtr|S4R2Y5|S4R2Y5_HUMAN	REVERSED Receptor-type tyrosine-protein phosphatase epsilon OS=Homo sapiens GN=PTPRE PE=4 SV=1	HUMAN	0					
2064	0	0.06	6.7110002040863	6.7110002040863	0	RRRRRtr|S4R3B0|S4R3B0_HUMAN	REVERSED Receptor-type tyrosine-protein phosphatase epsilon OS=Homo sapiens GN=PTPRE PE=4 SV=1	HUMAN	0					
2064	0	0.06	7.14299976825714	7.14299976825714	0	RRRRRtr|Q5VWH6|Q5VWH6_HUMAN	REVERSED Receptor-type tyrosine-protein phosphatase epsilon (Fragment) OS=Homo sapiens GN=PTPRE PE=4 SV=1	HUMAN	0					
2064	0	0.06	6.5360002219677	6.5360002219677	0	RRRRRtr|Q5VWH5|Q5VWH5_HUMAN	REVERSED Receptor-type tyrosine-protein phosphatase epsilon (Fragment) OS=Homo sapiens GN=PTPRE PE=4 SV=2	HUMAN	0					
2064	0	0.06	6.89700022339821	6.89700022339821	0	RRRRRtr|B4DRZ3|B4DRZ3_HUMAN	REVERSED Receptor-type tyrosine-protein phosphatase epsilon OS=Homo sapiens GN=PTPRE PE=2 SV=1	HUMAN	0					
2065	0.06	0.06	9.75600033998489	4.87800016999245	0	vpara_c_1_18622	Variovorax paradoxus S110 [5136070 - 5135210] hypothetical protein	c_1_18622	0					
2066	0.06	0.06	7.24600031971931	1.63000002503395	0	tr|H0Y4R5|H0Y4R5_HUMAN	Transmembrane protein 201 (Fragment) OS=Homo sapiens GN=TMEM201 PE=1 SV=1	HUMAN	0					
2066	0	0.06	6.23099990189075	1.4019999653101	0	tr|E9PBR6|E9PBR6_HUMAN	Transmembrane protein 201 OS=Homo sapiens GN=TMEM201 PE=1 SV=1	HUMAN	0					
2066	0	0.06	6.00599981844425	1.35099999606609	0	sp|Q5SNT2|TM201_HUMAN	Transmembrane protein 201 OS=Homo sapiens GN=TMEM201 PE=1 SV=1	HUMAN	0					
2067	0.06	0.06	17.4899995326996	4.03599999845028	0	tr|D6RFX7|D6RFX7_HUMAN	Protein FAM117A (Fragment) OS=Homo sapiens GN=FAM117A PE=1 SV=1	HUMAN	0					
2067	0	0.06	10.8199998736382	1.98699999600649	0	sp|Q9C073|F117A_HUMAN	Protein FAM117A OS=Homo sapiens GN=FAM117A PE=1 SV=1	HUMAN	0					
2067	0	0.06	10.2300003170967	1.87899991869926	0	ENST00000240364_15	[3 - 1439] cdna:known chromosome:GRCh37:17:47787694:47841529:-1 gene:ENSG00000121104 gene_biotype:protein_coding transcript_biotype:protein_coding	15	0					
2068	0.06	0.06	2.4210000410676	0.744900014251471	0	sp|Q9C0D4|Z518B_HUMAN	Zinc finger protein 518B OS=Homo sapiens GN=ZNF518B PE=2 SV=2	HUMAN	0					
2069	0.06	0.06	11.3200001418591	2.63199992477894	0	sp|Q96LY2|CC74B_HUMAN	Coiled-coil domain-containing protein 74B OS=Homo sapiens GN=CCDC74B PE=2 SV=1	HUMAN	0					
2069	0	0.06	10.8499996364117	2.64599993824959	0	sp|Q96AQ1|CC74A_HUMAN	Coiled-coil domain-containing protein 74A OS=Homo sapiens GN=CCDC74A PE=2 SV=1	HUMAN	0					
2069	0	0.06	15.1199996471405	4.87800016999245	0	tr|H7C1C8|H7C1C8_HUMAN	Coiled-coil domain-containing protein 74B (Fragment) OS=Homo sapiens GN=CCDC74B PE=4 SV=1	HUMAN	0					
2069	0	0.06	6.06100000441074	3.03000006824732	0	tr|F5GZA4|F5GZA4_HUMAN	Coiled-coil domain-containing protein 74A OS=Homo sapiens GN=CCDC74A PE=4 SV=1	HUMAN	0					
2069	0	0.06	4.56399992108345	2.07499992102385	0	tr|E7ESC5|E7ESC5_HUMAN	Coiled-coil domain-containing protein 74B OS=Homo sapiens GN=CCDC74B PE=4 SV=1	HUMAN	0					
2070	0.06	0.06	7.62099996209145	5.31199984252453	0	sp|P20061|TCO1_HUMAN	Transcobalamin-1 OS=Homo sapiens GN=TCN1 PE=1 SV=2	HUMAN	0					
2071	0.06	0.06	7.23899975419044	2.52500008791685	0	belk2487_c_3_9046	Bradyrhizobium elkanii USDA 76 [1104734 - 1102953] (REVERSE SENSE) ORF	c_3_9046	0					
2072	0.06	0.06	2.51800008118153	0.944400019943714	0	RRRRRsp|Q60I27|AL2CL_HUMAN	REVERSED ALS2 C-terminal-like protein OS=Homo sapiens GN=ALS2CL PE=1 SV=1	HUMAN	0					
2072	0	0.06	3.84600013494492	1.92300006747246	0	RRRRRsp|Q60I27-3|AL2CL_HUMAN	REVERSED Isoform 3 of ALS2 C-terminal-like protein OS=Homo sapiens GN=ALS2CL	HUMAN	0					
2072	0	0.06	2.3870000615716	1.19399996474385	0	RRRRRsp|Q60I27-2|AL2CL_HUMAN	REVERSED Isoform 2 of ALS2 C-terminal-like protein OS=Homo sapiens GN=ALS2CL	HUMAN	0					
2073	0.06	0.06	1.29399998113513	0.335399992763996	0	RRRRRsp|A7KAX9|RHG32_HUMAN	REVERSED Rho GTPase-activating protein 32 OS=Homo sapiens GN=ARHGAP32 PE=1 SV=1	HUMAN	0					
2073	0	0.06	1.554000005126	0.402799993753433	0	RRRRRsp|A7KAX9-2|RHG32_HUMAN	REVERSED Isoform 2 of Rho GTPase-activating protein 32 OS=Homo sapiens GN=ARHGAP32	HUMAN	0					
2073	0	0.06	1.79699994623661	0.740000000223517	0	RRRRRtr|G3V174|G3V174_HUMAN	REVERSED Rho GTPase-activating protein 32 OS=Homo sapiens GN=ARHGAP32 PE=1 SV=1	HUMAN	0					
2074	0.06	0.06	9.04999971389771	4.9770001322031	0	RRRRRbcep_c_1_9022	REVERSED Burkholderia cepacia GG4 [2978507 - 2979169]  ORF	c_1_9022	0					
2075	0.06	0.06	38.0299985408783	12.6800000667572	0	tsoc_c_3_2188	Treponema socranskii subsp. paredis ATCC 35535 [105237 - 105025] (REVERSE SENSE) ORF	c_3_2188	0					
2076	0.06	0.06	12.950000166893	8.8079996407032	0	sp|Q99929|ASCL2_HUMAN	Achaete-scute homolog 2 OS=Homo sapiens GN=ASCL2 PE=1 SV=2	HUMAN	0					
2077	0.06	0.06	3.49499993026257	1.55300004407763	0	sp|P16298-3|PP2BB_HUMAN	Isoform 3 of Serine/threonine-protein phosphatase 2B catalytic subunit beta isoform OS=Homo sapiens GN=PPP3CB	HUMAN	0					
2078	0.06	0.06	3.11600007116795	1.63199994713068	0	sp|P09917|LOX5_HUMAN	Arachidonate 5-lipoxygenase OS=Homo sapiens GN=ALOX5 PE=1 SV=2	HUMAN	0					
2078	0	0.06	3.2710000872612	1.71300005167723	0	sp|P09917-3|LOX5_HUMAN	Isoform 3 of Arachidonate 5-lipoxygenase OS=Homo sapiens GN=ALOX5	HUMAN	0					
2078	0	0.06	3.40400002896786	1.78299993276596	0	sp|P09917-2|LOX5_HUMAN	Isoform 2 of Arachidonate 5-lipoxygenase OS=Homo sapiens GN=ALOX5	HUMAN	0					
2079	0.06	0.06	5.0670001655817	2.40000002086163	0	pmac_c_9_372	Prevotella maculosa OT 289 [58772 - 56523] family 3 glycosyl hydrolase	c_9_372	0					
2080	0.06	0.06	3.58900018036366	1.36099997907877	0	pflu1300_c_1_25189	Pseudomonas fluorescens Pf-5 [6461274 - 6458851] (REVERSE SENSE)  ORF	c_1_25189	0					
2081	0.06	0.06	3.83299998939037	3.83299998939037	0	kora_c_4_910	Kingella oralis ATCC 51147 [103190 - 102330] hypothetical protein	c_4_910	0					
2082	0.06	0.06	9.1839998960495	4.08199988305569	0	aot175_c_2_1567	Actinomyces sp. oral taxon 175 F0384 [502415 - 503002] hypothetical protein	c_2_1567	0					
2083	0.06	0.06	3.71299982070923	2.51499991863966	0	RRRRRtr|E9PIF2|E9PIF2_HUMAN	REVERSED Probable ATP-dependent RNA helicase DDX10 OS=Homo sapiens GN=DDX10 PE=1 SV=1	HUMAN	0					
2083	0	0.06	3.54299992322922	2.40000002086163	0	RRRRRsp|Q13206|DDX10_HUMAN	REVERSED Probable ATP-dependent RNA helicase DDX10 OS=Homo sapiens GN=DDX10 PE=1 SV=2	HUMAN	0					
2084	0.06	0.06	4.66700010001659	2.22200006246567	0	RRRRRsp|Q9NS86|LANC2_HUMAN	REVERSED LanC-like protein 2 OS=Homo sapiens GN=LANCL2 PE=1 SV=1	HUMAN	0					
2085	0.06	0.06	3.39699983596802	1.91099997609854	0	RRRRRsp|Q92529-2|SHC3_HUMAN	REVERSED Isoform p52 of SHC-transforming protein 3 OS=Homo sapiens GN=SHC3	HUMAN	0					
2085	0	0.06	8.57099965214729	8.57099965214729	0	RRRRRtr|Q5T7I8|Q5T7I8_HUMAN	REVERSED SHC-transforming protein 3 OS=Homo sapiens GN=SHC3 PE=4 SV=1	HUMAN	0					
2085	0	0.06	1.51500003412366	1.51500003412366	0	RRRRRsp|Q92529|SHC3_HUMAN	REVERSED SHC-transforming protein 3 OS=Homo sapiens GN=SHC3 PE=1 SV=1	HUMAN	0					
2086	0.06	0.06	25.2000004053116	10.2399997413158	0	ENST00000587235_3	[1 - 381] cdna:novel chromosome:GRCh37:19:1623947:1652590:-1 gene:ENSG00000071564 gene_biotype:protein_coding transcript_biotype:protein_coding	3	0					
2087	0.06	0.06	13.7299999594688	13.7299999594688	0	tsoc_c_7_337	Treponema socranskii subsp. paredis ATCC 35535 [104787 - 104939]  ORF	c_7_337	0					
2088	0.06	0.06	11.7200002074242	11.7200002074242	0	tr|R4GNE4|R4GNE4_HUMAN	Glutathione peroxidase (Fragment) OS=Homo sapiens GN=GPX4 PE=1 SV=1	HUMAN	0					
2089	0.06	0.06	8.10799971222878	8.10799971222878	0	tr|J3QR48|J3QR48_HUMAN	Importin subunit beta-1 (Fragment) OS=Homo sapiens GN=KPNB1 PE=1 SV=2	HUMAN	0					
2089	0	0.06	1.37000000104308	1.37000000104308	0	sp|Q14974|IMB1_HUMAN	Importin subunit beta-1 OS=Homo sapiens GN=KPNB1 PE=1 SV=2	HUMAN	0					
2089	0	0.06	1.30899995565414	1.30899995565414	0	ENST00000290158_46	[285 - 3035] cdna:known chromosome:GRCh37:17:45727204:45762871:1 gene:ENSG00000108424 gene_biotype:protein_coding transcript_biotype:protein_coding	46	0					
2090	0.06	0.06	3.20699997246265	3.20699997246265	0	tr|F5GZ00|F5GZ00_HUMAN	Calcium/calmodulin-dependent protein kinase kinase 2 OS=Homo sapiens GN=CAMKK2 PE=1 SV=1	HUMAN	0					
2090	0	0.06	1.87100004404783	1.87100004404783	0	sp|Q96RR4|KKCC2_HUMAN	Calcium/calmodulin-dependent protein kinase kinase 2 OS=Homo sapiens GN=CAMKK2 PE=1 SV=2	HUMAN	0					
2090	0	0.06	1.97800006717443	1.97800006717443	0	sp|Q96RR4-7|KKCC2_HUMAN	Isoform 7 of Calcium/calmodulin-dependent protein kinase kinase 2 OS=Homo sapiens GN=CAMKK2	HUMAN	0					
2090	0	0.06	2.24500000476837	2.24500000476837	0	sp|Q96RR4-6|KKCC2_HUMAN	Isoform 6 of Calcium/calmodulin-dependent protein kinase kinase 2 OS=Homo sapiens GN=CAMKK2	HUMAN	0					
2090	0	0.06	2.20899991691113	2.20899991691113	0	sp|Q96RR4-5|KKCC2_HUMAN	Isoform 5 of Calcium/calmodulin-dependent protein kinase kinase 2 OS=Homo sapiens GN=CAMKK2	HUMAN	0					
2090	0	0.06	2.01799999922514	2.01799999922514	0	sp|Q96RR4-4|KKCC2_HUMAN	Isoform 4 of Calcium/calmodulin-dependent protein kinase kinase 2 OS=Homo sapiens GN=CAMKK2	HUMAN	0					
2090	0	0.06	2.03300006687641	2.03300006687641	0	sp|Q96RR4-3|KKCC2_HUMAN	Isoform 3 of Calcium/calmodulin-dependent protein kinase kinase 2 OS=Homo sapiens GN=CAMKK2	HUMAN	0					
2090	0	0.06	2.06400007009506	2.06400007009506	0	sp|Q96RR4-2|KKCC2_HUMAN	Isoform 2 of Calcium/calmodulin-dependent protein kinase kinase 2 OS=Homo sapiens GN=CAMKK2	HUMAN	0					
2091	0.06	0.06	5.16100004315376	5.16100004315376	0	sp|Q969G6|RIFK_HUMAN	Riboflavin kinase OS=Homo sapiens GN=RFK PE=1 SV=2	HUMAN	0					
2092	0.06	0.06	3.86100001633167	3.86100001633167	0	sp|Q3B7T3|BEAN1_HUMAN	Protein BEAN1 OS=Homo sapiens GN=BEAN1 PE=2 SV=2	HUMAN	0					
2092	0	0.06	6.66700005531311	6.66700005531311	0	sp|Q3B7T3-2|BEAN1_HUMAN	Isoform 2 of Protein BEAN1 OS=Homo sapiens GN=BEAN1	HUMAN	0					
2093	0.06	0.06	5.77999986708164	5.77999986708164	0	sp|P60323|NANO3_HUMAN	Nanos homolog 3 OS=Homo sapiens GN=NANOS3 PE=1 SV=1	HUMAN	0					
2093	0	0.06	5.20800016820431	5.20800016820431	0	sp|P60323-2|NANO3_HUMAN	Isoform 2 of Nanos homolog 3 OS=Homo sapiens GN=NANOS3	HUMAN	0					
2094	0.06	0.06	9.52399969100952	9.52399969100952	0	dmic_c_10_37	Dialister micraerophilus DSM 19965 [15241 - 15492] hypothetical protein	c_10_37	0					
2095	0.06	0.06	5.66999986767769	5.66999986767769	0	chom_c_5_253	Cardiobacterium hominis ATCC 15826 [47986 - 47405] Glycosyl transferase-Sulfolipid biosynthesis protein	c_5_253	0					
2096	0.06	0.06	15.0000005960464	15.0000005960464	0	bdim1892_c_80_97	Brevundimonas diminuta 470-4, ATCC 13184 [3857 - 3618] (REVERSE SENSE) ORF	c_80_97	0					
2097	0.06	0.06	25.3199994564056	25.3199994564056	0	bcep_c_2_5478	Burkholderia cepacia GG4 [1737881 - 1738117]  ORF	c_2_5478	0					
2098	0.06	0.06	0.364000000990927	0.364000000990927	0	RRRRRsp|Q4LDE5|SVEP1_HUMAN	REVERSED Sushi, von Willebrand factor type A, EGF and pentraxin domain-containing protein 1 OS=Homo sapiens GN=SVEP1 PE=1 SV=3	HUMAN	0					
2098	0	0.06	0.868400000035763	0.868400000035763	0	RRRRRsp|Q4LDE5-3|SVEP1_HUMAN	REVERSED Isoform 3 of Sushi, von Willebrand factor type A, EGF and pentraxin domain-containing protein 1 OS=Homo sapiens GN=SVEP1	HUMAN	0					
2099	0.06	0.06	2.46900003403425	2.46900003403425	0	RRRRRsp|P08185|CBG_HUMAN	REVERSED Corticosteroid-binding globulin OS=Homo sapiens GN=SERPINA6 PE=1 SV=1	HUMAN	0					
2100	0.06	0.06	8.10799971222878	8.10799971222878	0	NCBIACEA_c_22_162	Eikenella corrodens ATCC 23834 [26932 - 26600] hypothetical protein	c_22_162	0					
2101	0.06	0.06	3.81399989128113	3.81399989128113	0	ENST00000574733_7	[126 - 833] cdna:known chromosome:GRCh37:16:4511692:4526307:-1 gene:ENSG00000153406 gene_biotype:protein_coding transcript_biotype:protein_coding	7	0					
